year,event_type,event_id,start_time,end_time,duration_periods,duration_hours,max_price,min_price,avg_price,avg_imbalance,avg_wind,avg_gas,avg_interconnectors,time_band_at_max_price,regime_group,timestamp_at_max_price,timestamp_at_min_price,max_price_change_within_event,min_price_change_within_event,external_context_needed,research_note,likely_internal_driver,priority_reason,external_event_found,external_event_type,external_asset_name,external_event_start,external_event_end,external_capacity_change_mw,external_source,association_assessment,manual_research_note
2023,large_upward_jump,2023_large_upward_jump_1,2023-01-01 00:00:00+00:00,2023-01-01 00:30:00+00:00,1,0.5,200.0,200.0,200.0,351.6033,11792.0,3282.0,1044.0,night,q1_stress,2023-01-01 00:30:00+00:00,2023-01-01 00:30:00+00:00,208.07,208.07,Check REMIT outage/maintenance events and system conditions within +/- 2 hours of this price movement.,Price moved from -8.07 to 200.0 in one settlement period. This is a candidate for event-led explanation.,sudden_price_movement_check_internal_and_external_context,top_large_upward_jumps_by_price_change,,,,,,,,,
2023,large_downward_reversal,2023_large_downward_reversal_3,2023-01-01 01:00:00+00:00,2023-01-01 01:30:00+00:00,1,0.5,-17.14,-17.14,-17.14,-353.6672,12214.0,2744.0,592.0,night,q1_stress,2023-01-01 01:30:00+00:00,2023-01-01 01:30:00+00:00,-216.14,-216.14,Check REMIT outage/maintenance events and system conditions within +/- 2 hours of this price movement.,Price moved from 199.0 to -17.14 in one settlement period. This is a candidate for event-led explanation.,sudden_price_movement_check_internal_and_external_context,top_large_downward_reversals_by_price_change,,,,,,,,,
2023,large_upward_jump,2023_large_upward_jump_18,2023-01-01 08:30:00+00:00,2023-01-01 09:00:00+00:00,1,0.5,200.0,200.0,200.0,63.3535,10363.0,2629.0,2116.0,morning_ramp,q1_stress,2023-01-01 09:00:00+00:00,2023-01-01 09:00:00+00:00,231.61,231.61,Check REMIT outage/maintenance events and system conditions within +/- 2 hours of this price movement.,Price moved from -31.61 to 200.0 in one settlement period. This is a candidate for event-led explanation.,sudden_price_movement_check_internal_and_external_context,top_large_upward_jumps_by_price_change,,,,,,,,,
2023,large_downward_reversal,2023_large_downward_reversal_37,2023-01-01 18:00:00+00:00,2023-01-01 18:30:00+00:00,1,0.5,50.0,50.0,50.0,-29.6893,6607.0,8599.0,5474.0,evening_peak,q1_stress,2023-01-01 18:30:00+00:00,2023-01-01 18:30:00+00:00,-200.0,-200.0,Check REMIT outage/maintenance events and system conditions within +/- 2 hours of this price movement.,Price moved from 250.0 to 50.0 in one settlement period. This is a candidate for event-led explanation.,sudden_price_movement_check_internal_and_external_context,top_large_downward_reversals_by_price_change,,,,,,,,,
2023,large_upward_jump,2023_large_upward_jump_38,2023-01-01 18:30:00+00:00,2023-01-01 19:00:00+00:00,1,0.5,250.0,250.0,250.0,181.8431,6388.0,8567.0,5580.0,evening_peak,q1_stress,2023-01-01 19:00:00+00:00,2023-01-01 19:00:00+00:00,200.0,200.0,Check REMIT outage/maintenance events and system conditions within +/- 2 hours of this price movement.,Price moved from 50.0 to 250.0 in one settlement period. This is a candidate for event-led explanation.,sudden_price_movement_check_internal_and_external_context,top_large_upward_jumps_by_price_change,,,,,,,,,
2023,large_upward_jump,2023_large_upward_jump_45,2023-01-01 22:00:00+00:00,2023-01-01 22:30:00+00:00,1,0.5,290.0,290.0,290.0,149.1241,4767.0,5039.0,6068.0,late_evening,q1_stress,2023-01-01 22:30:00+00:00,2023-01-01 22:30:00+00:00,248.0,248.0,Check REMIT outage/maintenance events and system conditions within +/- 2 hours of this price movement.,Price moved from 42.0 to 290.0 in one settlement period. This is a candidate for event-led explanation.,sudden_price_movement_check_internal_and_external_context,top_large_upward_jumps_by_price_change,,,,,,,,,
2023,positive_spike_cluster,2023_positive_spike_cluster_3,2023-01-01 22:30:00+00:00,2023-01-01 22:30:00+00:00,1,0.5,290.0,290.0,290.0,149.1241,4767.0,5039.0,6068.0,late_evening,q1_stress,2023-01-01 22:30:00+00:00,2023-01-01 22:30:00+00:00,248.0,248.0,"Check REMIT outage/maintenance, interconnector events, system margin, wind conditions, and fuel-market/system context around this window.","Candidate upward price event. Check whether asset outage, interconnector limitation, low wind, high gas reliance, positive imbalance, or evening timing contributed.",low_wind,top_positive_spike_clusters_by_max_price,,,,,,,,,
2023,negative_price_cluster,2023_negative_price_cluster_3,2023-01-02 03:30:00+00:00,2023-01-02 05:30:00+00:00,5,2.5,-50.0,-95.71,-72.052,-1082.5618,4654.6,3629.0,5070.4,night,q1_stress,2023-01-02 05:30:00+00:00,2023-01-02 04:00:00+00:00,28.0,-66.55,"Check REMIT outage/maintenance, interconnector events, system margin, wind conditions, and fuel-market/system context around this window.","Candidate negative-price event. Check high wind, low demand, negative imbalance, inflexible generation, export/interconnector constraints, and downward balancing pressure.",low_gas+negative_imbalance,top_negative_price_clusters_by_min_price,,,,,,,,,
2023,extreme_spike_cluster,2023_extreme_spike_cluster_1,2023-01-02 16:30:00+00:00,2023-01-02 18:00:00+00:00,4,2.0,300.0,300.0,300.0,566.4722,4978.25,13807.75,7004.5,evening_peak,q1_stress,2023-01-02 16:30:00+00:00,2023-01-02 16:30:00+00:00,71.0,0.0,"Check REMIT outage/maintenance, interconnector events, system margin, wind conditions, and fuel-market/system context around this window.","Candidate upward price event. Check whether asset outage, interconnector limitation, low wind, high gas reliance, positive imbalance, or evening timing contributed.",low_wind+positive_imbalance,all_extreme_spike_clusters,,,,,,,,,
2023,positive_spike_cluster,2023_positive_spike_cluster_4,2023-01-02 16:30:00+00:00,2023-01-02 18:30:00+00:00,5,2.5,300.0,250.0,290.0,486.6883,4909.4,13717.2,7006.4,evening_peak,q1_stress,2023-01-02 16:30:00+00:00,2023-01-02 18:30:00+00:00,71.0,-50.0,"Check REMIT outage/maintenance, interconnector events, system margin, wind conditions, and fuel-market/system context around this window.","Candidate upward price event. Check whether asset outage, interconnector limitation, low wind, high gas reliance, positive imbalance, or evening timing contributed.",low_wind+positive_imbalance,top_positive_spike_clusters_by_max_price,,,,,,,,,
2023,large_upward_jump,2023_large_upward_jump_296,2023-01-07 03:30:00+00:00,2023-01-07 04:00:00+00:00,1,0.5,184.0,184.0,184.0,27.5575,14652.0,3483.0,-4620.0,night,q1_stress,2023-01-07 04:00:00+00:00,2023-01-07 04:00:00+00:00,207.0,207.0,Check REMIT outage/maintenance events and system conditions within +/- 2 hours of this price movement.,Price moved from -23.0 to 184.0 in one settlement period. This is a candidate for event-led explanation.,sudden_price_movement_check_internal_and_external_context,top_large_upward_jumps_by_price_change,,,,,,,,,
2023,large_downward_reversal,2023_large_downward_reversal_318,2023-01-07 14:30:00+00:00,2023-01-07 15:00:00+00:00,1,0.5,-11.79,-11.79,-11.79,-470.417,13778.0,2053.0,6886.0,afternoon,q1_stress,2023-01-07 15:00:00+00:00,2023-01-07 15:00:00+00:00,-199.79,-199.79,Check REMIT outage/maintenance events and system conditions within +/- 2 hours of this price movement.,Price moved from 188.0 to -11.79 in one settlement period. This is a candidate for event-led explanation.,sudden_price_movement_check_internal_and_external_context,top_large_downward_reversals_by_price_change,,,,,,,,,
2023,large_upward_jump,2023_large_upward_jump_330,2023-01-07 20:30:00+00:00,2023-01-07 21:00:00+00:00,1,0.5,189.0,189.0,189.0,413.0999,16431.0,3120.0,-748.0,late_evening,q1_stress,2023-01-07 21:00:00+00:00,2023-01-07 21:00:00+00:00,197.52,197.52,Check REMIT outage/maintenance events and system conditions within +/- 2 hours of this price movement.,Price moved from -8.52 to 189.0 in one settlement period. This is a candidate for event-led explanation.,sudden_price_movement_check_internal_and_external_context,top_large_upward_jumps_by_price_change,,,,,,,,,
2023,large_downward_reversal,2023_large_downward_reversal_335,2023-01-07 23:00:00+00:00,2023-01-07 23:30:00+00:00,1,0.5,-15.2,-15.2,-15.2,-99.1878,32834.0,7270.0,-7816.0,late_evening,q1_stress,2023-01-07 23:30:00+00:00,2023-01-07 23:30:00+00:00,-204.2,-204.2,Check REMIT outage/maintenance events and system conditions within +/- 2 hours of this price movement.,Price moved from 189.0 to -15.2 in one settlement period. This is a candidate for event-led explanation.,sudden_price_movement_check_internal_and_external_context,top_large_downward_reversals_by_price_change,,,,,,,,,
2023,large_downward_reversal,2023_large_downward_reversal_344,2023-01-08 03:30:00+00:00,2023-01-08 04:00:00+00:00,1,0.5,-34.71,-34.71,-34.71,-151.2866,15814.0,3549.0,-5238.0,night,q1_stress,2023-01-08 04:00:00+00:00,2023-01-08 04:00:00+00:00,-229.71,-229.71,Check REMIT outage/maintenance events and system conditions within +/- 2 hours of this price movement.,Price moved from 195.0 to -34.71 in one settlement period. This is a candidate for event-led explanation.,sudden_price_movement_check_internal_and_external_context,top_large_downward_reversals_by_price_change,,,,,,,,,
2023,large_upward_jump,2023_large_upward_jump_444,2023-01-10 05:30:00+00:00,2023-01-10 06:00:00+00:00,1,0.5,197.0,197.0,197.0,66.4424,12584.0,3550.0,2774.0,morning_ramp,q1_stress,2023-01-10 06:00:00+00:00,2023-01-10 06:00:00+00:00,196.95,196.95,Check REMIT outage/maintenance events and system conditions within +/- 2 hours of this price movement.,Price moved from 0.05 to 197.0 in one settlement period. This is a candidate for event-led explanation.,sudden_price_movement_check_internal_and_external_context,top_large_upward_jumps_by_price_change,,,,,,,,,
2023,large_upward_jump,2023_large_upward_jump_480,2023-01-10 23:30:00+00:00,2023-01-11 00:00:00+00:00,1,0.5,190.0,190.0,190.0,119.9763,16689.0,4038.0,-3984.0,night,q1_stress,2023-01-11 00:00:00+00:00,2023-01-11 00:00:00+00:00,213.36,213.36,Check REMIT outage/maintenance events and system conditions within +/- 2 hours of this price movement.,Price moved from -23.36 to 190.0 in one settlement period. This is a candidate for event-led explanation.,sudden_price_movement_check_internal_and_external_context,top_large_upward_jumps_by_price_change,,,,,,,,,
2023,large_downward_reversal,2023_large_downward_reversal_481,2023-01-11 00:00:00+00:00,2023-01-11 00:30:00+00:00,1,0.5,-17.13,-17.13,-17.13,-21.7712,16786.0,3954.0,-3784.0,night,q1_stress,2023-01-11 00:30:00+00:00,2023-01-11 00:30:00+00:00,-207.13,-207.13,Check REMIT outage/maintenance events and system conditions within +/- 2 hours of this price movement.,Price moved from 190.0 to -17.13 in one settlement period. This is a candidate for event-led explanation.,sudden_price_movement_check_internal_and_external_context,top_large_downward_reversals_by_price_change,,,,,,,,,
2023,large_upward_jump,2023_large_upward_jump_490,2023-01-11 04:30:00+00:00,2023-01-11 05:00:00+00:00,1,0.5,190.0,190.0,190.0,40.7132,15369.0,3198.0,-3476.0,night,q1_stress,2023-01-11 05:00:00+00:00,2023-01-11 05:00:00+00:00,201.7104,201.7104,Check REMIT outage/maintenance events and system conditions within +/- 2 hours of this price movement.,Price moved from -11.7104 to 190.0 in one settlement period. This is a candidate for event-led explanation.,sudden_price_movement_check_internal_and_external_context,top_large_upward_jumps_by_price_change,,,,,,,,,
2023,large_downward_reversal,2023_large_downward_reversal_494,2023-01-11 06:30:00+00:00,2023-01-11 07:00:00+00:00,1,0.5,0.0,0.0,0.0,-107.6553,15545.0,3128.0,3494.0,morning_ramp,q1_stress,2023-01-11 07:00:00+00:00,2023-01-11 07:00:00+00:00,-198.0,-198.0,Check REMIT outage/maintenance events and system conditions within +/- 2 hours of this price movement.,Price moved from 198.0 to 0.0 in one settlement period. This is a candidate for event-led explanation.,sudden_price_movement_check_internal_and_external_context,top_large_downward_reversals_by_price_change,,,,,,,,,
2023,large_upward_jump,2023_large_upward_jump_495,2023-01-11 07:00:00+00:00,2023-01-11 07:30:00+00:00,1,0.5,198.0,198.0,198.0,209.1336,16134.0,3515.0,3788.0,morning_ramp,q1_stress,2023-01-11 07:30:00+00:00,2023-01-11 07:30:00+00:00,198.0,198.0,Check REMIT outage/maintenance events and system conditions within +/- 2 hours of this price movement.,Price moved from 0.0 to 198.0 in one settlement period. This is a candidate for event-led explanation.,sudden_price_movement_check_internal_and_external_context,top_large_upward_jumps_by_price_change,,,,,,,,,
2023,large_downward_reversal,2023_large_downward_reversal_523,2023-01-11 21:00:00+00:00,2023-01-11 21:30:00+00:00,1,0.5,0.0,0.0,0.0,-16.9375,14300.0,2347.0,5566.0,late_evening,q1_stress,2023-01-11 21:30:00+00:00,2023-01-11 21:30:00+00:00,-207.0,-207.0,Check REMIT outage/maintenance events and system conditions within +/- 2 hours of this price movement.,Price moved from 207.0 to 0.0 in one settlement period. This is a candidate for event-led explanation.,sudden_price_movement_check_internal_and_external_context,top_large_downward_reversals_by_price_change,,,,,,,,,
2023,large_upward_jump,2023_large_upward_jump_539,2023-01-12 05:00:00+00:00,2023-01-12 05:30:00+00:00,1,0.5,200.0,200.0,200.0,34.6675,10728.0,2756.0,3540.0,night,q1_stress,2023-01-12 05:30:00+00:00,2023-01-12 05:30:00+00:00,200.0,200.0,Check REMIT outage/maintenance events and system conditions within +/- 2 hours of this price movement.,Price moved from 0.0 to 200.0 in one settlement period. This is a candidate for event-led explanation.,sudden_price_movement_check_internal_and_external_context,top_large_upward_jumps_by_price_change,,,,,,,,,
2023,large_downward_reversal,2023_large_downward_reversal_575,2023-01-12 23:00:00+00:00,2023-01-12 23:30:00+00:00,1,0.5,-73.09,-73.09,-73.09,-451.9747,26938.0,4906.0,2276.0,late_evening,q1_stress,2023-01-12 23:30:00+00:00,2023-01-12 23:30:00+00:00,-265.09,-265.09,Check REMIT outage/maintenance events and system conditions within +/- 2 hours of this price movement.,Price moved from 192.0 to -73.09 in one settlement period. This is a candidate for event-led explanation.,sudden_price_movement_check_internal_and_external_context,top_large_downward_reversals_by_price_change,,,,,,,,,
2023,large_downward_reversal,2023_large_downward_reversal_640,2023-01-14 07:30:00+00:00,2023-01-14 08:00:00+00:00,1,0.5,-45.0,-45.0,-45.0,-446.0021,13062.0,2724.0,5194.0,morning_ramp,q1_stress,2023-01-14 08:00:00+00:00,2023-01-14 08:00:00+00:00,-235.0,-235.0,Check REMIT outage/maintenance events and system conditions within +/- 2 hours of this price movement.,Price moved from 190.0 to -45.0 in one settlement period. This is a candidate for event-led explanation.,sudden_price_movement_check_internal_and_external_context,top_large_downward_reversals_by_price_change,,,,,,,,,
2023,positive_spike_cluster,2023_positive_spike_cluster_6,2023-01-15 16:30:00+00:00,2023-01-15 20:00:00+00:00,8,4.0,280.0,250.0,258.125,522.4415,6257.875,13909.5,5762.0,evening_peak,q1_stress,2023-01-15 17:30:00+00:00,2023-01-15 16:30:00+00:00,20.0,-30.0,"Check REMIT outage/maintenance, interconnector events, system margin, wind conditions, and fuel-market/system context around this window.","Candidate upward price event. Check whether asset outage, interconnector limitation, low wind, high gas reliance, positive imbalance, or evening timing contributed.",low_wind+positive_imbalance,top_positive_spike_clusters_by_max_price,,,,,,,,,
2023,positive_spike_cluster,2023_positive_spike_cluster_8,2023-01-19 16:30:00+00:00,2023-01-19 17:30:00+00:00,3,1.5,290.0,260.0,280.0,244.2758,9449.6667,22623.6667,-705.3333,evening_peak,q1_stress,2023-01-19 17:00:00+00:00,2023-01-19 16:30:00+00:00,30.0,0.0,"Check REMIT outage/maintenance, interconnector events, system margin, wind conditions, and fuel-market/system context around this window.","Candidate upward price event. Check whether asset outage, interconnector limitation, low wind, high gas reliance, positive imbalance, or evening timing contributed.",high_gas+positive_imbalance+lower_interconnector_support,top_positive_spike_clusters_by_max_price,,,,,,,,,
2023,positive_spike_cluster,2023_positive_spike_cluster_9,2023-01-21 00:30:00+00:00,2023-01-21 00:30:00+00:00,1,0.5,290.0,290.0,290.0,28.3107,5743.0,9286.0,4770.0,night,q1_stress,2023-01-21 00:30:00+00:00,2023-01-21 00:30:00+00:00,172.4,172.4,"Check REMIT outage/maintenance, interconnector events, system margin, wind conditions, and fuel-market/system context around this window.","Candidate upward price event. Check whether asset outage, interconnector limitation, low wind, high gas reliance, positive imbalance, or evening timing contributed.",low_wind,top_positive_spike_clusters_by_max_price,,,,,,,,,
2023,positive_spike_cluster,2023_positive_spike_cluster_17,2023-01-25 15:00:00+00:00,2023-01-25 17:30:00+00:00,6,3.0,309.0,257.5,286.75,409.8848,8725.3333,22154.8333,-193.0,evening_peak,q1_stress,2023-01-25 17:00:00+00:00,2023-01-25 15:30:00+00:00,32.5,-7.5,"Check REMIT outage/maintenance, interconnector events, system margin, wind conditions, and fuel-market/system context around this window.","Candidate upward price event. Check whether asset outage, interconnector limitation, low wind, high gas reliance, positive imbalance, or evening timing contributed.",high_gas+positive_imbalance+lower_interconnector_support,top_positive_spike_clusters_by_max_price,,,,,,,,,
2023,extreme_spike_cluster,2023_extreme_spike_cluster_2,2023-01-25 17:00:00+00:00,2023-01-25 17:30:00+00:00,2,1.0,309.0,309.0,309.0,259.1976,9227.5,21925.5,8.0,evening_peak,q1_stress,2023-01-25 17:00:00+00:00,2023-01-25 17:00:00+00:00,19.0,0.0,"Check REMIT outage/maintenance, interconnector events, system margin, wind conditions, and fuel-market/system context around this window.","Candidate upward price event. Check whether asset outage, interconnector limitation, low wind, high gas reliance, positive imbalance, or evening timing contributed.",high_gas+positive_imbalance+lower_interconnector_support,all_extreme_spike_clusters,,,,,,,,,
2023,large_downward_reversal,2023_large_downward_reversal_1184,2023-01-25 17:30:00+00:00,2023-01-25 18:00:00+00:00,1,0.5,109.01,109.01,109.01,-401.2337,10433.0,20956.0,376.0,evening_peak,q1_stress,2023-01-25 18:00:00+00:00,2023-01-25 18:00:00+00:00,-199.99,-199.99,Check REMIT outage/maintenance events and system conditions within +/- 2 hours of this price movement.,Price moved from 309.0 to 109.01 in one settlement period. This is a candidate for event-led explanation.,sudden_price_movement_check_internal_and_external_context,top_large_downward_reversals_by_price_change,,,,,,,,,
2023,positive_spike_cluster,2023_positive_spike_cluster_18,2023-01-25 19:00:00+00:00,2023-01-25 19:30:00+00:00,2,1.0,280.08,250.0,265.04,129.2425,10796.5,20742.0,-55.0,evening_peak,q1_stress,2023-01-25 19:00:00+00:00,2023-01-25 19:30:00+00:00,169.08,-30.08,"Check REMIT outage/maintenance, interconnector events, system margin, wind conditions, and fuel-market/system context around this window.","Candidate upward price event. Check whether asset outage, interconnector limitation, low wind, high gas reliance, positive imbalance, or evening timing contributed.",high_gas+lower_interconnector_support,top_positive_spike_clusters_by_max_price,,,,,,,,,
2023,extreme_spike_cluster,2023_extreme_spike_cluster_3,2023-01-26 15:30:00+00:00,2023-01-26 18:00:00+00:00,6,3.0,310.0,304.2895,307.2149,87.5746,7269.5,21007.8333,2394.6667,evening_peak,q1_stress,2023-01-26 16:00:00+00:00,2023-01-26 15:30:00+00:00,190.2895,-4.0,"Check REMIT outage/maintenance, interconnector events, system margin, wind conditions, and fuel-market/system context around this window.","Candidate upward price event. Check whether asset outage, interconnector limitation, low wind, high gas reliance, positive imbalance, or evening timing contributed.",high_gas+low_wind+lower_interconnector_support,all_extreme_spike_clusters,,,,,,,,,
2023,positive_spike_cluster,2023_positive_spike_cluster_19,2023-01-26 15:30:00+00:00,2023-01-26 19:00:00+00:00,8,4.0,310.0,267.0,297.8487,138.4043,6899.0,21005.25,2828.75,evening_peak,q1_stress,2023-01-26 16:00:00+00:00,2023-01-26 19:00:00+00:00,190.2895,-32.5,"Check REMIT outage/maintenance, interconnector events, system margin, wind conditions, and fuel-market/system context around this window.","Candidate upward price event. Check whether asset outage, interconnector limitation, low wind, high gas reliance, positive imbalance, or evening timing contributed.",high_gas+low_wind,top_positive_spike_clusters_by_max_price,,,,,,,,,
2023,large_upward_jump,2023_large_upward_jump_1755,2023-02-06 15:00:00+00:00,2023-02-06 15:30:00+00:00,1,0.5,287.0,287.0,287.0,70.1649,6214.0,19561.0,798.0,afternoon,q1_stress,2023-02-06 15:30:00+00:00,2023-02-06 15:30:00+00:00,200.0,200.0,Check REMIT outage/maintenance events and system conditions within +/- 2 hours of this price movement.,Price moved from 87.0 to 287.0 in one settlement period. This is a candidate for event-led explanation.,sudden_price_movement_check_internal_and_external_context,top_large_upward_jumps_by_price_change,,,,,,,,,
2023,large_downward_reversal,2023_large_downward_reversal_1756,2023-02-06 15:30:00+00:00,2023-02-06 16:00:00+00:00,1,0.5,85.3,85.3,85.3,-428.3828,6163.0,19142.0,3000.0,evening_peak,q1_stress,2023-02-06 16:00:00+00:00,2023-02-06 16:00:00+00:00,-201.7,-201.7,Check REMIT outage/maintenance events and system conditions within +/- 2 hours of this price movement.,Price moved from 287.0 to 85.3 in one settlement period. This is a candidate for event-led explanation.,sudden_price_movement_check_internal_and_external_context,top_large_downward_reversals_by_price_change,,,,,,,,,
2023,positive_spike_cluster,2023_positive_spike_cluster_26,2023-02-06 15:30:00+00:00,2023-02-06 15:30:00+00:00,1,0.5,287.0,287.0,287.0,70.1649,6214.0,19561.0,798.0,afternoon,q1_stress,2023-02-06 15:30:00+00:00,2023-02-06 15:30:00+00:00,200.0,200.0,"Check REMIT outage/maintenance, interconnector events, system margin, wind conditions, and fuel-market/system context around this window.","Candidate upward price event. Check whether asset outage, interconnector limitation, low wind, high gas reliance, positive imbalance, or evening timing contributed.",high_gas+low_wind+lower_interconnector_support,top_positive_spike_clusters_by_max_price,,,,,,,,,
2023,large_upward_jump,2023_large_upward_jump_1759,2023-02-06 17:00:00+00:00,2023-02-06 17:30:00+00:00,1,0.5,289.0,289.0,289.0,110.2465,5539.0,20266.0,4020.0,evening_peak,q1_stress,2023-02-06 17:30:00+00:00,2023-02-06 17:30:00+00:00,202.0,202.0,Check REMIT outage/maintenance events and system conditions within +/- 2 hours of this price movement.,Price moved from 87.0 to 289.0 in one settlement period. This is a candidate for event-led explanation.,sudden_price_movement_check_internal_and_external_context,top_large_upward_jumps_by_price_change,,,,,,,,,
2023,positive_spike_cluster,2023_positive_spike_cluster_27,2023-02-06 17:30:00+00:00,2023-02-06 19:00:00+00:00,4,2.0,289.0,269.0,278.5,181.5255,5380.75,20332.0,4196.5,evening_peak,q1_stress,2023-02-06 17:30:00+00:00,2023-02-06 18:30:00+00:00,202.0,-18.0,"Check REMIT outage/maintenance, interconnector events, system margin, wind conditions, and fuel-market/system context around this window.","Candidate upward price event. Check whether asset outage, interconnector limitation, low wind, high gas reliance, positive imbalance, or evening timing contributed.",high_gas+low_wind+positive_imbalance,top_positive_spike_clusters_by_max_price,,,,,,,,,
2023,positive_spike_cluster,2023_positive_spike_cluster_30,2023-02-07 17:30:00+00:00,2023-02-07 19:30:00+00:00,5,2.5,282.0,280.0,281.6,143.2957,3747.2,20969.2,5162.0,evening_peak,q1_stress,2023-02-07 17:30:00+00:00,2023-02-07 19:30:00+00:00,186.0,-2.0,"Check REMIT outage/maintenance, interconnector events, system margin, wind conditions, and fuel-market/system context around this window.","Candidate upward price event. Check whether asset outage, interconnector limitation, low wind, high gas reliance, positive imbalance, or evening timing contributed.",high_gas+low_wind,top_positive_spike_clusters_by_max_price,,,,,,,,,
2023,positive_spike_cluster,2023_positive_spike_cluster_39,2023-03-05 18:00:00+00:00,2023-03-05 18:30:00+00:00,2,1.0,285.0,285.0,285.0,289.4766,1661.5,21775.5,3824.0,evening_peak,q1_stress,2023-03-05 18:00:00+00:00,2023-03-05 18:00:00+00:00,74.0,0.0,"Check REMIT outage/maintenance, interconnector events, system margin, wind conditions, and fuel-market/system context around this window.","Candidate upward price event. Check whether asset outage, interconnector limitation, low wind, high gas reliance, positive imbalance, or evening timing contributed.",high_gas+low_wind+positive_imbalance,top_positive_spike_clusters_by_max_price,,,,,,,,,
2023,large_upward_jump,2023_large_upward_jump_3148,2023-03-07 15:30:00+00:00,2023-03-07 16:00:00+00:00,1,0.5,400.0,400.0,400.0,50.0044,5043.0,21664.0,1106.0,evening_peak,q1_stress,2023-03-07 16:00:00+00:00,2023-03-07 16:00:00+00:00,300.5,300.5,Check REMIT outage/maintenance events and system conditions within +/- 2 hours of this price movement.,Price moved from 99.5 to 400.0 in one settlement period. This is a candidate for event-led explanation.,sudden_price_movement_check_internal_and_external_context,top_large_upward_jumps_by_price_change,,,,,,,,,
2023,extreme_spike_cluster,2023_extreme_spike_cluster_4,2023-03-07 16:00:00+00:00,2023-03-07 17:00:00+00:00,3,1.5,725.0,400.0,566.6667,132.299,4829.6667,21859.3333,1468.6667,evening_peak,q1_stress,2023-03-07 17:00:00+00:00,2023-03-07 16:00:00+00:00,300.5,150.0,"Check REMIT outage/maintenance, interconnector events, system margin, wind conditions, and fuel-market/system context around this window.","Candidate upward price event. Check whether asset outage, interconnector limitation, low wind, high gas reliance, positive imbalance, or evening timing contributed.",high_gas+low_wind+lower_interconnector_support,all_extreme_spike_clusters,,,,,,,,,
2023,positive_spike_cluster,2023_positive_spike_cluster_40,2023-03-07 16:00:00+00:00,2023-03-07 17:00:00+00:00,3,1.5,725.0,400.0,566.6667,132.299,4829.6667,21859.3333,1468.6667,evening_peak,q1_stress,2023-03-07 17:00:00+00:00,2023-03-07 16:00:00+00:00,300.5,150.0,"Check REMIT outage/maintenance, interconnector events, system margin, wind conditions, and fuel-market/system context around this window.","Candidate upward price event. Check whether asset outage, interconnector limitation, low wind, high gas reliance, positive imbalance, or evening timing contributed.",high_gas+low_wind+lower_interconnector_support,top_positive_spike_clusters_by_max_price,,,,,,,,,
2023,large_downward_reversal,2023_large_downward_reversal_3151,2023-03-07 17:00:00+00:00,2023-03-07 17:30:00+00:00,1,0.5,140.0,140.0,140.0,3.2931,3771.0,22605.0,2434.0,evening_peak,q1_stress,2023-03-07 17:30:00+00:00,2023-03-07 17:30:00+00:00,-585.0,-585.0,Check REMIT outage/maintenance events and system conditions within +/- 2 hours of this price movement.,Price moved from 725.0 to 140.0 in one settlement period. This is a candidate for event-led explanation.,sudden_price_movement_check_internal_and_external_context,top_large_downward_reversals_by_price_change,,,,,,,,,
2023,large_upward_jump,2023_large_upward_jump_3152,2023-03-07 17:30:00+00:00,2023-03-07 18:00:00+00:00,1,0.5,1950.0,1950.0,1950.0,514.5561,3332.0,23431.0,2066.0,evening_peak,q1_stress,2023-03-07 18:00:00+00:00,2023-03-07 18:00:00+00:00,1810.0,1810.0,Check REMIT outage/maintenance events and system conditions within +/- 2 hours of this price movement.,Price moved from 140.0 to 1950.0 in one settlement period. This is a candidate for event-led explanation.,sudden_price_movement_check_internal_and_external_context,top_large_upward_jumps_by_price_change,,,,,,,,,
2023,extreme_spike_cluster,2023_extreme_spike_cluster_5,2023-03-07 18:00:00+00:00,2023-03-07 18:30:00+00:00,2,1.0,1950.0,1950.0,1950.0,612.736,3103.5,23852.0,2171.0,evening_peak,q1_stress,2023-03-07 18:00:00+00:00,2023-03-07 18:00:00+00:00,1810.0,0.0,"Check REMIT outage/maintenance, interconnector events, system margin, wind conditions, and fuel-market/system context around this window.","Candidate upward price event. Check whether asset outage, interconnector limitation, low wind, high gas reliance, positive imbalance, or evening timing contributed.",high_gas+low_wind+positive_imbalance+lower_interconnector_support,all_extreme_spike_clusters,,,,,,,,,
2023,positive_spike_cluster,2023_positive_spike_cluster_41,2023-03-07 18:00:00+00:00,2023-03-07 18:30:00+00:00,2,1.0,1950.0,1950.0,1950.0,612.736,3103.5,23852.0,2171.0,evening_peak,q1_stress,2023-03-07 18:00:00+00:00,2023-03-07 18:00:00+00:00,1810.0,0.0,"Check REMIT outage/maintenance, interconnector events, system margin, wind conditions, and fuel-market/system context around this window.","Candidate upward price event. Check whether asset outage, interconnector limitation, low wind, high gas reliance, positive imbalance, or evening timing contributed.",high_gas+low_wind+positive_imbalance+lower_interconnector_support,top_positive_spike_clusters_by_max_price,,,,,,,,,
2023,large_downward_reversal,2023_large_downward_reversal_3154,2023-03-07 18:30:00+00:00,2023-03-07 19:00:00+00:00,1,0.5,101.4,101.4,101.4,-299.7918,3001.0,22867.0,4636.0,evening_peak,q1_stress,2023-03-07 19:00:00+00:00,2023-03-07 19:00:00+00:00,-1848.6,-1848.6,Check REMIT outage/maintenance events and system conditions within +/- 2 hours of this price movement.,Price moved from 1950.0 to 101.4 in one settlement period. This is a candidate for event-led explanation.,sudden_price_movement_check_internal_and_external_context,top_large_downward_reversals_by_price_change,,,,,,,,,
2023,extreme_spike_cluster,2023_extreme_spike_cluster_6,2023-03-07 20:00:00+00:00,2023-03-07 20:00:00+00:00,1,0.5,300.0,300.0,300.0,107.5025,1435.0,23635.0,4264.0,late_evening,q1_stress,2023-03-07 20:00:00+00:00,2023-03-07 20:00:00+00:00,63.0,63.0,"Check REMIT outage/maintenance, interconnector events, system margin, wind conditions, and fuel-market/system context around this window.","Candidate upward price event. Check whether asset outage, interconnector limitation, low wind, high gas reliance, positive imbalance, or evening timing contributed.",high_gas+low_wind,all_extreme_spike_clusters,,,,,,,,,
2023,positive_spike_cluster,2023_positive_spike_cluster_42,2023-03-07 20:00:00+00:00,2023-03-07 20:00:00+00:00,1,0.5,300.0,300.0,300.0,107.5025,1435.0,23635.0,4264.0,late_evening,q1_stress,2023-03-07 20:00:00+00:00,2023-03-07 20:00:00+00:00,63.0,63.0,"Check REMIT outage/maintenance, interconnector events, system margin, wind conditions, and fuel-market/system context around this window.","Candidate upward price event. Check whether asset outage, interconnector limitation, low wind, high gas reliance, positive imbalance, or evening timing contributed.",high_gas+low_wind,top_positive_spike_clusters_by_max_price,,,,,,,,,
2023,positive_spike_cluster,2023_positive_spike_cluster_43,2023-03-08 17:30:00+00:00,2023-03-08 18:30:00+00:00,3,1.5,284.0,284.0,284.0,354.785,6667.0,22257.6667,3716.6667,evening_peak,q1_stress,2023-03-08 17:30:00+00:00,2023-03-08 17:30:00+00:00,71.0,0.0,"Check REMIT outage/maintenance, interconnector events, system margin, wind conditions, and fuel-market/system context around this window.","Candidate upward price event. Check whether asset outage, interconnector limitation, low wind, high gas reliance, positive imbalance, or evening timing contributed.",high_gas+low_wind+positive_imbalance,top_positive_spike_clusters_by_max_price,,,,,,,,,
2023,large_downward_reversal,2023_large_downward_reversal_3831,2023-03-21 22:00:00+00:00,2023-03-21 22:30:00+00:00,1,0.5,-69.0,-69.0,-69.0,-643.4513,14491.0,4402.0,958.0,late_evening,q1_stress,2023-03-21 22:30:00+00:00,2023-03-21 22:30:00+00:00,-203.95,-203.95,Check REMIT outage/maintenance events and system conditions within +/- 2 hours of this price movement.,Price moved from 134.95 to -69.0 in one settlement period. This is a candidate for event-led explanation.,sudden_price_movement_check_internal_and_external_context,top_large_downward_reversals_by_price_change,,,,,,,,,
2023,large_upward_jump,2023_large_upward_jump_3832,2023-03-21 22:30:00+00:00,2023-03-21 23:00:00+00:00,1,0.5,135.0,135.0,135.0,216.3724,14650.0,4371.0,-276.0,late_evening,q1_stress,2023-03-21 23:00:00+00:00,2023-03-21 23:00:00+00:00,204.0,204.0,Check REMIT outage/maintenance events and system conditions within +/- 2 hours of this price movement.,Price moved from -69.0 to 135.0 in one settlement period. This is a candidate for event-led explanation.,sudden_price_movement_check_internal_and_external_context,top_large_upward_jumps_by_price_change,,,,,,,,,
2023,negative_price_cluster,2023_negative_price_cluster_39,2023-03-24 00:00:00+00:00,2023-03-24 00:30:00+00:00,2,1.0,-70.96,-76.0,-73.48,-619.5512,10211.5,3090.0,5688.0,night,q1_stress,2023-03-24 00:30:00+00:00,2023-03-24 00:00:00+00:00,5.04,-109.0,"Check REMIT outage/maintenance, interconnector events, system margin, wind conditions, and fuel-market/system context around this window.","Candidate negative-price event. Check high wind, low demand, negative imbalance, inflexible generation, export/interconnector constraints, and downward balancing pressure.",high_wind+low_gas+negative_imbalance,top_negative_price_clusters_by_min_price,,,,,,,,,
2023,negative_price_cluster,2023_negative_price_cluster_49,2023-04-10 11:00:00+00:00,2023-04-10 17:00:00+00:00,13,6.5,-16.97,-128.11,-84.3177,-949.7386,10993.2308,2250.0769,3472.4615,midday,apr_sep_quiet,2023-04-10 11:00:00+00:00,2023-04-10 13:30:00+00:00,49.89,-151.47,"Check REMIT outage/maintenance, interconnector events, system margin, wind conditions, and fuel-market/system context around this window.","Candidate negative-price event. Check high wind, low demand, negative imbalance, inflexible generation, export/interconnector constraints, and downward balancing pressure.",high_wind+low_gas+negative_imbalance,top_negative_price_clusters_by_min_price,,,,,,,,,
2023,negative_price_cluster,2023_negative_price_cluster_58,2023-05-28 12:00:00+00:00,2023-05-28 14:30:00+00:00,6,3.0,-50.0,-84.64,-73.2917,-193.493,4602.3333,3147.5,4302.3333,afternoon,apr_sep_quiet,2023-05-28 14:30:00+00:00,2023-05-28 13:00:00+00:00,32.93,-99.38,"Check REMIT outage/maintenance, interconnector events, system margin, wind conditions, and fuel-market/system context around this window.","Candidate negative-price event. Check high wind, low demand, negative imbalance, inflexible generation, export/interconnector constraints, and downward balancing pressure.",low_gas+negative_imbalance,top_negative_price_clusters_by_min_price,,,,,,,,,
2023,negative_price_cluster,2023_negative_price_cluster_60,2023-05-29 11:00:00+00:00,2023-05-29 14:00:00+00:00,7,3.5,-14.8,-155.2011,-75.3573,-216.6822,3874.7143,2752.0,4504.5714,midday,apr_sep_quiet,2023-05-29 11:00:00+00:00,2023-05-29 13:30:00+00:00,80.4311,-104.8,"Check REMIT outage/maintenance, interconnector events, system margin, wind conditions, and fuel-market/system context around this window.","Candidate negative-price event. Check high wind, low demand, negative imbalance, inflexible generation, export/interconnector constraints, and downward balancing pressure.",low_gas+negative_imbalance,top_negative_price_clusters_by_min_price,,,,,,,,,
2023,large_upward_jump,2023_large_upward_jump_7814,2023-06-12 21:30:00+00:00,2023-06-12 22:00:00+00:00,1,0.5,370.0,370.0,370.0,764.3291,3173.0,13282.0,2490.0,late_evening,apr_sep_quiet,2023-06-12 22:00:00+00:00,2023-06-12 22:00:00+00:00,235.0,235.0,Check REMIT outage/maintenance events and system conditions within +/- 2 hours of this price movement.,Price moved from 135.0 to 370.0 in one settlement period. This is a candidate for event-led explanation.,sudden_price_movement_check_internal_and_external_context,top_large_upward_jumps_by_price_change,,,,,,,,,
2023,extreme_spike_cluster,2023_extreme_spike_cluster_7,2023-06-12 22:00:00+00:00,2023-06-12 22:00:00+00:00,1,0.5,370.0,370.0,370.0,764.3291,3173.0,13282.0,2490.0,late_evening,apr_sep_quiet,2023-06-12 22:00:00+00:00,2023-06-12 22:00:00+00:00,235.0,235.0,"Check REMIT outage/maintenance, interconnector events, system margin, wind conditions, and fuel-market/system context around this window.","Candidate upward price event. Check whether asset outage, interconnector limitation, low wind, high gas reliance, positive imbalance, or evening timing contributed.",low_wind+positive_imbalance+lower_interconnector_support,all_extreme_spike_clusters,,,,,,,,,
2023,large_downward_reversal,2023_large_downward_reversal_7815,2023-06-12 22:00:00+00:00,2023-06-12 22:30:00+00:00,1,0.5,137.9962,137.9962,137.9962,644.076,2905.0,12709.0,2578.0,late_evening,apr_sep_quiet,2023-06-12 22:30:00+00:00,2023-06-12 22:30:00+00:00,-232.0038,-232.0038,Check REMIT outage/maintenance events and system conditions within +/- 2 hours of this price movement.,Price moved from 370.0 to 137.99615 in one settlement period. This is a candidate for event-led explanation.,sudden_price_movement_check_internal_and_external_context,top_large_downward_reversals_by_price_change,,,,,,,,,
2023,positive_spike_cluster,2023_positive_spike_cluster_47,2023-06-12 22:00:00+00:00,2023-06-12 22:00:00+00:00,1,0.5,370.0,370.0,370.0,764.3291,3173.0,13282.0,2490.0,late_evening,apr_sep_quiet,2023-06-12 22:00:00+00:00,2023-06-12 22:00:00+00:00,235.0,235.0,"Check REMIT outage/maintenance, interconnector events, system margin, wind conditions, and fuel-market/system context around this window.","Candidate upward price event. Check whether asset outage, interconnector limitation, low wind, high gas reliance, positive imbalance, or evening timing contributed.",low_wind+positive_imbalance+lower_interconnector_support,top_positive_spike_clusters_by_max_price,,,,,,,,,
2023,negative_price_cluster,2023_negative_price_cluster_68,2023-07-01 11:30:00+00:00,2023-07-01 16:30:00+00:00,11,5.5,-5.83,-76.51,-60.0382,-655.7983,10747.9091,3848.4545,-3008.1818,evening_peak,apr_sep_quiet,2023-07-01 16:00:00+00:00,2023-07-01 11:30:00+00:00,44.17,-129.3694,"Check REMIT outage/maintenance, interconnector events, system margin, wind conditions, and fuel-market/system context around this window.","Candidate negative-price event. Check high wind, low demand, negative imbalance, inflexible generation, export/interconnector constraints, and downward balancing pressure.",high_wind+low_gas+negative_imbalance,top_negative_price_clusters_by_min_price,,,,,,,,,
2023,negative_price_cluster,2023_negative_price_cluster_71,2023-07-02 03:00:00+00:00,2023-07-02 05:00:00+00:00,5,2.5,-32.09,-76.0,-65.972,-210.3143,7362.4,3800.8,-2880.8,night,apr_sep_quiet,2023-07-02 05:00:00+00:00,2023-07-02 03:30:00+00:00,42.91,-71.77,"Check REMIT outage/maintenance, interconnector events, system margin, wind conditions, and fuel-market/system context around this window.","Candidate negative-price event. Check high wind, low demand, negative imbalance, inflexible generation, export/interconnector constraints, and downward balancing pressure.",low_gas+negative_imbalance,top_negative_price_clusters_by_min_price,,,,,,,,,
2023,negative_price_cluster,2023_negative_price_cluster_73,2023-07-02 11:30:00+00:00,2023-07-02 15:00:00+00:00,8,4.0,-12.51,-93.13,-66.4688,-586.5483,8028.375,3205.125,1164.25,afternoon,apr_sep_quiet,2023-07-02 15:00:00+00:00,2023-07-02 13:30:00+00:00,47.49,-104.82,"Check REMIT outage/maintenance, interconnector events, system margin, wind conditions, and fuel-market/system context around this window.","Candidate negative-price event. Check high wind, low demand, negative imbalance, inflexible generation, export/interconnector constraints, and downward balancing pressure.",low_gas+negative_imbalance,top_negative_price_clusters_by_min_price,,,,,,,,,
2023,negative_price_cluster,2023_negative_price_cluster_78,2023-07-03 07:30:00+00:00,2023-07-03 09:00:00+00:00,4,2.0,-21.53,-75.08,-54.1525,-381.8397,9992.75,2551.0,4243.5,morning_ramp,apr_sep_quiet,2023-07-03 09:00:00+00:00,2023-07-03 08:00:00+00:00,45.47,-176.0,"Check REMIT outage/maintenance, interconnector events, system margin, wind conditions, and fuel-market/system context around this window.","Candidate negative-price event. Check high wind, low demand, negative imbalance, inflexible generation, export/interconnector constraints, and downward balancing pressure.",low_gas+negative_imbalance,top_negative_price_clusters_by_min_price,,,,,,,,,
2023,negative_price_cluster,2023_negative_price_cluster_97,2023-07-17 12:30:00+00:00,2023-07-17 13:30:00+00:00,3,1.5,-151.23,-185.33,-173.9633,-615.4939,6545.3333,4459.6667,5867.3333,midday,apr_sep_quiet,2023-07-17 12:30:00+00:00,2023-07-17 13:00:00+00:00,0.0,-151.23,"Check REMIT outage/maintenance, interconnector events, system margin, wind conditions, and fuel-market/system context around this window.","Candidate negative-price event. Check high wind, low demand, negative imbalance, inflexible generation, export/interconnector constraints, and downward balancing pressure.",low_gas+negative_imbalance,top_negative_price_clusters_by_min_price,,,,,,,,,
2023,large_upward_jump,2023_large_upward_jump_9478,2023-07-17 13:30:00+00:00,2023-07-17 14:00:00+00:00,1,0.5,89.0,89.0,89.0,78.9332,6849.0,5442.0,3562.0,afternoon,apr_sep_quiet,2023-07-17 14:00:00+00:00,2023-07-17 14:00:00+00:00,274.33,274.33,Check REMIT outage/maintenance events and system conditions within +/- 2 hours of this price movement.,Price moved from -185.33 to 89.0 in one settlement period. This is a candidate for event-led explanation.,sudden_price_movement_check_internal_and_external_context,top_large_upward_jumps_by_price_change,,,,,,,,,
2023,negative_price_cluster,2023_negative_price_cluster_104,2023-08-11 10:30:00+00:00,2023-08-11 12:30:00+00:00,5,2.5,-76.0,-77.31,-76.79,-839.8735,9081.0,2943.8,5729.2,midday,apr_sep_quiet,2023-08-11 10:30:00+00:00,2023-08-11 11:30:00+00:00,0.43,-110.9388,"Check REMIT outage/maintenance, interconnector events, system margin, wind conditions, and fuel-market/system context around this window.","Candidate negative-price event. Check high wind, low demand, negative imbalance, inflexible generation, export/interconnector constraints, and downward balancing pressure.",low_gas+negative_imbalance,top_negative_price_clusters_by_min_price,,,,,,,,,
2023,negative_price_cluster,2023_negative_price_cluster_111,2023-08-19 05:00:00+00:00,2023-08-19 08:30:00+00:00,8,4.0,-20.64,-78.25,-70.1362,-1206.6736,10756.125,3635.375,-190.0,morning_ramp,apr_sep_quiet,2023-08-19 08:30:00+00:00,2023-08-19 06:00:00+00:00,56.24,-143.7204,"Check REMIT outage/maintenance, interconnector events, system margin, wind conditions, and fuel-market/system context around this window.","Candidate negative-price event. Check high wind, low demand, negative imbalance, inflexible generation, export/interconnector constraints, and downward balancing pressure.",high_wind+low_gas+negative_imbalance,top_negative_price_clusters_by_min_price,,,,,,,,,
2023,negative_price_cluster,2023_negative_price_cluster_124,2023-09-19 20:30:00+00:00,2023-09-19 22:30:00+00:00,5,2.5,-61.75,-88.68,-75.686,-460.8758,12321.2,2606.2,1045.6,late_evening,apr_sep_quiet,2023-09-19 20:30:00+00:00,2023-09-19 21:30:00+00:00,12.68,-77.75,"Check REMIT outage/maintenance, interconnector events, system margin, wind conditions, and fuel-market/system context around this window.","Candidate negative-price event. Check high wind, low demand, negative imbalance, inflexible generation, export/interconnector constraints, and downward balancing pressure.",high_wind+low_gas+negative_imbalance,top_negative_price_clusters_by_min_price,,,,,,,,,
2023,negative_price_cluster,2023_negative_price_cluster_125,2023-09-20 01:30:00+00:00,2023-09-20 04:30:00+00:00,7,3.5,-23.8,-75.0,-54.4743,-464.0472,11134.2857,2797.8571,-2253.1429,night,apr_sep_quiet,2023-09-20 01:30:00+00:00,2023-09-20 04:00:00+00:00,20.0,-33.08,"Check REMIT outage/maintenance, interconnector events, system margin, wind conditions, and fuel-market/system context around this window.","Candidate negative-price event. Check high wind, low demand, negative imbalance, inflexible generation, export/interconnector constraints, and downward balancing pressure.",high_wind+low_gas+negative_imbalance,top_negative_price_clusters_by_min_price,,,,,,,,,
2023,negative_price_cluster,2023_negative_price_cluster_132,2023-09-24 23:00:00+00:00,2023-09-25 05:00:00+00:00,13,6.5,-4.16,-89.7,-76.1515,-968.4318,13209.9231,3554.7692,-4458.7692,night,apr_sep_quiet,2023-09-25 05:00:00+00:00,2023-09-25 04:00:00+00:00,83.84,-73.0,"Check REMIT outage/maintenance, interconnector events, system margin, wind conditions, and fuel-market/system context around this window.","Candidate negative-price event. Check high wind, low demand, negative imbalance, inflexible generation, export/interconnector constraints, and downward balancing pressure.",high_wind+low_gas+negative_imbalance,top_negative_price_clusters_by_min_price,,,,,,,,,
2023,negative_price_cluster,2023_negative_price_cluster_147,2023-10-05 13:00:00+00:00,2023-10-05 13:00:00+00:00,1,0.5,-75.0,-75.0,-75.0,-110.1909,10369.0,8926.0,476.0,midday,oct_nov_transition,2023-10-05 13:00:00+00:00,2023-10-05 13:00:00+00:00,-121.0,-121.0,"Check REMIT outage/maintenance, interconnector events, system margin, wind conditions, and fuel-market/system context around this window.","Candidate negative-price event. Check high wind, low demand, negative imbalance, inflexible generation, export/interconnector constraints, and downward balancing pressure.",high_wind,top_negative_price_clusters_by_min_price,,,,,,,,,
2023,negative_price_cluster,2023_negative_price_cluster_148,2023-10-05 22:00:00+00:00,2023-10-06 04:30:00+00:00,14,7.0,-21.53,-84.52,-69.8607,-519.9912,13630.1429,3975.2143,-3275.8571,late_evening,oct_nov_transition,2023-10-05 22:00:00+00:00,2023-10-06 04:00:00+00:00,3.52,-47.53,"Check REMIT outage/maintenance, interconnector events, system margin, wind conditions, and fuel-market/system context around this window.","Candidate negative-price event. Check high wind, low demand, negative imbalance, inflexible generation, export/interconnector constraints, and downward balancing pressure.",high_wind+low_gas+negative_imbalance,top_negative_price_clusters_by_min_price,,,,,,,,,
2023,negative_price_cluster,2023_negative_price_cluster_149,2023-10-06 10:30:00+00:00,2023-10-06 11:30:00+00:00,3,1.5,-0.08,-82.24,-52.1067,-366.2692,14084.0,2133.6667,2726.0,midday,oct_nov_transition,2023-10-06 11:30:00+00:00,2023-10-06 11:00:00+00:00,82.16,-96.65,"Check REMIT outage/maintenance, interconnector events, system margin, wind conditions, and fuel-market/system context around this window.","Candidate negative-price event. Check high wind, low demand, negative imbalance, inflexible generation, export/interconnector constraints, and downward balancing pressure.",high_wind+low_gas+negative_imbalance,top_negative_price_clusters_by_min_price,,,,,,,,,
2023,positive_spike_cluster,2023_positive_spike_cluster_48,2023-10-15 17:30:00+00:00,2023-10-15 17:30:00+00:00,1,0.5,280.0,280.0,280.0,1394.8743,3748.0,13226.0,5304.0,evening_peak,oct_nov_transition,2023-10-15 17:30:00+00:00,2023-10-15 17:30:00+00:00,40.0,40.0,"Check REMIT outage/maintenance, interconnector events, system margin, wind conditions, and fuel-market/system context around this window.","Candidate upward price event. Check whether asset outage, interconnector limitation, low wind, high gas reliance, positive imbalance, or evening timing contributed.",low_wind+positive_imbalance,top_positive_spike_clusters_by_max_price,,,,,,,,,
2023,large_upward_jump,2023_large_upward_jump_13852,2023-10-16 17:00:00+00:00,2023-10-16 17:30:00+00:00,1,0.5,286.0,286.0,286.0,236.392,2839.0,18822.0,4286.0,evening_peak,oct_nov_transition,2023-10-16 17:30:00+00:00,2023-10-16 17:30:00+00:00,232.8,232.8,Check REMIT outage/maintenance events and system conditions within +/- 2 hours of this price movement.,Price moved from 53.2 to 286.0 in one settlement period. This is a candidate for event-led explanation.,sudden_price_movement_check_internal_and_external_context,top_large_upward_jumps_by_price_change,,,,,,,,,
2023,positive_spike_cluster,2023_positive_spike_cluster_49,2023-10-16 17:30:00+00:00,2023-10-16 18:00:00+00:00,2,1.0,310.0,286.0,298.0,278.5133,2951.0,19057.0,4178.0,evening_peak,oct_nov_transition,2023-10-16 18:00:00+00:00,2023-10-16 17:30:00+00:00,232.8,24.0,"Check REMIT outage/maintenance, interconnector events, system margin, wind conditions, and fuel-market/system context around this window.","Candidate upward price event. Check whether asset outage, interconnector limitation, low wind, high gas reliance, positive imbalance, or evening timing contributed.",high_gas+low_wind+positive_imbalance,top_positive_spike_clusters_by_max_price,,,,,,,,,
2023,extreme_spike_cluster,2023_extreme_spike_cluster_8,2023-10-16 18:00:00+00:00,2023-10-16 18:00:00+00:00,1,0.5,310.0,310.0,310.0,320.6346,3063.0,19292.0,4070.0,evening_peak,oct_nov_transition,2023-10-16 18:00:00+00:00,2023-10-16 18:00:00+00:00,24.0,24.0,"Check REMIT outage/maintenance, interconnector events, system margin, wind conditions, and fuel-market/system context around this window.","Candidate upward price event. Check whether asset outage, interconnector limitation, low wind, high gas reliance, positive imbalance, or evening timing contributed.",high_gas+low_wind+positive_imbalance,all_extreme_spike_clusters,,,,,,,,,
2023,large_downward_reversal,2023_large_downward_reversal_14457,2023-10-29 07:30:00+00:00,2023-10-29 08:00:00+00:00,1,0.5,-76.0,-76.0,-76.0,-281.3535,11794.0,3198.0,4158.0,morning_ramp,oct_nov_transition,2023-10-29 08:00:00+00:00,2023-10-29 08:00:00+00:00,-209.0,-209.0,Check REMIT outage/maintenance events and system conditions within +/- 2 hours of this price movement.,Price moved from 133.0 to -76.0 in one settlement period. This is a candidate for event-led explanation.,sudden_price_movement_check_internal_and_external_context,top_large_downward_reversals_by_price_change,,,,,,,,,
2023,large_upward_jump,2023_large_upward_jump_14458,2023-10-29 08:00:00+00:00,2023-10-29 08:30:00+00:00,1,0.5,135.0,135.0,135.0,10.9645,12002.0,3552.0,4164.0,morning_ramp,oct_nov_transition,2023-10-29 08:30:00+00:00,2023-10-29 08:30:00+00:00,211.0,211.0,Check REMIT outage/maintenance events and system conditions within +/- 2 hours of this price movement.,Price moved from -76.0 to 135.0 in one settlement period. This is a candidate for event-led explanation.,sudden_price_movement_check_internal_and_external_context,top_large_upward_jumps_by_price_change,,,,,,,,,
2023,negative_price_cluster,2023_negative_price_cluster_172,2023-10-29 08:00:00+00:00,2023-10-29 08:00:00+00:00,1,0.5,-76.0,-76.0,-76.0,-281.3535,11794.0,3198.0,4158.0,morning_ramp,oct_nov_transition,2023-10-29 08:00:00+00:00,2023-10-29 08:00:00+00:00,-209.0,-209.0,"Check REMIT outage/maintenance, interconnector events, system margin, wind conditions, and fuel-market/system context around this window.","Candidate negative-price event. Check high wind, low demand, negative imbalance, inflexible generation, export/interconnector constraints, and downward balancing pressure.",high_wind+low_gas+negative_imbalance,top_negative_price_clusters_by_min_price,,,,,,,,,
2023,large_downward_reversal,2023_large_downward_reversal_14486,2023-10-29 22:00:00+00:00,2023-10-29 22:30:00+00:00,1,0.5,-80.65,-80.65,-80.65,-502.7319,12670.0,2145.0,3186.0,late_evening,oct_nov_transition,2023-10-29 22:30:00+00:00,2023-10-29 22:30:00+00:00,-214.65,-214.65,Check REMIT outage/maintenance events and system conditions within +/- 2 hours of this price movement.,Price moved from 134.0 to -80.65 in one settlement period. This is a candidate for event-led explanation.,sudden_price_movement_check_internal_and_external_context,top_large_downward_reversals_by_price_change,,,,,,,,,
2023,negative_price_cluster,2023_negative_price_cluster_173,2023-10-29 22:30:00+00:00,2023-10-30 01:30:00+00:00,7,3.5,-71.5,-80.65,-78.8714,-396.2086,13792.4286,2725.7143,2323.4286,late_evening,oct_nov_transition,2023-10-29 23:00:00+00:00,2023-10-29 22:30:00+00:00,9.15,-214.65,"Check REMIT outage/maintenance, interconnector events, system margin, wind conditions, and fuel-market/system context around this window.","Candidate negative-price event. Check high wind, low demand, negative imbalance, inflexible generation, export/interconnector constraints, and downward balancing pressure.",high_wind+low_gas+negative_imbalance,top_negative_price_clusters_by_min_price,,,,,,,,,
2023,large_downward_reversal,2023_large_downward_reversal_15963,2023-11-29 16:30:00+00:00,2023-11-29 17:00:00+00:00,1,0.5,78.01,78.01,78.01,-335.85,3114.0,22160.0,5316.0,evening_peak,oct_nov_transition,2023-11-29 17:00:00+00:00,2023-11-29 17:00:00+00:00,-198.08,-198.08,Check REMIT outage/maintenance events and system conditions within +/- 2 hours of this price movement.,Price moved from 276.09 to 78.01 in one settlement period. This is a candidate for event-led explanation.,sudden_price_movement_check_internal_and_external_context,top_large_downward_reversals_by_price_change,,,,,,,,,
2023,positive_spike_cluster,2023_positive_spike_cluster_52,2023-12-01 18:30:00+00:00,2023-12-01 19:00:00+00:00,2,1.0,300.0,259.6296,279.8148,80.1125,866.5,26230.0,4667.0,evening_peak,dec_windy,2023-12-01 19:00:00+00:00,2023-12-01 18:30:00+00:00,178.6296,40.3704,"Check REMIT outage/maintenance, interconnector events, system margin, wind conditions, and fuel-market/system context around this window.","Candidate upward price event. Check whether asset outage, interconnector limitation, low wind, high gas reliance, positive imbalance, or evening timing contributed.",high_gas+low_wind,top_positive_spike_clusters_by_max_price,,,,,,,,,
2023,extreme_spike_cluster,2023_extreme_spike_cluster_9,2023-12-01 19:00:00+00:00,2023-12-01 19:00:00+00:00,1,0.5,300.0,300.0,300.0,68.1751,811.0,26167.0,4750.0,evening_peak,dec_windy,2023-12-01 19:00:00+00:00,2023-12-01 19:00:00+00:00,40.3704,40.3704,"Check REMIT outage/maintenance, interconnector events, system margin, wind conditions, and fuel-market/system context around this window.","Candidate upward price event. Check whether asset outage, interconnector limitation, low wind, high gas reliance, positive imbalance, or evening timing contributed.",high_gas+low_wind,all_extreme_spike_clusters,,,,,,,,,
2023,large_downward_reversal,2023_large_downward_reversal_16064,2023-12-01 19:00:00+00:00,2023-12-01 19:30:00+00:00,1,0.5,84.0,84.0,84.0,-106.6141,887.0,25843.0,4682.0,evening_peak,dec_windy,2023-12-01 19:30:00+00:00,2023-12-01 19:30:00+00:00,-216.0,-216.0,Check REMIT outage/maintenance events and system conditions within +/- 2 hours of this price movement.,Price moved from 300.0 to 84.0 in one settlement period. This is a candidate for event-led explanation.,sudden_price_movement_check_internal_and_external_context,top_large_downward_reversals_by_price_change,,,,,,,,,
2024,negative_price_cluster,2024_negative_price_cluster_5,2024-01-26 11:00:00+00:00,2024-01-26 14:00:00+00:00,7,3.5,-21.53,-74.0,-47.0686,-449.7756,15049.7143,2389.7143,5165.7143,midday,q1_quiet,2024-01-26 13:00:00+00:00,2024-01-26 11:30:00+00:00,43.47,-39.35,"Check REMIT outage/maintenance, interconnector events, system margin, wind conditions, and fuel-market/system context around this window.","Candidate negative-price event. Check high wind, low demand, negative imbalance, inflexible generation, export/interconnector constraints, and downward balancing pressure.",high_wind+low_gas+negative_imbalance,top_negative_price_clusters_by_min_price,,,,,,,,,
2024,large_upward_jump,2024_large_upward_jump_1356,2024-01-29 05:30:00+00:00,2024-01-29 06:00:00+00:00,1,0.5,145.0,145.0,145.0,784.4421,3626.0,12594.0,726.0,morning_ramp,q1_quiet,2024-01-29 06:00:00+00:00,2024-01-29 06:00:00+00:00,123.95,123.95,Check REMIT outage/maintenance events and system conditions within +/- 2 hours of this price movement.,Price moved from 21.05 to 145.0 in one settlement period. This is a candidate for event-led explanation.,sudden_price_movement_check_internal_and_external_context,top_large_upward_jumps_by_price_change,,,,,,,,,
2024,large_downward_reversal,2024_large_downward_reversal_1996,2024-02-11 13:30:00+00:00,2024-02-11 14:00:00+00:00,1,0.5,-50.0,-50.0,-50.0,-32.7853,4805.0,11141.0,6052.0,afternoon,q1_quiet,2024-02-11 14:00:00+00:00,2024-02-11 14:00:00+00:00,-139.99,-139.99,Check REMIT outage/maintenance events and system conditions within +/- 2 hours of this price movement.,Price moved from 89.99 to -50.0 in one settlement period. This is a candidate for event-led explanation.,sudden_price_movement_check_internal_and_external_context,top_large_downward_reversals_by_price_change,,,,,,,,,
2024,negative_price_cluster,2024_negative_price_cluster_79,2024-04-13 09:30:00+00:00,2024-04-13 15:00:00+00:00,12,6.0,-18.75,-86.34,-42.505,-647.5862,10812.0,1581.0833,1530.6667,morning_ramp,apr_sep_quiet,2024-04-13 09:30:00+00:00,2024-04-13 13:30:00+00:00,67.59,-116.75,"Check REMIT outage/maintenance, interconnector events, system margin, wind conditions, and fuel-market/system context around this window.","Candidate negative-price event. Check high wind, low demand, negative imbalance, inflexible generation, export/interconnector constraints, and downward balancing pressure.",high_wind+low_gas+negative_imbalance,top_negative_price_clusters_by_min_price,,,,,,,,,
2024,large_downward_reversal,2024_large_downward_reversal_4992,2024-04-13 23:30:00+00:00,2024-04-14 00:00:00+00:00,1,0.5,-18.75,-18.75,-18.75,-475.7208,11948.0,3263.0,-1630.0,night,apr_sep_quiet,2024-04-14 00:00:00+00:00,2024-04-14 00:00:00+00:00,-116.75,-116.75,Check REMIT outage/maintenance events and system conditions within +/- 2 hours of this price movement.,Price moved from 98.0 to -18.75 in one settlement period. This is a candidate for event-led explanation.,sudden_price_movement_check_internal_and_external_context,top_large_downward_reversals_by_price_change,,,,,,,,,
2024,negative_price_cluster,2024_negative_price_cluster_83,2024-04-14 07:00:00+00:00,2024-04-14 15:00:00+00:00,17,8.5,-5.48,-85.0,-35.9641,-757.5396,8065.4706,1777.4118,4066.3529,morning_ramp,apr_sep_quiet,2024-04-14 07:00:00+00:00,2024-04-14 13:30:00+00:00,66.25,-21.75,"Check REMIT outage/maintenance, interconnector events, system margin, wind conditions, and fuel-market/system context around this window.","Candidate negative-price event. Check high wind, low demand, negative imbalance, inflexible generation, export/interconnector constraints, and downward balancing pressure.",low_gas+negative_imbalance,top_negative_price_clusters_by_min_price,,,,,,,,,
2024,negative_price_cluster,2024_negative_price_cluster_87,2024-04-15 21:30:00+00:00,2024-04-15 22:00:00+00:00,2,1.0,-3.68,-85.0,-44.34,-500.3465,13901.5,2548.0,910.0,late_evening,apr_sep_quiet,2024-04-15 22:00:00+00:00,2024-04-15 21:30:00+00:00,81.32,-85.14,"Check REMIT outage/maintenance, interconnector events, system margin, wind conditions, and fuel-market/system context around this window.","Candidate negative-price event. Check high wind, low demand, negative imbalance, inflexible generation, export/interconnector constraints, and downward balancing pressure.",high_wind+low_gas+negative_imbalance,top_negative_price_clusters_by_min_price,,,,,,,,,
2024,negative_price_cluster,2024_negative_price_cluster_97,2024-05-11 10:00:00+00:00,2024-05-11 14:30:00+00:00,10,5.0,-25.48,-91.82,-52.8599,-353.4369,4253.5,2339.7,4323.2,midday,apr_sep_quiet,2024-05-11 10:00:00+00:00,2024-05-11 12:00:00+00:00,45.4799,-75.49,"Check REMIT outage/maintenance, interconnector events, system margin, wind conditions, and fuel-market/system context around this window.","Candidate negative-price event. Check high wind, low demand, negative imbalance, inflexible generation, export/interconnector constraints, and downward balancing pressure.",low_gas+negative_imbalance,top_negative_price_clusters_by_min_price,,,,,,,,,
2024,negative_price_cluster,2024_negative_price_cluster_110,2024-06-05 15:00:00+00:00,2024-06-05 17:00:00+00:00,5,2.5,-17.0,-89.1,-43.228,-490.8691,9177.6,3068.2,4861.6,evening_peak,apr_sep_quiet,2024-06-05 17:00:00+00:00,2024-06-05 15:30:00+00:00,42.48,-91.52,"Check REMIT outage/maintenance, interconnector events, system margin, wind conditions, and fuel-market/system context around this window.","Candidate negative-price event. Check high wind, low demand, negative imbalance, inflexible generation, export/interconnector constraints, and downward balancing pressure.",low_gas+negative_imbalance,top_negative_price_clusters_by_min_price,,,,,,,,,
2024,negative_price_cluster,2024_negative_price_cluster_114,2024-06-07 11:30:00+00:00,2024-06-07 15:00:00+00:00,8,4.0,-22.16,-87.58,-54.9988,-616.0933,10635.875,1460.5,4471.75,midday,apr_sep_quiet,2024-06-07 11:30:00+00:00,2024-06-07 13:30:00+00:00,45.84,-59.77,"Check REMIT outage/maintenance, interconnector events, system margin, wind conditions, and fuel-market/system context around this window.","Candidate negative-price event. Check high wind, low demand, negative imbalance, inflexible generation, export/interconnector constraints, and downward balancing pressure.",high_wind+low_gas+negative_imbalance,top_negative_price_clusters_by_min_price,,,,,,,,,
2024,negative_price_cluster,2024_negative_price_cluster_132,2024-06-28 12:00:00+00:00,2024-06-28 14:00:00+00:00,5,2.5,-10.0,-82.15,-50.982,-387.4672,10272.6,2940.6,2134.4,midday,apr_sep_quiet,2024-06-28 12:00:00+00:00,2024-06-28 14:00:00+00:00,-7.15,-46.44,"Check REMIT outage/maintenance, interconnector events, system margin, wind conditions, and fuel-market/system context around this window.","Candidate negative-price event. Check high wind, low demand, negative imbalance, inflexible generation, export/interconnector constraints, and downward balancing pressure.",high_wind+low_gas+negative_imbalance,top_negative_price_clusters_by_min_price,,,,,,,,,
2024,negative_price_cluster,2024_negative_price_cluster_134,2024-06-29 12:00:00+00:00,2024-06-29 13:30:00+00:00,4,2.0,-56.19,-66.7,-64.0725,-701.5278,3437.25,1965.5,6239.0,midday,apr_sep_quiet,2024-06-29 12:00:00+00:00,2024-06-29 12:30:00+00:00,0.0,-60.89,"Check REMIT outage/maintenance, interconnector events, system margin, wind conditions, and fuel-market/system context around this window.","Candidate negative-price event. Check high wind, low demand, negative imbalance, inflexible generation, export/interconnector constraints, and downward balancing pressure.",low_gas+negative_imbalance,top_negative_price_clusters_by_min_price,,,,,,,,,
2024,large_upward_jump,2024_large_upward_jump_8668,2024-06-29 13:30:00+00:00,2024-06-29 14:00:00+00:00,1,0.5,87.3,87.3,87.3,46.7731,3288.0,2113.0,5454.0,afternoon,apr_sep_quiet,2024-06-29 14:00:00+00:00,2024-06-29 14:00:00+00:00,154.0,154.0,Check REMIT outage/maintenance events and system conditions within +/- 2 hours of this price movement.,Price moved from -66.7 to 87.3 in one settlement period. This is a candidate for event-led explanation.,sudden_price_movement_check_internal_and_external_context,top_large_upward_jumps_by_price_change,,,,,,,,,
2024,large_downward_reversal,2024_large_downward_reversal_9001,2024-07-06 12:00:00+00:00,2024-07-06 12:30:00+00:00,1,0.5,-31.3901,-31.3901,-31.3901,-142.2648,7556.0,2275.0,4828.0,midday,apr_sep_quiet,2024-07-06 12:30:00+00:00,2024-07-06 12:30:00+00:00,-122.3901,-122.3901,Check REMIT outage/maintenance events and system conditions within +/- 2 hours of this price movement.,Price moved from 91.0 to -31.39013333333333 in one settlement period. This is a candidate for event-led explanation.,sudden_price_movement_check_internal_and_external_context,top_large_downward_reversals_by_price_change,,,,,,,,,
2024,large_upward_jump,2024_large_upward_jump_9002,2024-07-06 12:30:00+00:00,2024-07-06 13:00:00+00:00,1,0.5,91.0,91.0,91.0,46.8851,7525.0,2463.0,4264.0,midday,apr_sep_quiet,2024-07-06 13:00:00+00:00,2024-07-06 13:00:00+00:00,122.3901,122.3901,Check REMIT outage/maintenance events and system conditions within +/- 2 hours of this price movement.,Price moved from -31.39013333333333 to 91.0 in one settlement period. This is a candidate for event-led explanation.,sudden_price_movement_check_internal_and_external_context,top_large_upward_jumps_by_price_change,,,,,,,,,
2024,negative_price_cluster,2024_negative_price_cluster_153,2024-08-04 12:00:00+00:00,2024-08-04 17:00:00+00:00,11,5.5,-8.0,-67.0,-21.4118,-510.9956,7291.5455,1848.4545,5309.2727,midday,apr_sep_quiet,2024-08-04 12:00:00+00:00,2024-08-04 15:00:00+00:00,36.18,-47.32,"Check REMIT outage/maintenance, interconnector events, system margin, wind conditions, and fuel-market/system context around this window.","Candidate negative-price event. Check high wind, low demand, negative imbalance, inflexible generation, export/interconnector constraints, and downward balancing pressure.",low_gas+negative_imbalance,top_negative_price_clusters_by_min_price,,,,,,,,,
2024,negative_price_cluster,2024_negative_price_cluster_167,2024-08-10 11:00:00+00:00,2024-08-10 16:00:00+00:00,11,5.5,-5.54,-85.28,-32.4955,-1119.646,9032.2727,2283.3636,3166.1818,afternoon,apr_sep_quiet,2024-08-10 15:00:00+00:00,2024-08-10 14:00:00+00:00,66.1899,-54.0696,"Check REMIT outage/maintenance, interconnector events, system margin, wind conditions, and fuel-market/system context around this window.","Candidate negative-price event. Check high wind, low demand, negative imbalance, inflexible generation, export/interconnector constraints, and downward balancing pressure.",low_gas+negative_imbalance,top_negative_price_clusters_by_min_price,,,,,,,,,
2024,negative_price_cluster,2024_negative_price_cluster_181,2024-08-21 08:30:00+00:00,2024-08-21 11:30:00+00:00,7,3.5,-11.17,-71.32,-32.3429,-552.8792,11057.7143,1773.2857,3688.5714,midday,apr_sep_quiet,2024-08-21 11:00:00+00:00,2024-08-21 10:30:00+00:00,60.15,-48.32,"Check REMIT outage/maintenance, interconnector events, system margin, wind conditions, and fuel-market/system context around this window.","Candidate negative-price event. Check high wind, low demand, negative imbalance, inflexible generation, export/interconnector constraints, and downward balancing pressure.",high_wind+low_gas+negative_imbalance,top_negative_price_clusters_by_min_price,,,,,,,,,
2024,negative_price_cluster,2024_negative_price_cluster_184,2024-08-21 22:00:00+00:00,2024-08-22 00:30:00+00:00,6,3.0,-1.95,-68.0,-22.735,-492.7708,14555.0,6129.8333,-5518.0,late_evening,apr_sep_quiet,2024-08-21 22:00:00+00:00,2024-08-21 23:30:00+00:00,51.36,-48.32,"Check REMIT outage/maintenance, interconnector events, system margin, wind conditions, and fuel-market/system context around this window.","Candidate negative-price event. Check high wind, low demand, negative imbalance, inflexible generation, export/interconnector constraints, and downward balancing pressure.",high_wind+negative_imbalance,top_negative_price_clusters_by_min_price,,,,,,,,,
2024,negative_price_cluster,2024_negative_price_cluster_185,2024-08-22 01:30:00+00:00,2024-08-22 05:00:00+00:00,8,4.0,-9.54,-71.32,-29.8688,-609.1264,13445.375,4056.25,-6420.25,night,apr_sep_quiet,2024-08-22 04:30:00+00:00,2024-08-22 03:30:00+00:00,61.78,-54.24,"Check REMIT outage/maintenance, interconnector events, system margin, wind conditions, and fuel-market/system context around this window.","Candidate negative-price event. Check high wind, low demand, negative imbalance, inflexible generation, export/interconnector constraints, and downward balancing pressure.",high_wind+low_gas+negative_imbalance,top_negative_price_clusters_by_min_price,,,,,,,,,
2024,negative_price_cluster,2024_negative_price_cluster_193,2024-08-23 07:00:00+00:00,2024-08-23 10:30:00+00:00,8,4.0,-3.77,-71.46,-32.8675,-582.4732,10527.5,1908.375,2639.25,morning_ramp,apr_sep_quiet,2024-08-23 08:00:00+00:00,2024-08-23 08:30:00+00:00,52.27,-67.69,"Check REMIT outage/maintenance, interconnector events, system margin, wind conditions, and fuel-market/system context around this window.","Candidate negative-price event. Check high wind, low demand, negative imbalance, inflexible generation, export/interconnector constraints, and downward balancing pressure.",high_wind+low_gas+negative_imbalance,top_negative_price_clusters_by_min_price,,,,,,,,,
2024,negative_price_cluster,2024_negative_price_cluster_197,2024-08-24 12:00:00+00:00,2024-08-24 15:30:00+00:00,8,4.0,-1.24,-80.78,-27.1356,-595.103,6215.5,1968.875,4458.0,midday,apr_sep_quiet,2024-08-24 12:00:00+00:00,2024-08-24 14:30:00+00:00,38.3486,-50.97,"Check REMIT outage/maintenance, interconnector events, system margin, wind conditions, and fuel-market/system context around this window.","Candidate negative-price event. Check high wind, low demand, negative imbalance, inflexible generation, export/interconnector constraints, and downward balancing pressure.",low_gas+negative_imbalance,top_negative_price_clusters_by_min_price,,,,,,,,,
2024,negative_price_cluster,2024_negative_price_cluster_198,2024-08-24 20:00:00+00:00,2024-08-24 21:00:00+00:00,3,1.5,-19.19,-67.25,-35.48,-703.6939,11757.6667,2702.0,868.6667,late_evening,apr_sep_quiet,2024-08-24 21:00:00+00:00,2024-08-24 20:30:00+00:00,48.06,-62.92,"Check REMIT outage/maintenance, interconnector events, system margin, wind conditions, and fuel-market/system context around this window.","Candidate negative-price event. Check high wind, low demand, negative imbalance, inflexible generation, export/interconnector constraints, and downward balancing pressure.",high_wind+low_gas+negative_imbalance,top_negative_price_clusters_by_min_price,,,,,,,,,
2024,negative_price_cluster,2024_negative_price_cluster_201,2024-08-25 08:00:00+00:00,2024-08-25 15:30:00+00:00,16,8.0,-9.35,-68.0,-20.8746,-432.0094,9534.0,2299.25,564.75,afternoon,apr_sep_quiet,2024-08-25 15:30:00+00:00,2024-08-25 11:00:00+00:00,48.81,-77.09,"Check REMIT outage/maintenance, interconnector events, system margin, wind conditions, and fuel-market/system context around this window.","Candidate negative-price event. Check high wind, low demand, negative imbalance, inflexible generation, export/interconnector constraints, and downward balancing pressure.",low_gas+negative_imbalance,top_negative_price_clusters_by_min_price,,,,,,,,,
2024,large_upward_jump,2024_large_upward_jump_12186,2024-09-10 20:30:00+00:00,2024-09-10 21:00:00+00:00,1,0.5,101.0,101.0,101.0,143.4498,11127.0,3258.0,1442.0,late_evening,apr_sep_quiet,2024-09-10 21:00:00+00:00,2024-09-10 21:00:00+00:00,122.33,122.33,Check REMIT outage/maintenance events and system conditions within +/- 2 hours of this price movement.,Price moved from -21.33 to 101.0 in one settlement period. This is a candidate for event-led explanation.,sudden_price_movement_check_internal_and_external_context,top_large_upward_jumps_by_price_change,,,,,,,,,
2024,large_downward_reversal,2024_large_downward_reversal_12187,2024-09-10 21:00:00+00:00,2024-09-10 21:30:00+00:00,1,0.5,-21.33,-21.33,-21.33,-37.5213,10939.0,3110.0,1328.0,late_evening,apr_sep_quiet,2024-09-10 21:30:00+00:00,2024-09-10 21:30:00+00:00,-122.33,-122.33,Check REMIT outage/maintenance events and system conditions within +/- 2 hours of this price movement.,Price moved from 101.0 to -21.33 in one settlement period. This is a candidate for event-led explanation.,sudden_price_movement_check_internal_and_external_context,top_large_downward_reversals_by_price_change,,,,,,,,,
2024,large_downward_reversal,2024_large_downward_reversal_12266,2024-09-12 12:30:00+00:00,2024-09-12 13:00:00+00:00,1,0.5,-21.33,-21.33,-21.33,-154.4256,6140.0,5832.0,4328.0,midday,apr_sep_quiet,2024-09-12 13:00:00+00:00,2024-09-12 13:00:00+00:00,-117.83,-117.83,Check REMIT outage/maintenance events and system conditions within +/- 2 hours of this price movement.,Price moved from 96.5 to -21.33 in one settlement period. This is a candidate for event-led explanation.,sudden_price_movement_check_internal_and_external_context,top_large_downward_reversals_by_price_change,,,,,,,,,
2024,negative_price_cluster,2024_negative_price_cluster_216,2024-09-14 08:30:00+00:00,2024-09-14 15:00:00+00:00,14,7.0,-19.87,-89.1,-54.4497,-745.17,9100.5714,2696.2143,1481.0,midday,apr_sep_quiet,2024-09-14 12:00:00+00:00,2024-09-14 14:00:00+00:00,35.0,-60.0,"Check REMIT outage/maintenance, interconnector events, system margin, wind conditions, and fuel-market/system context around this window.","Candidate negative-price event. Check high wind, low demand, negative imbalance, inflexible generation, export/interconnector constraints, and downward balancing pressure.",low_gas+negative_imbalance,top_negative_price_clusters_by_min_price,,,,,,,,,
2024,large_downward_reversal,2024_large_downward_reversal_13718,2024-10-12 18:30:00+00:00,2024-10-12 19:00:00+00:00,1,0.5,-20.63,-20.63,-20.63,-341.2133,14716.0,4249.0,3452.0,evening_peak,oct_nov_transition,2024-10-12 19:00:00+00:00,2024-10-12 19:00:00+00:00,-122.63,-122.63,Check REMIT outage/maintenance events and system conditions within +/- 2 hours of this price movement.,Price moved from 102.0 to -20.63 in one settlement period. This is a candidate for event-led explanation.,sudden_price_movement_check_internal_and_external_context,top_large_downward_reversals_by_price_change,,,,,,,,,
2024,large_upward_jump,2024_large_upward_jump_13741,2024-10-13 06:00:00+00:00,2024-10-13 06:30:00+00:00,1,0.5,105.0,105.0,105.0,175.7945,8918.0,4593.0,3518.0,morning_ramp,oct_nov_transition,2024-10-13 06:30:00+00:00,2024-10-13 06:30:00+00:00,125.63,125.63,Check REMIT outage/maintenance events and system conditions within +/- 2 hours of this price movement.,Price moved from -20.63 to 105.0 in one settlement period. This is a candidate for event-led explanation.,sudden_price_movement_check_internal_and_external_context,top_large_upward_jumps_by_price_change,,,,,,,,,
2024,large_upward_jump,2024_large_upward_jump_13806,2024-10-14 14:30:00+00:00,2024-10-14 15:00:00+00:00,1,0.5,251.94,251.94,251.94,77.5295,2122.0,19414.0,1958.0,afternoon,oct_nov_transition,2024-10-14 15:00:00+00:00,2024-10-14 15:00:00+00:00,160.2769,160.2769,Check REMIT outage/maintenance events and system conditions within +/- 2 hours of this price movement.,Price moved from 91.66308842531662 to 251.94 in one settlement period. This is a candidate for event-led explanation.,sudden_price_movement_check_internal_and_external_context,top_large_upward_jumps_by_price_change,,,,,,,,,
2024,positive_spike_cluster,2024_positive_spike_cluster_1,2024-10-14 15:00:00+00:00,2024-10-14 17:30:00+00:00,6,3.0,669.212,251.94,530.117,763.8646,2286.5,20016.6667,2348.0,evening_peak,oct_nov_transition,2024-10-14 16:00:00+00:00,2024-10-14 15:00:00+00:00,360.152,-30.47,"Check REMIT outage/maintenance, interconnector events, system margin, wind conditions, and fuel-market/system context around this window.","Candidate upward price event. Check whether asset outage, interconnector limitation, low wind, high gas reliance, positive imbalance, or evening timing contributed.",high_gas+low_wind+positive_imbalance+lower_interconnector_support,top_positive_spike_clusters_by_max_price,,,,,,,,,
2024,extreme_spike_cluster,2024_extreme_spike_cluster_1,2024-10-14 15:30:00+00:00,2024-10-14 17:30:00+00:00,5,2.5,669.212,309.06,585.7524,901.1316,2319.4,20137.2,2426.0,evening_peak,oct_nov_transition,2024-10-14 16:00:00+00:00,2024-10-14 15:30:00+00:00,360.152,-30.47,"Check REMIT outage/maintenance, interconnector events, system margin, wind conditions, and fuel-market/system context around this window.","Candidate upward price event. Check whether asset outage, interconnector limitation, low wind, high gas reliance, positive imbalance, or evening timing contributed.",high_gas+low_wind+positive_imbalance+lower_interconnector_support,all_extreme_spike_clusters,,,,,,,,,
2024,large_upward_jump,2024_large_upward_jump_13808,2024-10-14 15:30:00+00:00,2024-10-14 16:00:00+00:00,1,0.5,669.212,669.212,669.212,1176.3409,2155.0,20136.0,2384.0,evening_peak,oct_nov_transition,2024-10-14 16:00:00+00:00,2024-10-14 16:00:00+00:00,360.152,360.152,Check REMIT outage/maintenance events and system conditions within +/- 2 hours of this price movement.,Price moved from 309.06 to 669.212 in one settlement period. This is a candidate for event-led explanation.,sudden_price_movement_check_internal_and_external_context,top_large_upward_jumps_by_price_change,,,,,,,,,
2024,large_downward_reversal,2024_large_downward_reversal_13812,2024-10-14 17:30:00+00:00,2024-10-14 18:00:00+00:00,1,0.5,102.5,102.5,102.5,-105.4406,2934.0,20342.0,2540.0,evening_peak,oct_nov_transition,2024-10-14 18:00:00+00:00,2024-10-14 18:00:00+00:00,-526.51,-526.51,Check REMIT outage/maintenance events and system conditions within +/- 2 hours of this price movement.,Price moved from 629.01 to 102.5 in one settlement period. This is a candidate for event-led explanation.,sudden_price_movement_check_internal_and_external_context,top_large_downward_reversals_by_price_change,,,,,,,,,
2024,large_upward_jump,2024_large_upward_jump_14093,2024-10-20 14:00:00+00:00,2024-10-20 14:30:00+00:00,1,0.5,100.0,100.0,100.0,-900.6919,14744.0,4361.0,1508.0,afternoon,oct_nov_transition,2024-10-20 14:30:00+00:00,2024-10-20 14:30:00+00:00,126.0,126.0,Check REMIT outage/maintenance events and system conditions within +/- 2 hours of this price movement.,Price moved from -26.0 to 100.0 in one settlement period. This is a candidate for event-led explanation.,sudden_price_movement_check_internal_and_external_context,top_large_upward_jumps_by_price_change,,,,,,,,,
2024,large_downward_reversal,2024_large_downward_reversal_14771,2024-11-03 17:00:00+00:00,2024-11-03 17:30:00+00:00,1,0.5,20.0,20.0,20.0,-64.7068,1380.0,20548.0,4404.0,evening_peak,oct_nov_transition,2024-11-03 17:30:00+00:00,2024-11-03 17:30:00+00:00,-120.45,-120.45,Check REMIT outage/maintenance events and system conditions within +/- 2 hours of this price movement.,Price moved from 140.45 to 20.0 in one settlement period. This is a candidate for event-led explanation.,sudden_price_movement_check_internal_and_external_context,top_large_downward_reversals_by_price_change,,,,,,,,,
2024,large_upward_jump,2024_large_upward_jump_14865,2024-11-05 16:00:00+00:00,2024-11-05 16:30:00+00:00,1,0.5,327.38,327.38,327.38,15.6579,903.0,23880.0,2790.0,evening_peak,oct_nov_transition,2024-11-05 16:30:00+00:00,2024-11-05 16:30:00+00:00,246.38,246.38,Check REMIT outage/maintenance events and system conditions within +/- 2 hours of this price movement.,Price moved from 81.0 to 327.38 in one settlement period. This is a candidate for event-led explanation.,sudden_price_movement_check_internal_and_external_context,top_large_upward_jumps_by_price_change,,,,,,,,,
2024,extreme_spike_cluster,2024_extreme_spike_cluster_2,2024-11-05 16:30:00+00:00,2024-11-05 16:30:00+00:00,1,0.5,327.38,327.38,327.38,15.6579,903.0,23880.0,2790.0,evening_peak,oct_nov_transition,2024-11-05 16:30:00+00:00,2024-11-05 16:30:00+00:00,246.38,246.38,"Check REMIT outage/maintenance, interconnector events, system margin, wind conditions, and fuel-market/system context around this window.","Candidate upward price event. Check whether asset outage, interconnector limitation, low wind, high gas reliance, positive imbalance, or evening timing contributed.",high_gas+low_wind,all_extreme_spike_clusters,,,,,,,,,
2024,large_downward_reversal,2024_large_downward_reversal_14866,2024-11-05 16:30:00+00:00,2024-11-05 17:00:00+00:00,1,0.5,101.59,101.59,101.59,-73.2713,908.0,23997.0,3048.0,evening_peak,oct_nov_transition,2024-11-05 17:00:00+00:00,2024-11-05 17:00:00+00:00,-225.79,-225.79,Check REMIT outage/maintenance events and system conditions within +/- 2 hours of this price movement.,Price moved from 327.38 to 101.59 in one settlement period. This is a candidate for event-led explanation.,sudden_price_movement_check_internal_and_external_context,top_large_downward_reversals_by_price_change,,,,,,,,,
2024,positive_spike_cluster,2024_positive_spike_cluster_2,2024-11-05 16:30:00+00:00,2024-11-05 16:30:00+00:00,1,0.5,327.38,327.38,327.38,15.6579,903.0,23880.0,2790.0,evening_peak,oct_nov_transition,2024-11-05 16:30:00+00:00,2024-11-05 16:30:00+00:00,246.38,246.38,"Check REMIT outage/maintenance, interconnector events, system margin, wind conditions, and fuel-market/system context around this window.","Candidate upward price event. Check whether asset outage, interconnector limitation, low wind, high gas reliance, positive imbalance, or evening timing contributed.",high_gas+low_wind,top_positive_spike_clusters_by_max_price,,,,,,,,,
2024,large_upward_jump,2024_large_upward_jump_15420,2024-11-17 05:30:00+00:00,2024-11-17 06:00:00+00:00,1,0.5,116.5,116.5,116.5,148.4678,11027.0,2843.0,1258.0,morning_ramp,oct_nov_transition,2024-11-17 06:00:00+00:00,2024-11-17 06:00:00+00:00,130.0,130.0,Check REMIT outage/maintenance events and system conditions within +/- 2 hours of this price movement.,Price moved from -13.5 to 116.5 in one settlement period. This is a candidate for event-led explanation.,sudden_price_movement_check_internal_and_external_context,top_large_upward_jumps_by_price_change,,,,,,,,,
2024,large_downward_reversal,2024_large_downward_reversal_15787,2024-11-24 21:00:00+00:00,2024-11-24 21:30:00+00:00,1,0.5,-11.58,-11.58,-11.58,-53.2759,15168.0,4231.0,1342.0,late_evening,oct_nov_transition,2024-11-24 21:30:00+00:00,2024-11-24 21:30:00+00:00,-132.58,-132.58,Check REMIT outage/maintenance events and system conditions within +/- 2 hours of this price movement.,Price moved from 121.0 to -11.58 in one settlement period. This is a candidate for event-led explanation.,sudden_price_movement_check_internal_and_external_context,top_large_downward_reversals_by_price_change,,,,,,,,,
2024,positive_spike_cluster,2024_positive_spike_cluster_3,2024-11-26 16:30:00+00:00,2024-11-26 17:00:00+00:00,2,1.0,269.0,269.0,269.0,117.3384,2845.5,23524.0,3505.0,evening_peak,oct_nov_transition,2024-11-26 16:30:00+00:00,2024-11-26 16:30:00+00:00,84.0,0.0,"Check REMIT outage/maintenance, interconnector events, system margin, wind conditions, and fuel-market/system context around this window.","Candidate upward price event. Check whether asset outage, interconnector limitation, low wind, high gas reliance, positive imbalance, or evening timing contributed.",high_gas+low_wind,top_positive_spike_clusters_by_max_price,,,,,,,,,
2024,large_downward_reversal,2024_large_downward_reversal_15877,2024-11-26 18:00:00+00:00,2024-11-26 18:30:00+00:00,1,0.5,118.4,118.4,118.4,-30.905,2229.0,24060.0,3514.0,evening_peak,oct_nov_transition,2024-11-26 18:30:00+00:00,2024-11-26 18:30:00+00:00,-150.6,-150.6,Check REMIT outage/maintenance events and system conditions within +/- 2 hours of this price movement.,Price moved from 269.0 to 118.4 in one settlement period. This is a candidate for event-led explanation.,sudden_price_movement_check_internal_and_external_context,top_large_downward_reversals_by_price_change,,,,,,,,,
2024,positive_spike_cluster,2024_positive_spike_cluster_4,2024-11-26 18:00:00+00:00,2024-11-26 18:00:00+00:00,1,0.5,269.0,269.0,269.0,138.9867,2395.0,23940.0,3516.0,evening_peak,oct_nov_transition,2024-11-26 18:00:00+00:00,2024-11-26 18:00:00+00:00,20.0,20.0,"Check REMIT outage/maintenance, interconnector events, system margin, wind conditions, and fuel-market/system context around this window.","Candidate upward price event. Check whether asset outage, interconnector limitation, low wind, high gas reliance, positive imbalance, or evening timing contributed.",high_gas+low_wind,top_positive_spike_clusters_by_max_price,,,,,,,,,
2024,large_upward_jump,2024_large_upward_jump_16111,2024-12-01 15:00:00+00:00,2024-12-01 15:30:00+00:00,1,0.5,132.1,132.1,132.1,389.6977,12503.0,9954.0,4874.0,afternoon,dec_stress,2024-12-01 15:30:00+00:00,2024-12-01 15:30:00+00:00,132.1,132.1,Check REMIT outage/maintenance events and system conditions within +/- 2 hours of this price movement.,Price moved from 0.0 to 132.1 in one settlement period. This is a candidate for event-led explanation.,sudden_price_movement_check_internal_and_external_context,top_large_upward_jumps_by_price_change,,,,,,,,,
2024,large_downward_reversal,2024_large_downward_reversal_16137,2024-12-02 04:00:00+00:00,2024-12-02 04:30:00+00:00,1,0.5,0.0,0.0,0.0,-224.0171,12090.0,4210.0,80.0,night,dec_stress,2024-12-02 04:30:00+00:00,2024-12-02 04:30:00+00:00,-116.9,-116.9,Check REMIT outage/maintenance events and system conditions within +/- 2 hours of this price movement.,Price moved from 116.9 to 0.0 in one settlement period. This is a candidate for event-led explanation.,sudden_price_movement_check_internal_and_external_context,top_large_downward_reversals_by_price_change,,,,,,,,,
2024,large_downward_reversal,2024_large_downward_reversal_16377,2024-12-07 04:00:00+00:00,2024-12-07 04:30:00+00:00,1,0.5,-5.84,-5.84,-5.84,-206.1316,13361.0,3217.0,1620.0,night,dec_stress,2024-12-07 04:30:00+00:00,2024-12-07 04:30:00+00:00,-119.34,-119.34,Check REMIT outage/maintenance events and system conditions within +/- 2 hours of this price movement.,Price moved from 113.5 to -5.84 in one settlement period. This is a candidate for event-led explanation.,sudden_price_movement_check_internal_and_external_context,top_large_downward_reversals_by_price_change,,,,,,,,,
2024,negative_price_cluster,2024_negative_price_cluster_263,2024-12-07 04:30:00+00:00,2024-12-07 07:00:00+00:00,6,3.0,-5.84,-75.0,-49.0733,-538.3069,14255.0,3258.8333,2189.3333,night,dec_stress,2024-12-07 04:30:00+00:00,2024-12-07 05:30:00+00:00,31.4,-119.34,"Check REMIT outage/maintenance, interconnector events, system margin, wind conditions, and fuel-market/system context around this window.","Candidate negative-price event. Check high wind, low demand, negative imbalance, inflexible generation, export/interconnector constraints, and downward balancing pressure.",high_wind+low_gas+negative_imbalance,top_negative_price_clusters_by_min_price,,,,,,,,,
2024,large_upward_jump,2024_large_upward_jump_16476,2024-12-09 05:30:00+00:00,2024-12-09 06:00:00+00:00,1,0.5,122.0,122.0,122.0,160.4922,11367.0,4551.0,3348.0,morning_ramp,dec_stress,2024-12-09 06:00:00+00:00,2024-12-09 06:00:00+00:00,127.84,127.84,Check REMIT outage/maintenance events and system conditions within +/- 2 hours of this price movement.,Price moved from -5.84 to 122.0 in one settlement period. This is a candidate for event-led explanation.,sudden_price_movement_check_internal_and_external_context,top_large_upward_jumps_by_price_change,,,,,,,,,
2024,large_upward_jump,2024_large_upward_jump_16583,2024-12-11 11:00:00+00:00,2024-12-11 11:30:00+00:00,1,0.5,295.0,295.0,295.0,19.3736,1899.0,27143.0,3918.0,midday,dec_stress,2024-12-11 11:30:00+00:00,2024-12-11 11:30:00+00:00,179.9,179.9,Check REMIT outage/maintenance events and system conditions within +/- 2 hours of this price movement.,Price moved from 115.1 to 295.0 in one settlement period. This is a candidate for event-led explanation.,sudden_price_movement_check_internal_and_external_context,top_large_upward_jumps_by_price_change,,,,,,,,,
2024,positive_spike_cluster,2024_positive_spike_cluster_5,2024-12-11 11:30:00+00:00,2024-12-11 12:30:00+00:00,3,1.5,590.4504,295.0,393.4835,32.0034,1798.0,26781.6667,4025.3333,midday,dec_stress,2024-12-11 12:30:00+00:00,2024-12-11 11:30:00+00:00,295.4504,0.0,"Check REMIT outage/maintenance, interconnector events, system margin, wind conditions, and fuel-market/system context around this window.","Candidate upward price event. Check whether asset outage, interconnector limitation, low wind, high gas reliance, positive imbalance, or evening timing contributed.",high_gas+low_wind,top_positive_spike_clusters_by_max_price,,,,,,,,,
2024,large_upward_jump,2024_large_upward_jump_16585,2024-12-11 12:00:00+00:00,2024-12-11 12:30:00+00:00,1,0.5,590.4504,590.4504,590.4504,5.038,1749.0,26492.0,4078.0,midday,dec_stress,2024-12-11 12:30:00+00:00,2024-12-11 12:30:00+00:00,295.4504,295.4504,Check REMIT outage/maintenance events and system conditions within +/- 2 hours of this price movement.,Price moved from 295.0 to 590.4504347826087 in one settlement period. This is a candidate for event-led explanation.,sudden_price_movement_check_internal_and_external_context,top_large_upward_jumps_by_price_change,,,,,,,,,
2024,extreme_spike_cluster,2024_extreme_spike_cluster_3,2024-12-11 12:30:00+00:00,2024-12-11 12:30:00+00:00,1,0.5,590.4504,590.4504,590.4504,5.038,1749.0,26492.0,4078.0,midday,dec_stress,2024-12-11 12:30:00+00:00,2024-12-11 12:30:00+00:00,295.4504,295.4504,"Check REMIT outage/maintenance, interconnector events, system margin, wind conditions, and fuel-market/system context around this window.","Candidate upward price event. Check whether asset outage, interconnector limitation, low wind, high gas reliance, positive imbalance, or evening timing contributed.",high_gas+low_wind,all_extreme_spike_clusters,,,,,,,,,
2024,large_downward_reversal,2024_large_downward_reversal_16586,2024-12-11 12:30:00+00:00,2024-12-11 13:00:00+00:00,1,0.5,127.85,127.85,127.85,-71.2756,1741.0,26482.0,3888.0,midday,dec_stress,2024-12-11 13:00:00+00:00,2024-12-11 13:00:00+00:00,-462.6004,-462.6004,Check REMIT outage/maintenance events and system conditions within +/- 2 hours of this price movement.,Price moved from 590.4504347826087 to 127.85 in one settlement period. This is a candidate for event-led explanation.,sudden_price_movement_check_internal_and_external_context,top_large_downward_reversals_by_price_change,,,,,,,,,
2024,large_upward_jump,2024_large_upward_jump_16596,2024-12-11 17:30:00+00:00,2024-12-11 18:00:00+00:00,1,0.5,395.0,395.0,395.0,190.8997,2071.0,26093.0,3714.0,evening_peak,dec_stress,2024-12-11 18:00:00+00:00,2024-12-11 18:00:00+00:00,270.0,270.0,Check REMIT outage/maintenance events and system conditions within +/- 2 hours of this price movement.,Price moved from 125.0 to 395.0 in one settlement period. This is a candidate for event-led explanation.,sudden_price_movement_check_internal_and_external_context,top_large_upward_jumps_by_price_change,,,,,,,,,
2024,extreme_spike_cluster,2024_extreme_spike_cluster_4,2024-12-11 18:00:00+00:00,2024-12-11 18:00:00+00:00,1,0.5,395.0,395.0,395.0,190.8997,2071.0,26093.0,3714.0,evening_peak,dec_stress,2024-12-11 18:00:00+00:00,2024-12-11 18:00:00+00:00,270.0,270.0,"Check REMIT outage/maintenance, interconnector events, system margin, wind conditions, and fuel-market/system context around this window.","Candidate upward price event. Check whether asset outage, interconnector limitation, low wind, high gas reliance, positive imbalance, or evening timing contributed.",high_gas+low_wind+positive_imbalance,all_extreme_spike_clusters,,,,,,,,,
2024,large_downward_reversal,2024_large_downward_reversal_16597,2024-12-11 18:00:00+00:00,2024-12-11 18:30:00+00:00,1,0.5,125.0,125.0,125.0,-86.9722,2094.0,26258.0,3692.0,evening_peak,dec_stress,2024-12-11 18:30:00+00:00,2024-12-11 18:30:00+00:00,-270.0,-270.0,Check REMIT outage/maintenance events and system conditions within +/- 2 hours of this price movement.,Price moved from 395.0 to 125.0 in one settlement period. This is a candidate for event-led explanation.,sudden_price_movement_check_internal_and_external_context,top_large_downward_reversals_by_price_change,,,,,,,,,
2024,positive_spike_cluster,2024_positive_spike_cluster_6,2024-12-11 18:00:00+00:00,2024-12-11 18:00:00+00:00,1,0.5,395.0,395.0,395.0,190.8997,2071.0,26093.0,3714.0,evening_peak,dec_stress,2024-12-11 18:00:00+00:00,2024-12-11 18:00:00+00:00,270.0,270.0,"Check REMIT outage/maintenance, interconnector events, system margin, wind conditions, and fuel-market/system context around this window.","Candidate upward price event. Check whether asset outage, interconnector limitation, low wind, high gas reliance, positive imbalance, or evening timing contributed.",high_gas+low_wind+positive_imbalance,top_positive_spike_clusters_by_max_price,,,,,,,,,
2024,large_upward_jump,2024_large_upward_jump_16598,2024-12-11 18:30:00+00:00,2024-12-11 19:00:00+00:00,1,0.5,395.0,395.0,395.0,45.2333,2008.0,25904.0,3722.0,evening_peak,dec_stress,2024-12-11 19:00:00+00:00,2024-12-11 19:00:00+00:00,270.0,270.0,Check REMIT outage/maintenance events and system conditions within +/- 2 hours of this price movement.,Price moved from 125.0 to 395.0 in one settlement period. This is a candidate for event-led explanation.,sudden_price_movement_check_internal_and_external_context,top_large_upward_jumps_by_price_change,,,,,,,,,
2024,extreme_spike_cluster,2024_extreme_spike_cluster_5,2024-12-11 19:00:00+00:00,2024-12-11 19:00:00+00:00,1,0.5,395.0,395.0,395.0,45.2333,2008.0,25904.0,3722.0,evening_peak,dec_stress,2024-12-11 19:00:00+00:00,2024-12-11 19:00:00+00:00,270.0,270.0,"Check REMIT outage/maintenance, interconnector events, system margin, wind conditions, and fuel-market/system context around this window.","Candidate upward price event. Check whether asset outage, interconnector limitation, low wind, high gas reliance, positive imbalance, or evening timing contributed.",high_gas+low_wind,all_extreme_spike_clusters,,,,,,,,,
2024,large_downward_reversal,2024_large_downward_reversal_16599,2024-12-11 19:00:00+00:00,2024-12-11 19:30:00+00:00,1,0.5,225.0,225.0,225.0,61.7245,2054.0,25687.0,3700.0,evening_peak,dec_stress,2024-12-11 19:30:00+00:00,2024-12-11 19:30:00+00:00,-170.0,-170.0,Check REMIT outage/maintenance events and system conditions within +/- 2 hours of this price movement.,Price moved from 395.0 to 225.0 in one settlement period. This is a candidate for event-led explanation.,sudden_price_movement_check_internal_and_external_context,top_large_downward_reversals_by_price_change,,,,,,,,,
2024,positive_spike_cluster,2024_positive_spike_cluster_7,2024-12-11 19:00:00+00:00,2024-12-11 19:00:00+00:00,1,0.5,395.0,395.0,395.0,45.2333,2008.0,25904.0,3722.0,evening_peak,dec_stress,2024-12-11 19:00:00+00:00,2024-12-11 19:00:00+00:00,270.0,270.0,"Check REMIT outage/maintenance, interconnector events, system margin, wind conditions, and fuel-market/system context around this window.","Candidate upward price event. Check whether asset outage, interconnector limitation, low wind, high gas reliance, positive imbalance, or evening timing contributed.",high_gas+low_wind,top_positive_spike_clusters_by_max_price,,,,,,,,,
2024,large_upward_jump,2024_large_upward_jump_16622,2024-12-12 06:30:00+00:00,2024-12-12 07:00:00+00:00,1,0.5,193.1832,193.1832,193.1832,0.8094,1452.0,26959.0,-336.0,morning_ramp,dec_stress,2024-12-12 07:00:00+00:00,2024-12-12 07:00:00+00:00,145.1832,145.1832,Check REMIT outage/maintenance events and system conditions within +/- 2 hours of this price movement.,Price moved from 48.0 to 193.18324146664128 in one settlement period. This is a candidate for event-led explanation.,sudden_price_movement_check_internal_and_external_context,top_large_upward_jumps_by_price_change,,,,,,,,,
2024,large_upward_jump,2024_large_upward_jump_16623,2024-12-12 07:00:00+00:00,2024-12-12 07:30:00+00:00,1,0.5,429.0,429.0,429.0,157.1346,1330.0,27609.0,-86.0,morning_ramp,dec_stress,2024-12-12 07:30:00+00:00,2024-12-12 07:30:00+00:00,235.8168,235.8168,Check REMIT outage/maintenance events and system conditions within +/- 2 hours of this price movement.,Price moved from 193.18324146664128 to 429.0 in one settlement period. This is a candidate for event-led explanation.,sudden_price_movement_check_internal_and_external_context,top_large_upward_jumps_by_price_change,,,,,,,,,
2024,extreme_spike_cluster,2024_extreme_spike_cluster_6,2024-12-12 07:30:00+00:00,2024-12-12 10:00:00+00:00,6,3.0,429.0,300.0,340.7825,146.9284,1186.6667,27657.6667,1303.6667,morning_ramp,dec_stress,2024-12-12 07:30:00+00:00,2024-12-12 08:00:00+00:00,235.8168,-129.0,"Check REMIT outage/maintenance, interconnector events, system margin, wind conditions, and fuel-market/system context around this window.","Candidate upward price event. Check whether asset outage, interconnector limitation, low wind, high gas reliance, positive imbalance, or evening timing contributed.",high_gas+low_wind+lower_interconnector_support,all_extreme_spike_clusters,,,,,,,,,
2024,large_downward_reversal,2024_large_downward_reversal_16624,2024-12-12 07:30:00+00:00,2024-12-12 08:00:00+00:00,1,0.5,300.0,300.0,300.0,48.9833,1269.0,27868.0,850.0,morning_ramp,dec_stress,2024-12-12 08:00:00+00:00,2024-12-12 08:00:00+00:00,-129.0,-129.0,Check REMIT outage/maintenance events and system conditions within +/- 2 hours of this price movement.,Price moved from 429.0 to 300.0 in one settlement period. This is a candidate for event-led explanation.,sudden_price_movement_check_internal_and_external_context,top_large_downward_reversals_by_price_change,,,,,,,,,
2024,positive_spike_cluster,2024_positive_spike_cluster_8,2024-12-12 07:30:00+00:00,2024-12-12 10:30:00+00:00,7,3.5,429.0,294.3,334.1422,128.7958,1152.4286,27635.7143,1434.0,morning_ramp,dec_stress,2024-12-12 07:30:00+00:00,2024-12-12 10:30:00+00:00,235.8168,-129.0,"Check REMIT outage/maintenance, interconnector events, system margin, wind conditions, and fuel-market/system context around this window.","Candidate upward price event. Check whether asset outage, interconnector limitation, low wind, high gas reliance, positive imbalance, or evening timing contributed.",high_gas+low_wind+lower_interconnector_support,top_positive_spike_clusters_by_max_price,,,,,,,,,
2024,large_downward_reversal,2024_large_downward_reversal_16630,2024-12-12 10:30:00+00:00,2024-12-12 11:00:00+00:00,1,0.5,132.21,132.21,132.21,-15.0167,926.0,27422.0,2594.0,midday,dec_stress,2024-12-12 11:00:00+00:00,2024-12-12 11:00:00+00:00,-162.09,-162.09,Check REMIT outage/maintenance events and system conditions within +/- 2 hours of this price movement.,Price moved from 294.3 to 132.21 in one settlement period. This is a candidate for event-led explanation.,sudden_price_movement_check_internal_and_external_context,top_large_downward_reversals_by_price_change,,,,,,,,,
2024,large_upward_jump,2024_large_upward_jump_16634,2024-12-12 12:30:00+00:00,2024-12-12 13:00:00+00:00,1,0.5,485.0,485.0,485.0,11.3988,1160.0,26718.0,3200.0,midday,dec_stress,2024-12-12 13:00:00+00:00,2024-12-12 13:00:00+00:00,352.78,352.78,Check REMIT outage/maintenance events and system conditions within +/- 2 hours of this price movement.,Price moved from 132.22 to 485.0 in one settlement period. This is a candidate for event-led explanation.,sudden_price_movement_check_internal_and_external_context,top_large_upward_jumps_by_price_change,,,,,,,,,
2024,extreme_spike_cluster,2024_extreme_spike_cluster_7,2024-12-12 13:00:00+00:00,2024-12-12 13:00:00+00:00,1,0.5,485.0,485.0,485.0,11.3988,1160.0,26718.0,3200.0,midday,dec_stress,2024-12-12 13:00:00+00:00,2024-12-12 13:00:00+00:00,352.78,352.78,"Check REMIT outage/maintenance, interconnector events, system margin, wind conditions, and fuel-market/system context around this window.","Candidate upward price event. Check whether asset outage, interconnector limitation, low wind, high gas reliance, positive imbalance, or evening timing contributed.",high_gas+low_wind,all_extreme_spike_clusters,,,,,,,,,
2024,large_downward_reversal,2024_large_downward_reversal_16635,2024-12-12 13:00:00+00:00,2024-12-12 13:30:00+00:00,1,0.5,148.0,148.0,148.0,-79.2956,1364.0,26765.0,3078.0,midday,dec_stress,2024-12-12 13:30:00+00:00,2024-12-12 13:30:00+00:00,-337.0,-337.0,Check REMIT outage/maintenance events and system conditions within +/- 2 hours of this price movement.,Price moved from 485.0 to 148.0 in one settlement period. This is a candidate for event-led explanation.,sudden_price_movement_check_internal_and_external_context,top_large_downward_reversals_by_price_change,,,,,,,,,
2024,positive_spike_cluster,2024_positive_spike_cluster_9,2024-12-12 13:00:00+00:00,2024-12-12 13:00:00+00:00,1,0.5,485.0,485.0,485.0,11.3988,1160.0,26718.0,3200.0,midday,dec_stress,2024-12-12 13:00:00+00:00,2024-12-12 13:00:00+00:00,352.78,352.78,"Check REMIT outage/maintenance, interconnector events, system margin, wind conditions, and fuel-market/system context around this window.","Candidate upward price event. Check whether asset outage, interconnector limitation, low wind, high gas reliance, positive imbalance, or evening timing contributed.",high_gas+low_wind,top_positive_spike_clusters_by_max_price,,,,,,,,,
2024,large_upward_jump,2024_large_upward_jump_16641,2024-12-12 16:00:00+00:00,2024-12-12 16:30:00+00:00,1,0.5,521.0884,521.0884,521.0884,16.831,1896.0,26253.0,3178.0,evening_peak,dec_stress,2024-12-12 16:30:00+00:00,2024-12-12 16:30:00+00:00,345.2984,345.2984,Check REMIT outage/maintenance events and system conditions within +/- 2 hours of this price movement.,Price moved from 175.79 to 521.0883809523809 in one settlement period. This is a candidate for event-led explanation.,sudden_price_movement_check_internal_and_external_context,top_large_upward_jumps_by_price_change,,,,,,,,,
2024,extreme_spike_cluster,2024_extreme_spike_cluster_8,2024-12-12 16:30:00+00:00,2024-12-12 16:30:00+00:00,1,0.5,521.0884,521.0884,521.0884,16.831,1896.0,26253.0,3178.0,evening_peak,dec_stress,2024-12-12 16:30:00+00:00,2024-12-12 16:30:00+00:00,345.2984,345.2984,"Check REMIT outage/maintenance, interconnector events, system margin, wind conditions, and fuel-market/system context around this window.","Candidate upward price event. Check whether asset outage, interconnector limitation, low wind, high gas reliance, positive imbalance, or evening timing contributed.",high_gas+low_wind,all_extreme_spike_clusters,,,,,,,,,
2024,large_downward_reversal,2024_large_downward_reversal_16642,2024-12-12 16:30:00+00:00,2024-12-12 17:00:00+00:00,1,0.5,139.65,139.65,139.65,-36.6917,1920.0,25875.0,3484.0,evening_peak,dec_stress,2024-12-12 17:00:00+00:00,2024-12-12 17:00:00+00:00,-381.4384,-381.4384,Check REMIT outage/maintenance events and system conditions within +/- 2 hours of this price movement.,Price moved from 521.0883809523809 to 139.65 in one settlement period. This is a candidate for event-led explanation.,sudden_price_movement_check_internal_and_external_context,top_large_downward_reversals_by_price_change,,,,,,,,,
2024,positive_spike_cluster,2024_positive_spike_cluster_10,2024-12-12 16:30:00+00:00,2024-12-12 16:30:00+00:00,1,0.5,521.0884,521.0884,521.0884,16.831,1896.0,26253.0,3178.0,evening_peak,dec_stress,2024-12-12 16:30:00+00:00,2024-12-12 16:30:00+00:00,345.2984,345.2984,"Check REMIT outage/maintenance, interconnector events, system margin, wind conditions, and fuel-market/system context around this window.","Candidate upward price event. Check whether asset outage, interconnector limitation, low wind, high gas reliance, positive imbalance, or evening timing contributed.",high_gas+low_wind,top_positive_spike_clusters_by_max_price,,,,,,,,,
