year,event_id,event_type,start_time,end_time,duration_hours,periods_in_event,max_price,min_price,avg_price,avg_imbalance,avg_wind,avg_gas,avg_interconnectors,time_of_max_price,time_band_at_max_price,regime_group,price_before_event,price_after_event,price_change_from_previous,research_note,likely_internal_driver,external_check_window_start,external_check_window_end,api_from,api_to,event_priority_rank
2025,2025_extreme_spike_cluster_2,extreme_spike_cluster,2025-01-08 14:30:00+00:00,2025-01-08 18:30:00+00:00,4.5,9,2900.0,600.0,2644.4444444444443,329.4749498966517,2575.4444444444443,25003.222222222223,4465.777777777777,2025-01-08 15:00:00+00:00,afternoon,jan_spike_stress,,,,Candidate extreme spike event. Highest priority for REMIT/external availability checks.,very_high_gas+very_low_wind+very_positive_imbalance,2025-01-08 12:30:00+00:00,2025-01-08 20:30:00+00:00,2025-01-08T12:30:00Z,2025-01-08T20:30:00Z,1
2025,2025_extreme_spike_cluster_1,extreme_spike_cluster,2025-01-08 12:00:00+00:00,2025-01-08 13:00:00+00:00,1.5,3,1950.0,995.0,1631.6666666666667,119.14790742707713,3328.0,24490.0,3968.6666666666665,2025-01-08 12:30:00+00:00,midday,jan_spike_stress,,,,Candidate extreme spike event. Highest priority for REMIT/external availability checks.,very_high_gas+low_wind,2025-01-08 10:00:00+00:00,2025-01-08 15:00:00+00:00,2025-01-08T10:00:00Z,2025-01-08T15:00:00Z,1
2025,2025_extreme_spike_cluster_5,extreme_spike_cluster,2025-01-20 16:30:00+00:00,2025-01-20 17:30:00+00:00,1.5,3,678.4771340408087,380.0,527.8257113469363,199.72770809523809,2142.6666666666665,26911.0,1909.3333333333333,2025-01-20 17:00:00+00:00,evening_peak,jan_spike_stress,,,,Candidate extreme spike event. Highest priority for REMIT/external availability checks.,very_high_gas+very_low_wind+positive_imbalance+lower_interconnector_support,2025-01-20 14:30:00+00:00,2025-01-20 19:30:00+00:00,2025-01-20T14:30:00Z,2025-01-20T19:30:00Z,1
2025,2025_extreme_spike_cluster_3,extreme_spike_cluster,2025-01-08 19:30:00+00:00,2025-01-08 19:30:00+00:00,0.5,1,600.0,600.0,600.0,51.28219816395664,2342.0,24209.0,4314.0,2025-01-08 19:30:00+00:00,evening_peak,jan_spike_stress,,,,Candidate extreme spike event. Highest priority for REMIT/external availability checks.,very_high_gas+very_low_wind,2025-01-08 17:30:00+00:00,2025-01-08 21:30:00+00:00,2025-01-08T17:30:00Z,2025-01-08T21:30:00Z,1
2025,2025_extreme_spike_cluster_8,extreme_spike_cluster,2025-10-13 11:30:00+00:00,2025-10-13 11:30:00+00:00,0.5,1,487.0,487.0,487.0,184.92249316358024,1088.0,21640.0,3762.0,2025-10-13 11:30:00+00:00,midday,oct_mixed_transition,,,,Candidate extreme spike event. Highest priority for REMIT/external availability checks.,very_high_gas+very_low_wind+positive_imbalance,2025-10-13 09:30:00+00:00,2025-10-13 13:30:00+00:00,2025-10-13T09:30:00Z,2025-10-13T13:30:00Z,1
2025,2025_extreme_spike_cluster_6,extreme_spike_cluster,2025-01-22 06:30:00+00:00,2025-01-22 07:00:00+00:00,1.0,2,450.0,340.0,395.0,181.91127458333335,115.0,25771.5,1971.0,2025-01-22 07:00:00+00:00,morning_ramp,jan_spike_stress,,,,Candidate extreme spike event. Highest priority for REMIT/external availability checks.,very_high_gas+very_low_wind+positive_imbalance+lower_interconnector_support,2025-01-22 04:30:00+00:00,2025-01-22 09:00:00+00:00,2025-01-22T04:30:00Z,2025-01-22T09:00:00Z,1
2025,2025_extreme_spike_cluster_7,extreme_spike_cluster,2025-06-30 17:00:00+00:00,2025-06-30 18:30:00+00:00,2.0,4,423.85,389.0,404.0375,656.9789799305147,7124.25,13098.75,1039.5,2025-06-30 17:00:00+00:00,evening_peak,jun_mixed_tail,,,,Candidate extreme spike event. Highest priority for REMIT/external availability checks.,low_wind+very_positive_imbalance+lower_interconnector_support,2025-06-30 15:00:00+00:00,2025-06-30 20:30:00+00:00,2025-06-30T15:00:00Z,2025-06-30T20:30:00Z,1
2025,2025_extreme_spike_cluster_10,extreme_spike_cluster,2025-10-22 16:00:00+00:00,2025-10-22 16:30:00+00:00,1.0,2,315.1,302.69008,308.89504,319.9991345354562,2107.0,19910.5,3768.0,2025-10-22 16:00:00+00:00,evening_peak,oct_mixed_transition,,,,Candidate extreme spike event. Highest priority for REMIT/external availability checks.,high_gas+very_low_wind+very_positive_imbalance,2025-10-22 14:00:00+00:00,2025-10-22 18:30:00+00:00,2025-10-22T14:00:00Z,2025-10-22T18:30:00Z,1
2025,2025_extreme_spike_cluster_4,extreme_spike_cluster,2025-01-20 07:00:00+00:00,2025-01-20 07:00:00+00:00,0.5,1,304.2,304.2,304.2,11.650854779783126,2333.0,25322.0,452.0,2025-01-20 07:00:00+00:00,morning_ramp,jan_spike_stress,,,,Candidate extreme spike event. Highest priority for REMIT/external availability checks.,very_high_gas+very_low_wind+lower_interconnector_support,2025-01-20 05:00:00+00:00,2025-01-20 09:00:00+00:00,2025-01-20T05:00:00Z,2025-01-20T09:00:00Z,1
2025,2025_extreme_spike_cluster_9,extreme_spike_cluster,2025-10-14 17:00:00+00:00,2025-10-14 17:00:00+00:00,0.5,1,300.0,300.0,300.0,13.3421875,3626.0,22624.0,1906.0,2025-10-14 17:00:00+00:00,evening_peak,oct_mixed_transition,,,,Candidate extreme spike event. Highest priority for REMIT/external availability checks.,very_high_gas+low_wind+lower_interconnector_support,2025-10-14 15:00:00+00:00,2025-10-14 19:00:00+00:00,2025-10-14T15:00:00Z,2025-10-14T19:00:00Z,1
2025,2025_positive_spike_cluster_2,positive_spike_cluster,2025-01-08 14:30:00+00:00,2025-01-08 18:30:00+00:00,4.5,9,2900.0,600.0,2644.4444444444443,329.4749498966517,2575.4444444444443,25003.222222222223,4465.777777777777,2025-01-08 15:00:00+00:00,afternoon,jan_spike_stress,,,,"Candidate positive spike event. Check low wind, high gas, positive imbalance, evening timing and external availability events.",very_high_gas+very_low_wind+very_positive_imbalance,2025-01-08 12:30:00+00:00,2025-01-08 20:30:00+00:00,2025-01-08T12:30:00Z,2025-01-08T20:30:00Z,2
2025,2025_positive_spike_cluster_1,positive_spike_cluster,2025-01-08 11:30:00+00:00,2025-01-08 13:00:00+00:00,2.0,4,1950.0,250.4607796554952,1286.365194913874,148.54339088280784,3485.5,24439.5,3954.0,2025-01-08 12:30:00+00:00,midday,jan_spike_stress,,,,"Candidate positive spike event. Check low wind, high gas, positive imbalance, evening timing and external availability events.",very_high_gas+low_wind,2025-01-08 09:30:00+00:00,2025-01-08 15:00:00+00:00,2025-01-08T09:30:00Z,2025-01-08T15:00:00Z,2
2025,2025_positive_spike_cluster_6,positive_spike_cluster,2025-01-20 16:30:00+00:00,2025-01-20 17:30:00+00:00,1.5,3,678.4771340408087,380.0,527.8257113469363,199.72770809523809,2142.6666666666665,26911.0,1909.3333333333333,2025-01-20 17:00:00+00:00,evening_peak,jan_spike_stress,,,,"Candidate positive spike event. Check low wind, high gas, positive imbalance, evening timing and external availability events.",very_high_gas+very_low_wind+positive_imbalance+lower_interconnector_support,2025-01-20 14:30:00+00:00,2025-01-20 19:30:00+00:00,2025-01-20T14:30:00Z,2025-01-20T19:30:00Z,2
2025,2025_positive_spike_cluster_3,positive_spike_cluster,2025-01-08 19:30:00+00:00,2025-01-08 19:30:00+00:00,0.5,1,600.0,600.0,600.0,51.28219816395664,2342.0,24209.0,4314.0,2025-01-08 19:30:00+00:00,evening_peak,jan_spike_stress,,,,"Candidate positive spike event. Check low wind, high gas, positive imbalance, evening timing and external availability events.",very_high_gas+very_low_wind,2025-01-08 17:30:00+00:00,2025-01-08 21:30:00+00:00,2025-01-08T17:30:00Z,2025-01-08T21:30:00Z,2
2025,2025_positive_spike_cluster_12,positive_spike_cluster,2025-10-13 11:30:00+00:00,2025-10-13 12:00:00+00:00,1.0,2,487.0,290.0,388.5,109.4329134537708,1068.5,21621.5,3754.0,2025-10-13 11:30:00+00:00,midday,oct_mixed_transition,,,,"Candidate positive spike event. Check low wind, high gas, positive imbalance, evening timing and external availability events.",very_high_gas+very_low_wind,2025-10-13 09:30:00+00:00,2025-10-13 14:00:00+00:00,2025-10-13T09:30:00Z,2025-10-13T14:00:00Z,2
2025,2025_positive_spike_cluster_9,positive_spike_cluster,2025-01-22 06:30:00+00:00,2025-01-22 07:00:00+00:00,1.0,2,450.0,340.0,395.0,181.91127458333335,115.0,25771.5,1971.0,2025-01-22 07:00:00+00:00,morning_ramp,jan_spike_stress,,,,"Candidate positive spike event. Check low wind, high gas, positive imbalance, evening timing and external availability events.",very_high_gas+very_low_wind+positive_imbalance+lower_interconnector_support,2025-01-22 04:30:00+00:00,2025-01-22 09:00:00+00:00,2025-01-22T04:30:00Z,2025-01-22T09:00:00Z,2
2025,2025_positive_spike_cluster_10,positive_spike_cluster,2025-06-30 17:00:00+00:00,2025-06-30 19:30:00+00:00,3.0,6,423.85,289.03,366.8016666666667,656.2986690240556,7299.666666666667,13537.833333333334,665.6666666666666,2025-06-30 17:00:00+00:00,evening_peak,jun_mixed_tail,,,,"Candidate positive spike event. Check low wind, high gas, positive imbalance, evening timing and external availability events.",low_wind+very_positive_imbalance+lower_interconnector_support,2025-06-30 15:00:00+00:00,2025-06-30 21:30:00+00:00,2025-06-30T15:00:00Z,2025-06-30T21:30:00Z,2
2025,2025_positive_spike_cluster_16,positive_spike_cluster,2025-10-22 16:00:00+00:00,2025-10-22 17:30:00+00:00,2.0,4,315.1,250.0,279.44752,171.5579873768679,2052.25,20144.25,4095.5,2025-10-22 16:00:00+00:00,evening_peak,oct_mixed_transition,,,,"Candidate positive spike event. Check low wind, high gas, positive imbalance, evening timing and external availability events.",very_high_gas+very_low_wind+positive_imbalance,2025-10-22 14:00:00+00:00,2025-10-22 19:30:00+00:00,2025-10-22T14:00:00Z,2025-10-22T19:30:00Z,2
2025,2025_positive_spike_cluster_5,positive_spike_cluster,2025-01-20 07:00:00+00:00,2025-01-20 07:00:00+00:00,0.5,1,304.2,304.2,304.2,11.650854779783126,2333.0,25322.0,452.0,2025-01-20 07:00:00+00:00,morning_ramp,jan_spike_stress,,,,"Candidate positive spike event. Check low wind, high gas, positive imbalance, evening timing and external availability events.",very_high_gas+very_low_wind+lower_interconnector_support,2025-01-20 05:00:00+00:00,2025-01-20 09:00:00+00:00,2025-01-20T05:00:00Z,2025-01-20T09:00:00Z,2
2025,2025_positive_spike_cluster_14,positive_spike_cluster,2025-10-14 17:00:00+00:00,2025-10-14 17:00:00+00:00,0.5,1,300.0,300.0,300.0,13.3421875,3626.0,22624.0,1906.0,2025-10-14 17:00:00+00:00,evening_peak,oct_mixed_transition,,,,"Candidate positive spike event. Check low wind, high gas, positive imbalance, evening timing and external availability events.",very_high_gas+low_wind+lower_interconnector_support,2025-10-14 15:00:00+00:00,2025-10-14 19:00:00+00:00,2025-10-14T15:00:00Z,2025-10-14T19:00:00Z,2
2025,2025_positive_spike_cluster_13,positive_spike_cluster,2025-10-13 16:00:00+00:00,2025-10-13 17:30:00+00:00,2.0,4,294.93,281.88,285.43,350.85496299671297,1084.25,22757.5,2838.0,2025-10-13 16:00:00+00:00,evening_peak,oct_mixed_transition,,,,"Candidate positive spike event. Check low wind, high gas, positive imbalance, evening timing and external availability events.",very_high_gas+very_low_wind+very_positive_imbalance,2025-10-13 14:00:00+00:00,2025-10-13 19:30:00+00:00,2025-10-13T14:00:00Z,2025-10-13T19:30:00Z,2
2025,2025_positive_spike_cluster_7,positive_spike_cluster,2025-01-20 19:00:00+00:00,2025-01-20 19:00:00+00:00,0.5,1,278.50004838553593,278.50004838553593,278.50004838553593,43.616278888888885,2792.0,25572.0,2776.0,2025-01-20 19:00:00+00:00,evening_peak,jan_spike_stress,,,,"Candidate positive spike event. Check low wind, high gas, positive imbalance, evening timing and external availability events.",very_high_gas+very_low_wind,2025-01-20 17:00:00+00:00,2025-01-20 21:00:00+00:00,2025-01-20T17:00:00Z,2025-01-20T21:00:00Z,2
2025,2025_positive_spike_cluster_8,positive_spike_cluster,2025-01-21 13:30:00+00:00,2025-01-21 13:30:00+00:00,0.5,1,265.0,265.0,265.0,9.827619047619049,3167.0,24621.0,2724.0,2025-01-21 13:30:00+00:00,midday,jan_spike_stress,,,,"Candidate positive spike event. Check low wind, high gas, positive imbalance, evening timing and external availability events.",very_high_gas+low_wind,2025-01-21 11:30:00+00:00,2025-01-21 15:30:00+00:00,2025-01-21T11:30:00Z,2025-01-21T15:30:00Z,2
2025,2025_positive_spike_cluster_15,positive_spike_cluster,2025-10-15 15:30:00+00:00,2025-10-15 15:30:00+00:00,0.5,1,264.0,264.0,264.0,203.77777777777777,2571.0,20372.0,2342.0,2025-10-15 15:30:00+00:00,afternoon,oct_mixed_transition,,,,"Candidate positive spike event. Check low wind, high gas, positive imbalance, evening timing and external availability events.",very_high_gas+very_low_wind+positive_imbalance+lower_interconnector_support,2025-10-15 13:30:00+00:00,2025-10-15 17:30:00+00:00,2025-10-15T13:30:00Z,2025-10-15T17:30:00Z,2
2025,2025_positive_spike_cluster_11,positive_spike_cluster,2025-07-01 17:00:00+00:00,2025-07-01 17:00:00+00:00,0.5,1,263.58,263.58,263.58,449.5319827566137,3931.0,14269.0,2484.0,2025-07-01 17:00:00+00:00,evening_peak,jul_sep_surplus,,,,"Candidate positive spike event. Check low wind, high gas, positive imbalance, evening timing and external availability events.",low_wind+very_positive_imbalance+lower_interconnector_support,2025-07-01 15:00:00+00:00,2025-07-01 19:00:00+00:00,2025-07-01T15:00:00Z,2025-07-01T19:00:00Z,2
2025,2025_positive_spike_cluster_4,positive_spike_cluster,2025-01-08 21:00:00+00:00,2025-01-08 21:00:00+00:00,0.5,1,250.0,250.0,250.0,187.9627825,2421.0,22319.0,3958.0,2025-01-08 21:00:00+00:00,late_evening,jan_spike_stress,,,,"Candidate positive spike event. Check low wind, high gas, positive imbalance, evening timing and external availability events.",very_high_gas+very_low_wind+positive_imbalance,2025-01-08 19:00:00+00:00,2025-01-08 23:00:00+00:00,2025-01-08T19:00:00Z,2025-01-08T23:00:00Z,2
2025,2025_large_upward_jump_366,large_upward_jump,2025-01-08 14:30:00+00:00,2025-01-08 15:00:00+00:00,0.5,1,2900.0,2900.0,2900.0,159.88493166666666,2542.0,24920.0,4174.0,2025-01-08 15:00:00+00:00,afternoon,jan_spike_stress,600.0,2900.0,2300.0,Price moved from 600.0 to 2900.0 in one settlement period. Check internal drivers and external availability context.,sudden_price_movement_check_internal_and_external_context,2025-01-08 12:30:00+00:00,2025-01-08 17:00:00+00:00,2025-01-08T12:30:00Z,2025-01-08T17:00:00Z,3
2025,2025_large_upward_jump_361,large_upward_jump,2025-01-08 12:00:00+00:00,2025-01-08 12:30:00+00:00,0.5,1,1950.0,1950.0,1950.0,111.91191018461008,3258.0,24533.0,3932.0,2025-01-08 12:30:00+00:00,midday,jan_spike_stress,995.0,1950.0,955.0,Price moved from 995.0 to 1950.0 in one settlement period. Check internal drivers and external availability context.,sudden_price_movement_check_internal_and_external_context,2025-01-08 10:00:00+00:00,2025-01-08 14:30:00+00:00,2025-01-08T10:00:00Z,2025-01-08T14:30:00Z,3
2025,2025_large_upward_jump_360,large_upward_jump,2025-01-08 11:30:00+00:00,2025-01-08 12:00:00+00:00,0.5,1,995.0,995.0,995.0,216.35750500568344,3525.0,24631.0,3928.0,2025-01-08 12:00:00+00:00,midday,jan_spike_stress,250.4607796554952,995.0,744.5392203445048,Price moved from 250.4607796554952 to 995.0 in one settlement period. Check internal drivers and external availability context.,sudden_price_movement_check_internal_and_external_context,2025-01-08 09:30:00+00:00,2025-01-08 14:00:00+00:00,2025-01-08T09:30:00Z,2025-01-08T14:00:00Z,3
2025,2025_large_upward_jump_946,large_upward_jump,2025-01-20 16:30:00+00:00,2025-01-20 17:00:00+00:00,0.5,1,678.4771340408087,678.4771340408087,678.4771340408087,291.03424472222224,2138.0,26949.0,1656.0,2025-01-20 17:00:00+00:00,evening_peak,jan_spike_stress,380.0,678.4771340408087,298.47713404080866,Price moved from 380.0 to 678.4771340408087 in one settlement period. Check internal drivers and external availability context.,sudden_price_movement_check_internal_and_external_context,2025-01-20 14:30:00+00:00,2025-01-20 19:00:00+00:00,2025-01-20T14:30:00Z,2025-01-20T19:00:00Z,3
2025,2025_large_upward_jump_365,large_upward_jump,2025-01-08 14:00:00+00:00,2025-01-08 14:30:00+00:00,0.5,1,600.0,600.0,600.0,24.764263425925925,2597.0,24691.0,4206.0,2025-01-08 14:30:00+00:00,afternoon,jan_spike_stress,146.0,600.0,454.0,Price moved from 146.0 to 600.0 in one settlement period. Check internal drivers and external availability context.,sudden_price_movement_check_internal_and_external_context,2025-01-08 12:00:00+00:00,2025-01-08 16:30:00+00:00,2025-01-08T12:00:00Z,2025-01-08T16:30:00Z,3
2025,2025_large_upward_jump_375,large_upward_jump,2025-01-08 19:00:00+00:00,2025-01-08 19:30:00+00:00,0.5,1,600.0,600.0,600.0,51.28219816395664,2342.0,24209.0,4314.0,2025-01-08 19:30:00+00:00,evening_peak,jan_spike_stress,115.49,600.0,484.51,Price moved from 115.49 to 600.0 in one settlement period. Check internal drivers and external availability context.,sudden_price_movement_check_internal_and_external_context,2025-01-08 17:00:00+00:00,2025-01-08 21:30:00+00:00,2025-01-08T17:00:00Z,2025-01-08T21:30:00Z,3
2025,2025_large_upward_jump_13703,large_upward_jump,2025-10-13 11:00:00+00:00,2025-10-13 11:30:00+00:00,0.5,1,487.0,487.0,487.0,184.92249316358024,1088.0,21640.0,3762.0,2025-10-13 11:30:00+00:00,midday,oct_mixed_transition,176.37775455074637,487.0,310.6222454492536,Price moved from 176.37775455074637 to 487.0 in one settlement period. Check internal drivers and external availability context.,sudden_price_movement_check_internal_and_external_context,2025-10-13 09:00:00+00:00,2025-10-13 13:30:00+00:00,2025-10-13T09:00:00Z,2025-10-13T13:30:00Z,3
2025,2025_large_upward_jump_1022,large_upward_jump,2025-01-22 06:30:00+00:00,2025-01-22 07:00:00+00:00,0.5,1,450.0,450.0,450.0,204.5,102.0,26057.0,2372.0,2025-01-22 07:00:00+00:00,morning_ramp,jan_spike_stress,340.0,450.0,110.0,Price moved from 340.0 to 450.0 in one settlement period. Check internal drivers and external availability context.,sudden_price_movement_check_internal_and_external_context,2025-01-22 04:30:00+00:00,2025-01-22 09:00:00+00:00,2025-01-22T04:30:00Z,2025-01-22T09:00:00Z,3
2025,2025_large_upward_jump_8674,large_upward_jump,2025-06-30 16:30:00+00:00,2025-06-30 17:00:00+00:00,0.5,1,423.85,423.85,423.85,749.356793509361,6825.0,11740.0,1602.0,2025-06-30 17:00:00+00:00,evening_peak,jun_mixed_tail,195.96,423.85,227.89000000000001,Price moved from 195.96 to 423.85 in one settlement period. Check internal drivers and external availability context.,sudden_price_movement_check_internal_and_external_context,2025-06-30 14:30:00+00:00,2025-06-30 19:00:00+00:00,2025-06-30T14:30:00Z,2025-06-30T19:00:00Z,3
2025,2025_large_upward_jump_945,large_upward_jump,2025-01-20 16:00:00+00:00,2025-01-20 16:30:00+00:00,0.5,1,380.0,380.0,380.0,185.6082763888889,1971.0,26735.0,2498.0,2025-01-20 16:30:00+00:00,evening_peak,jan_spike_stress,131.55,380.0,248.45,Price moved from 131.55 to 380.0 in one settlement period. Check internal drivers and external availability context.,sudden_price_movement_check_internal_and_external_context,2025-01-20 14:00:00+00:00,2025-01-20 18:30:00+00:00,2025-01-20T14:00:00Z,2025-01-20T18:30:00Z,3
2025,2025_large_upward_jump_1021,large_upward_jump,2025-01-22 06:00:00+00:00,2025-01-22 06:30:00+00:00,0.5,1,340.0,340.0,340.0,159.32254916666668,128.0,25486.0,1570.0,2025-01-22 06:30:00+00:00,morning_ramp,jan_spike_stress,89.13,340.0,250.87,Price moved from 89.13 to 340.0 in one settlement period. Check internal drivers and external availability context.,sudden_price_movement_check_internal_and_external_context,2025-01-22 04:00:00+00:00,2025-01-22 08:30:00+00:00,2025-01-22T04:00:00Z,2025-01-22T08:30:00Z,3
2025,2025_large_upward_jump_14144,large_upward_jump,2025-10-22 15:30:00+00:00,2025-10-22 16:00:00+00:00,0.5,1,315.1,315.1,315.1,394.1674707981308,2182.0,19630.0,3766.0,2025-10-22 16:00:00+00:00,evening_peak,oct_mixed_transition,209.38,315.1,105.72000000000003,Price moved from 209.38 to 315.1 in one settlement period. Check internal drivers and external availability context.,sudden_price_movement_check_internal_and_external_context,2025-10-22 13:30:00+00:00,2025-10-22 18:00:00+00:00,2025-10-22T13:30:00Z,2025-10-22T18:00:00Z,3
2025,2025_large_upward_jump_926,large_upward_jump,2025-01-20 06:30:00+00:00,2025-01-20 07:00:00+00:00,0.5,1,304.2,304.2,304.2,11.650854779783126,2333.0,25322.0,452.0,2025-01-20 07:00:00+00:00,morning_ramp,jan_spike_stress,87.55,304.2,216.64999999999998,Price moved from 87.55 to 304.2 in one settlement period. Check internal drivers and external availability context.,sudden_price_movement_check_internal_and_external_context,2025-01-20 04:30:00+00:00,2025-01-20 09:00:00+00:00,2025-01-20T04:30:00Z,2025-01-20T09:00:00Z,3
2025,2025_large_upward_jump_13762,large_upward_jump,2025-10-14 16:30:00+00:00,2025-10-14 17:00:00+00:00,0.5,1,300.0,300.0,300.0,13.3421875,3626.0,22624.0,1906.0,2025-10-14 17:00:00+00:00,evening_peak,oct_mixed_transition,93.05,300.0,206.95,Price moved from 93.05 to 300.0 in one settlement period. Check internal drivers and external availability context.,sudden_price_movement_check_internal_and_external_context,2025-10-14 14:30:00+00:00,2025-10-14 19:00:00+00:00,2025-10-14T14:30:00Z,2025-10-14T19:00:00Z,3
2025,2025_large_upward_jump_950,large_upward_jump,2025-01-20 18:30:00+00:00,2025-01-20 19:00:00+00:00,0.5,1,278.50004838553593,278.50004838553593,278.50004838553593,43.616278888888885,2792.0,25572.0,2776.0,2025-01-20 19:00:00+00:00,evening_peak,jan_spike_stress,88.06,278.50004838553593,190.44004838553593,Price moved from 88.06 to 278.50004838553593 in one settlement period. Check internal drivers and external availability context.,sudden_price_movement_check_internal_and_external_context,2025-01-20 16:30:00+00:00,2025-01-20 21:00:00+00:00,2025-01-20T16:30:00Z,2025-01-20T21:00:00Z,3
2025,2025_large_upward_jump_987,large_upward_jump,2025-01-21 13:00:00+00:00,2025-01-21 13:30:00+00:00,0.5,1,265.0,265.0,265.0,9.827619047619049,3167.0,24621.0,2724.0,2025-01-21 13:30:00+00:00,midday,jan_spike_stress,96.79,265.0,168.20999999999998,Price moved from 96.79 to 265.0 in one settlement period. Check internal drivers and external availability context.,sudden_price_movement_check_internal_and_external_context,2025-01-21 11:00:00+00:00,2025-01-21 15:30:00+00:00,2025-01-21T11:00:00Z,2025-01-21T15:30:00Z,3
2025,2025_large_upward_jump_8722,large_upward_jump,2025-07-01 16:30:00+00:00,2025-07-01 17:00:00+00:00,0.5,1,263.58,263.58,263.58,449.5319827566137,3931.0,14269.0,2484.0,2025-07-01 17:00:00+00:00,evening_peak,jul_sep_surplus,75.45,263.58,188.13,Price moved from 75.45 to 263.58 in one settlement period. Check internal drivers and external availability context.,sudden_price_movement_check_internal_and_external_context,2025-07-01 14:30:00+00:00,2025-07-01 19:00:00+00:00,2025-07-01T14:30:00Z,2025-07-01T19:00:00Z,3
2025,2025_large_upward_jump_378,large_upward_jump,2025-01-08 20:30:00+00:00,2025-01-08 21:00:00+00:00,0.5,1,250.0,250.0,250.0,187.9627825,2421.0,22319.0,3958.0,2025-01-08 21:00:00+00:00,late_evening,jan_spike_stress,112.0,250.0,138.0,Price moved from 112.0 to 250.0 in one settlement period. Check internal drivers and external availability context.,sudden_price_movement_check_internal_and_external_context,2025-01-08 18:30:00+00:00,2025-01-08 23:00:00+00:00,2025-01-08T18:30:00Z,2025-01-08T23:00:00Z,3
2025,2025_large_upward_jump_13708,large_upward_jump,2025-10-13 13:30:00+00:00,2025-10-13 14:00:00+00:00,0.5,1,232.56,232.56,232.56,201.17499057306256,1040.0,21797.0,2580.0,2025-10-13 14:00:00+00:00,afternoon,oct_mixed_transition,81.0,232.56,151.56,Price moved from 81.0 to 232.56 in one settlement period. Check internal drivers and external availability context.,sudden_price_movement_check_internal_and_external_context,2025-10-13 11:30:00+00:00,2025-10-13 16:00:00+00:00,2025-10-13T11:30:00Z,2025-10-13T16:00:00Z,3
2025,2025_large_upward_jump_932,large_upward_jump,2025-01-20 09:30:00+00:00,2025-01-20 10:00:00+00:00,0.5,1,224.83014529110483,224.83014529110483,224.83014529110483,4.000333333333334,1859.0,27163.0,2468.0,2025-01-20 10:00:00+00:00,midday,jan_spike_stress,110.0,224.83014529110483,114.83014529110483,Price moved from 110.0 to 224.83014529110483 in one settlement period. Check internal drivers and external availability context.,sudden_price_movement_check_internal_and_external_context,2025-01-20 07:30:00+00:00,2025-01-20 12:00:00+00:00,2025-01-20T07:30:00Z,2025-01-20T12:00:00Z,3
2025,2025_large_upward_jump_993,large_upward_jump,2025-01-21 16:00:00+00:00,2025-01-21 16:30:00+00:00,0.5,1,224.45984124848647,224.45984124848647,224.45984124848647,4.551272727272727,2438.0,25162.0,3578.0,2025-01-21 16:30:00+00:00,evening_peak,jan_spike_stress,109.0,224.45984124848647,115.45984124848647,Price moved from 109.0 to 224.45984124848647 in one settlement period. Check internal drivers and external availability context.,sudden_price_movement_check_internal_and_external_context,2025-01-21 14:00:00+00:00,2025-01-21 18:30:00+00:00,2025-01-21T14:00:00Z,2025-01-21T18:30:00Z,3
2025,2025_large_upward_jump_998,large_upward_jump,2025-01-21 18:30:00+00:00,2025-01-21 19:00:00+00:00,0.5,1,203.0,203.0,203.0,10.258333333333333,2792.0,24716.0,3618.0,2025-01-21 19:00:00+00:00,evening_peak,jan_spike_stress,88.65,203.0,114.35,Price moved from 88.65 to 203.0 in one settlement period. Check internal drivers and external availability context.,sudden_price_movement_check_internal_and_external_context,2025-01-21 16:30:00+00:00,2025-01-21 21:00:00+00:00,2025-01-21T16:30:00Z,2025-01-21T21:00:00Z,3
2025,2025_large_upward_jump_8672,large_upward_jump,2025-06-30 15:30:00+00:00,2025-06-30 16:00:00+00:00,0.5,1,201.6,201.6,201.6,949.6423075697554,6793.0,11268.0,1588.0,2025-06-30 16:00:00+00:00,evening_peak,jun_mixed_tail,71.0,201.6,130.6,Price moved from 71.0 to 201.6 in one settlement period. Check internal drivers and external availability context.,sudden_price_movement_check_internal_and_external_context,2025-06-30 13:30:00+00:00,2025-06-30 18:00:00+00:00,2025-06-30T13:30:00Z,2025-06-30T18:00:00Z,3
2025,2025_large_upward_jump_447,large_upward_jump,2025-01-10 07:00:00+00:00,2025-01-10 07:30:00+00:00,0.5,1,199.0,199.0,199.0,83.29355287037038,3650.0,23085.0,4974.0,2025-01-10 07:30:00+00:00,morning_ramp,jan_spike_stress,81.01,199.0,117.99,Price moved from 81.01 to 199.0 in one settlement period. Check internal drivers and external availability context.,sudden_price_movement_check_internal_and_external_context,2025-01-10 05:00:00+00:00,2025-01-10 09:30:00+00:00,2025-01-10T05:00:00Z,2025-01-10T09:30:00Z,3
2025,2025_large_upward_jump_14142,large_upward_jump,2025-10-22 14:30:00+00:00,2025-10-22 15:00:00+00:00,0.5,1,196.73,196.73,196.73,410.334490154696,2860.0,18108.0,3720.0,2025-10-22 15:00:00+00:00,afternoon,oct_mixed_transition,67.05,196.73,129.68,Price moved from 67.05 to 196.73 in one settlement period. Check internal drivers and external availability context.,sudden_price_movement_check_internal_and_external_context,2025-10-22 12:30:00+00:00,2025-10-22 17:00:00+00:00,2025-10-22T12:30:00Z,2025-10-22T17:00:00Z,3
2025,2025_large_upward_jump_3725,large_upward_jump,2025-03-19 14:00:00+00:00,2025-03-19 14:30:00+00:00,0.5,1,185.0,185.0,185.0,30.286300960266804,1042.0,15098.0,6060.0,2025-03-19 14:30:00+00:00,afternoon,feb_mar_broad_stress,79.22,185.0,105.78,Price moved from 79.22 to 185.0 in one settlement period. Check internal drivers and external availability context.,sudden_price_movement_check_internal_and_external_context,2025-03-19 12:00:00+00:00,2025-03-19 16:30:00+00:00,2025-03-19T12:00:00Z,2025-03-19T16:30:00Z,3
2025,2025_large_upward_jump_4666,large_upward_jump,2025-04-08 04:30:00+00:00,2025-04-08 05:00:00+00:00,0.5,1,181.0,181.0,181.0,347.8515789285714,877.0,16781.0,488.0,2025-04-08 05:00:00+00:00,night,apr_may_surplus_shift,67.0,181.0,114.0,Price moved from 67.0 to 181.0 in one settlement period. Check internal drivers and external availability context.,sudden_price_movement_check_internal_and_external_context,2025-04-08 02:30:00+00:00,2025-04-08 07:00:00+00:00,2025-04-08T02:30:00Z,2025-04-08T07:00:00Z,3
2025,2025_large_upward_jump_3489,large_upward_jump,2025-03-14 16:00:00+00:00,2025-03-14 16:30:00+00:00,0.5,1,180.0,180.0,180.0,182.97575,2380.0,20722.0,5440.0,2025-03-14 16:30:00+00:00,evening_peak,feb_mar_broad_stress,78.6,180.0,101.4,Price moved from 78.6 to 180.0 in one settlement period. Check internal drivers and external availability context.,sudden_price_movement_check_internal_and_external_context,2025-03-14 14:00:00+00:00,2025-03-14 18:30:00+00:00,2025-03-14T14:00:00Z,2025-03-14T18:30:00Z,3
2025,2025_large_upward_jump_13049,large_upward_jump,2025-09-29 20:00:00+00:00,2025-09-29 20:30:00+00:00,0.5,1,169.0171334737646,169.0171334737646,169.0171334737646,72.075,3855.0,15363.0,4090.0,2025-09-29 20:30:00+00:00,late_evening,jul_sep_surplus,65.55,169.0171334737646,103.4671334737646,Price moved from 65.55 to 169.0171334737646 in one settlement period. Check internal drivers and external availability context.,sudden_price_movement_check_internal_and_external_context,2025-09-29 18:00:00+00:00,2025-09-29 22:30:00+00:00,2025-09-29T18:00:00Z,2025-09-29T22:30:00Z,3
2025,2025_large_upward_jump_15585,large_upward_jump,2025-11-21 16:00:00+00:00,2025-11-21 16:30:00+00:00,0.5,1,167.0,167.0,167.0,181.73472466269843,7608.0,21292.0,1614.0,2025-11-21 16:30:00+00:00,evening_peak,nov_dec_quiet,66.0,167.0,101.0,Price moved from 66.0 to 167.0 in one settlement period. Check internal drivers and external availability context.,sudden_price_movement_check_internal_and_external_context,2025-11-21 14:00:00+00:00,2025-11-21 18:30:00+00:00,2025-11-21T14:00:00Z,2025-11-21T18:30:00Z,3
2025,2025_large_upward_jump_8248,large_upward_jump,2025-06-21 19:30:00+00:00,2025-06-21 20:00:00+00:00,0.5,1,141.0,141.0,141.0,271.49439484126987,9172.0,7801.0,998.0,2025-06-21 20:00:00+00:00,late_evening,jun_mixed_tail,-11.03,141.0,152.03,Price moved from -11.03 to 141.0 in one settlement period. Check internal drivers and external availability context.,sudden_price_movement_check_internal_and_external_context,2025-06-21 17:30:00+00:00,2025-06-21 22:00:00+00:00,2025-06-21T17:30:00Z,2025-06-21T22:00:00Z,3
2025,2025_large_upward_jump_2530,large_upward_jump,2025-02-22 16:30:00+00:00,2025-02-22 17:00:00+00:00,0.5,1,126.9,126.9,126.9,269.22655961133216,8942.0,8185.0,5246.0,2025-02-22 17:00:00+00:00,evening_peak,feb_mar_broad_stress,-0.87,126.9,127.77000000000001,Price moved from -0.87 to 126.9 in one settlement period. Check internal drivers and external availability context.,sudden_price_movement_check_internal_and_external_context,2025-02-22 14:30:00+00:00,2025-02-22 19:00:00+00:00,2025-02-22T14:30:00Z,2025-02-22T19:00:00Z,3
2025,2025_large_upward_jump_8381,large_upward_jump,2025-06-24 14:00:00+00:00,2025-06-24 14:30:00+00:00,0.5,1,124.9,124.9,124.9,303.0177777777778,12579.0,1709.0,2182.0,2025-06-24 14:30:00+00:00,afternoon,jun_mixed_tail,-16.24,124.9,141.14000000000001,Price moved from -16.24 to 124.9 in one settlement period. Check internal drivers and external availability context.,sudden_price_movement_check_internal_and_external_context,2025-06-24 12:00:00+00:00,2025-06-24 16:30:00+00:00,2025-06-24T12:00:00Z,2025-06-24T16:30:00Z,3
2025,2025_large_upward_jump_1259,large_upward_jump,2025-01-27 05:00:00+00:00,2025-01-27 05:30:00+00:00,0.5,1,121.85,121.85,121.85,39.01345888888889,11299.0,2308.0,4384.0,2025-01-27 05:30:00+00:00,night,jan_spike_stress,19.19,121.85,102.66,Price moved from 19.19 to 121.85 in one settlement period. Check internal drivers and external availability context.,sudden_price_movement_check_internal_and_external_context,2025-01-27 03:00:00+00:00,2025-01-27 07:30:00+00:00,2025-01-27T03:00:00Z,2025-01-27T07:30:00Z,3
2025,2025_large_upward_jump_2225,large_upward_jump,2025-02-16 08:00:00+00:00,2025-02-16 08:30:00+00:00,0.5,1,120.49,120.49,120.49,3.704892612681549,10994.0,7299.0,3364.0,2025-02-16 08:30:00+00:00,morning_ramp,feb_mar_broad_stress,-0.19,120.49,120.67999999999999,Price moved from -0.19 to 120.49 in one settlement period. Check internal drivers and external availability context.,sudden_price_movement_check_internal_and_external_context,2025-02-16 06:00:00+00:00,2025-02-16 10:30:00+00:00,2025-02-16T06:00:00Z,2025-02-16T10:30:00Z,3
2025,2025_large_upward_jump_8378,large_upward_jump,2025-06-24 12:30:00+00:00,2025-06-24 13:00:00+00:00,0.5,1,118.0,118.0,118.0,175.42657407407407,13203.0,1755.0,830.0,2025-06-24 13:00:00+00:00,midday,jun_mixed_tail,-16.24,118.0,134.24,Price moved from -16.24 to 118.0 in one settlement period. Check internal drivers and external availability context.,sudden_price_movement_check_internal_and_external_context,2025-06-24 10:30:00+00:00,2025-06-24 15:00:00+00:00,2025-06-24T10:30:00Z,2025-06-24T15:00:00Z,3
2025,2025_large_upward_jump_2309,large_upward_jump,2025-02-18 02:00:00+00:00,2025-02-18 02:30:00+00:00,0.5,1,117.9,117.9,117.9,174.87777848484848,10528.0,10853.0,232.0,2025-02-18 02:30:00+00:00,night,feb_mar_broad_stress,-0.87,117.9,118.77000000000001,Price moved from -0.87 to 117.9 in one settlement period. Check internal drivers and external availability context.,sudden_price_movement_check_internal_and_external_context,2025-02-18 00:00:00+00:00,2025-02-18 04:30:00+00:00,2025-02-18T00:00:00Z,2025-02-18T04:30:00Z,3
2025,2025_large_upward_jump_8306,large_upward_jump,2025-06-23 00:30:00+00:00,2025-06-23 01:00:00+00:00,0.5,1,116.5,116.5,116.5,173.04953354561502,13155.0,3368.0,-3096.0,2025-06-23 01:00:00+00:00,night,jun_mixed_tail,-11.0,116.5,127.5,Price moved from -11.0 to 116.5 in one settlement period. Check internal drivers and external availability context.,sudden_price_movement_check_internal_and_external_context,2025-06-22 22:30:00+00:00,2025-06-23 03:00:00+00:00,2025-06-22T22:30:00Z,2025-06-23T03:00:00Z,3
2025,2025_large_upward_jump_2946,large_upward_jump,2025-03-03 08:30:00+00:00,2025-03-03 09:00:00+00:00,0.5,1,116.38,116.38,116.38,27.20926641725352,7060.0,12470.0,5500.0,2025-03-03 09:00:00+00:00,morning_ramp,feb_mar_broad_stress,-0.7,116.38,117.08,Price moved from -0.7 to 116.38 in one settlement period. Check internal drivers and external availability context.,sudden_price_movement_check_internal_and_external_context,2025-03-03 06:30:00+00:00,2025-03-03 11:00:00+00:00,2025-03-03T06:30:00Z,2025-03-03T11:00:00Z,3
2025,2025_large_upward_jump_12369,large_upward_jump,2025-09-15 16:00:00+00:00,2025-09-15 16:30:00+00:00,0.5,1,115.9,115.9,115.9,281.5514518858556,14914.0,4187.0,2964.0,2025-09-15 16:30:00+00:00,evening_peak,jul_sep_surplus,0.0,115.9,115.9,Price moved from 0.0 to 115.9 in one settlement period. Check internal drivers and external availability context.,sudden_price_movement_check_internal_and_external_context,2025-09-15 14:00:00+00:00,2025-09-15 18:30:00+00:00,2025-09-15T14:00:00Z,2025-09-15T18:30:00Z,3
2025,2025_large_upward_jump_4472,large_upward_jump,2025-04-04 03:30:00+00:00,2025-04-04 04:00:00+00:00,0.5,1,115.17022222222222,115.17022222222222,115.17022222222222,3.2932952777777778,6805.0,5947.0,2144.0,2025-04-04 04:00:00+00:00,night,apr_may_surplus_shift,12.0,115.17022222222222,103.17022222222222,Price moved from 12.0 to 115.17022222222222 in one settlement period. Check internal drivers and external availability context.,sudden_price_movement_check_internal_and_external_context,2025-04-04 01:30:00+00:00,2025-04-04 06:00:00+00:00,2025-04-04T01:30:00Z,2025-04-04T06:00:00Z,3
2025,2025_large_upward_jump_2538,large_upward_jump,2025-02-22 20:30:00+00:00,2025-02-22 21:00:00+00:00,0.5,1,114.0,114.0,114.0,78.56655215338164,8986.0,5377.0,6174.0,2025-02-22 21:00:00+00:00,late_evening,feb_mar_broad_stress,12.0,114.0,102.0,Price moved from 12.0 to 114.0 in one settlement period. Check internal drivers and external availability context.,sudden_price_movement_check_internal_and_external_context,2025-02-22 18:30:00+00:00,2025-02-22 23:00:00+00:00,2025-02-22T18:30:00Z,2025-02-22T23:00:00Z,3
2025,2025_large_upward_jump_1348,large_upward_jump,2025-01-29 01:30:00+00:00,2025-01-29 02:00:00+00:00,0.5,1,110.0,110.0,110.0,56.60833333333333,12442.0,1938.0,5064.0,2025-01-29 02:00:00+00:00,night,jan_spike_stress,-1.57,110.0,111.57,Price moved from -1.57 to 110.0 in one settlement period. Check internal drivers and external availability context.,sudden_price_movement_check_internal_and_external_context,2025-01-28 23:30:00+00:00,2025-01-29 04:00:00+00:00,2025-01-28T23:30:00Z,2025-01-29T04:00:00Z,3
2025,2025_large_upward_jump_12155,large_upward_jump,2025-09-11 05:00:00+00:00,2025-09-11 05:30:00+00:00,0.5,1,110.0,110.0,110.0,239.24511222222225,14025.0,3612.0,840.0,2025-09-11 05:30:00+00:00,night,jul_sep_surplus,-10.0,110.0,120.0,Price moved from -10.0 to 110.0 in one settlement period. Check internal drivers and external availability context.,sudden_price_movement_check_internal_and_external_context,2025-09-11 03:00:00+00:00,2025-09-11 07:30:00+00:00,2025-09-11T03:00:00Z,2025-09-11T07:30:00Z,3
2025,2025_large_upward_jump_12347,large_upward_jump,2025-09-15 05:00:00+00:00,2025-09-15 05:30:00+00:00,0.5,1,108.9,108.9,108.9,150.24644972222222,13430.0,3364.0,1502.0,2025-09-15 05:30:00+00:00,night,jul_sep_surplus,-11.35,108.9,120.25,Price moved from -11.35 to 108.9 in one settlement period. Check internal drivers and external availability context.,sudden_price_movement_check_internal_and_external_context,2025-09-15 03:00:00+00:00,2025-09-15 07:30:00+00:00,2025-09-15T03:00:00Z,2025-09-15T07:30:00Z,3
2025,2025_large_upward_jump_6226,large_upward_jump,2025-05-10 16:30:00+00:00,2025-05-10 17:00:00+00:00,0.5,1,105.33,105.33,105.33,149.64764900462964,7160.0,6066.0,4668.0,2025-05-10 17:00:00+00:00,evening_peak,apr_may_surplus_shift,-11.32,105.33,116.65,Price moved from -11.32 to 105.33 in one settlement period. Check internal drivers and external availability context.,sudden_price_movement_check_internal_and_external_context,2025-05-10 14:30:00+00:00,2025-05-10 19:00:00+00:00,2025-05-10T14:30:00Z,2025-05-10T19:00:00Z,3
2025,2025_large_upward_jump_4544,large_upward_jump,2025-04-05 15:30:00+00:00,2025-04-05 16:00:00+00:00,0.5,1,105.0,105.0,105.0,63.10327026606101,7325.0,2923.0,5254.0,2025-04-05 16:00:00+00:00,evening_peak,apr_may_surplus_shift,-11.08,105.0,116.08,Price moved from -11.08 to 105.0 in one settlement period. Check internal drivers and external availability context.,sudden_price_movement_check_internal_and_external_context,2025-04-05 13:30:00+00:00,2025-04-05 18:00:00+00:00,2025-04-05T13:30:00Z,2025-04-05T18:00:00Z,3
2025,2025_large_upward_jump_10291,large_upward_jump,2025-08-03 09:00:00+00:00,2025-08-03 09:30:00+00:00,0.5,1,105.0,105.0,105.0,154.3501711574074,7378.0,2719.0,5012.0,2025-08-03 09:30:00+00:00,morning_ramp,jul_sep_surplus,-2.5,105.0,107.5,Price moved from -2.5 to 105.0 in one settlement period. Check internal drivers and external availability context.,sudden_price_movement_check_internal_and_external_context,2025-08-03 07:00:00+00:00,2025-08-03 11:30:00+00:00,2025-08-03T07:00:00Z,2025-08-03T11:30:00Z,3
2025,2025_large_upward_jump_7904,large_upward_jump,2025-06-14 15:30:00+00:00,2025-06-14 16:00:00+00:00,0.5,1,104.85,104.85,104.85,68.43996542929293,10045.0,2473.0,2048.0,2025-06-14 16:00:00+00:00,evening_peak,jun_mixed_tail,-3.98,104.85,108.83,Price moved from -3.98 to 104.85 in one settlement period. Check internal drivers and external availability context.,sudden_price_movement_check_internal_and_external_context,2025-06-14 13:30:00+00:00,2025-06-14 18:00:00+00:00,2025-06-14T13:30:00Z,2025-06-14T18:00:00Z,3
2025,2025_large_upward_jump_7893,large_upward_jump,2025-06-14 10:00:00+00:00,2025-06-14 10:30:00+00:00,0.5,1,104.5,104.5,104.5,6.079833333333333,6378.0,2261.0,4146.0,2025-06-14 10:30:00+00:00,midday,jun_mixed_tail,0.0,104.5,104.5,Price moved from 0.0 to 104.5 in one settlement period. Check internal drivers and external availability context.,sudden_price_movement_check_internal_and_external_context,2025-06-14 08:00:00+00:00,2025-06-14 12:30:00+00:00,2025-06-14T08:00:00Z,2025-06-14T12:30:00Z,3
2025,2025_large_upward_jump_8651,large_upward_jump,2025-06-30 05:00:00+00:00,2025-06-30 05:30:00+00:00,0.5,1,104.5,104.5,104.5,40.75870208740974,5593.0,8693.0,136.0,2025-06-30 05:30:00+00:00,night,jun_mixed_tail,0.0,104.5,104.5,Price moved from 0.0 to 104.5 in one settlement period. Check internal drivers and external availability context.,sudden_price_movement_check_internal_and_external_context,2025-06-30 03:00:00+00:00,2025-06-30 07:30:00+00:00,2025-06-30T03:00:00Z,2025-06-30T07:30:00Z,3
2025,2025_large_upward_jump_8597,large_upward_jump,2025-06-29 02:00:00+00:00,2025-06-29 02:30:00+00:00,0.5,1,103.9,103.9,103.9,24.0556560479798,6008.0,4340.0,1632.0,2025-06-29 02:30:00+00:00,night,jun_mixed_tail,-11.56,103.9,115.46000000000001,Price moved from -11.56 to 103.9 in one settlement period. Check internal drivers and external availability context.,sudden_price_movement_check_internal_and_external_context,2025-06-29 00:00:00+00:00,2025-06-29 04:30:00+00:00,2025-06-29T00:00:00Z,2025-06-29T04:30:00Z,3
2025,2025_large_upward_jump_10303,large_upward_jump,2025-08-03 15:00:00+00:00,2025-08-03 15:30:00+00:00,0.5,1,103.8,103.8,103.8,62.82203703703704,7805.0,2719.0,4810.0,2025-08-03 15:30:00+00:00,afternoon,jul_sep_surplus,2.0,103.8,101.8,Price moved from 2.0 to 103.8 in one settlement period. Check internal drivers and external availability context.,sudden_price_movement_check_internal_and_external_context,2025-08-03 13:00:00+00:00,2025-08-03 17:30:00+00:00,2025-08-03T13:00:00Z,2025-08-03T17:30:00Z,3
2025,2025_large_upward_jump_12129,large_upward_jump,2025-09-10 16:00:00+00:00,2025-09-10 16:30:00+00:00,0.5,1,103.56,103.56,103.56,16.152650277777777,14934.0,5312.0,3368.0,2025-09-10 16:30:00+00:00,evening_peak,jul_sep_surplus,-11.4,103.56,114.96000000000001,Price moved from -11.4 to 103.56 in one settlement period. Check internal drivers and external availability context.,sudden_price_movement_check_internal_and_external_context,2025-09-10 14:00:00+00:00,2025-09-10 18:30:00+00:00,2025-09-10T14:00:00Z,2025-09-10T18:30:00Z,3
2025,2025_large_upward_jump_13385,large_upward_jump,2025-10-06 20:00:00+00:00,2025-10-06 20:30:00+00:00,0.5,1,102.5,102.5,102.5,57.34949012343983,8558.0,12967.0,724.0,2025-10-06 20:30:00+00:00,late_evening,oct_mixed_transition,-7.77,102.5,110.27,Price moved from -7.77 to 102.5 in one settlement period. Check internal drivers and external availability context.,sudden_price_movement_check_internal_and_external_context,2025-10-06 18:00:00+00:00,2025-10-06 22:30:00+00:00,2025-10-06T18:00:00Z,2025-10-06T22:30:00Z,3
2025,2025_large_upward_jump_10563,large_upward_jump,2025-08-09 01:00:00+00:00,2025-08-09 01:30:00+00:00,0.5,1,102.35,102.35,102.35,95.23903158730158,7798.0,4706.0,1556.0,2025-08-09 01:30:00+00:00,night,jul_sep_surplus,-1.0,102.35,103.35,Price moved from -1.0 to 102.35 in one settlement period. Check internal drivers and external availability context.,sudden_price_movement_check_internal_and_external_context,2025-08-08 23:00:00+00:00,2025-08-09 03:30:00+00:00,2025-08-08T23:00:00Z,2025-08-09T03:30:00Z,3
2025,2025_large_upward_jump_10568,large_upward_jump,2025-08-09 03:30:00+00:00,2025-08-09 04:00:00+00:00,0.5,1,102.0,102.0,102.0,77.52539374405453,8036.0,4685.0,-404.0,2025-08-09 04:00:00+00:00,night,jul_sep_surplus,-5.33,102.0,107.33,Price moved from -5.33 to 102.0 in one settlement period. Check internal drivers and external availability context.,sudden_price_movement_check_internal_and_external_context,2025-08-09 01:30:00+00:00,2025-08-09 06:00:00+00:00,2025-08-09T01:30:00Z,2025-08-09T06:00:00Z,3
2025,2025_large_upward_jump_4376,large_upward_jump,2025-04-02 03:30:00+00:00,2025-04-02 04:00:00+00:00,0.5,1,100.0,100.0,100.0,109.79278108410033,10314.0,3267.0,4118.0,2025-04-02 04:00:00+00:00,night,apr_may_surplus_shift,-12.39,100.0,112.39,Price moved from -12.39 to 100.0 in one settlement period. Check internal drivers and external availability context.,sudden_price_movement_check_internal_and_external_context,2025-04-02 01:30:00+00:00,2025-04-02 06:00:00+00:00,2025-04-02T01:30:00Z,2025-04-02T06:00:00Z,3
2025,2025_large_upward_jump_2353,large_upward_jump,2025-02-19 00:00:00+00:00,2025-02-19 00:30:00+00:00,0.5,1,99.83,99.83,99.83,20.068412698412697,14109.0,4288.0,1970.0,2025-02-19 00:30:00+00:00,night,feb_mar_broad_stress,-0.87,99.83,100.7,Price moved from -0.87 to 99.83 in one settlement period. Check internal drivers and external availability context.,sudden_price_movement_check_internal_and_external_context,2025-02-18 22:00:00+00:00,2025-02-19 02:30:00+00:00,2025-02-18T22:00:00Z,2025-02-19T02:30:00Z,3
2025,2025_large_upward_jump_13327,large_upward_jump,2025-10-05 15:00:00+00:00,2025-10-05 15:30:00+00:00,0.5,1,99.0,99.0,99.0,31.566899224806203,15431.0,2551.0,4754.0,2025-10-05 15:30:00+00:00,afternoon,oct_mixed_transition,-7.597209743569769,99.0,106.59720974356976,Price moved from -7.597209743569769 to 99.0 in one settlement period. Check internal drivers and external availability context.,sudden_price_movement_check_internal_and_external_context,2025-10-05 13:00:00+00:00,2025-10-05 17:30:00+00:00,2025-10-05T13:00:00Z,2025-10-05T17:30:00Z,3
2025,2025_large_upward_jump_14248,large_upward_jump,2025-10-24 19:30:00+00:00,2025-10-24 20:00:00+00:00,0.5,1,99.0,99.0,99.0,316.83184958333334,16370.0,3465.0,3246.0,2025-10-24 20:00:00+00:00,late_evening,oct_mixed_transition,-11.09,99.0,110.09,Price moved from -11.09 to 99.0 in one settlement period. Check internal drivers and external availability context.,sudden_price_movement_check_internal_and_external_context,2025-10-24 17:30:00+00:00,2025-10-24 22:00:00+00:00,2025-10-24T17:30:00Z,2025-10-24T22:00:00Z,3
2025,2025_large_upward_jump_2671,large_upward_jump,2025-02-25 15:00:00+00:00,2025-02-25 15:30:00+00:00,0.5,1,98.23355653919276,98.23355653919276,98.23355653919276,-484.3352434417707,7007.0,14520.0,3040.0,2025-02-25 15:30:00+00:00,afternoon,feb_mar_broad_stress,-3.12,98.23355653919276,101.35355653919277,Price moved from -3.12 to 98.23355653919276 in one settlement period. Check internal drivers and external availability context.,sudden_price_movement_check_internal_and_external_context,2025-02-25 13:00:00+00:00,2025-02-25 17:30:00+00:00,2025-02-25T13:00:00Z,2025-02-25T17:30:00Z,3
2025,2025_large_upward_jump_11624,large_upward_jump,2025-08-31 03:30:00+00:00,2025-08-31 04:00:00+00:00,0.5,1,98.0,98.0,98.0,227.6138347222222,12438.0,3325.0,-3312.0,2025-08-31 04:00:00+00:00,night,jul_sep_surplus,-11.45,98.0,109.45,Price moved from -11.45 to 98.0 in one settlement period. Check internal drivers and external availability context.,sudden_price_movement_check_internal_and_external_context,2025-08-31 01:30:00+00:00,2025-08-31 06:00:00+00:00,2025-08-31T01:30:00Z,2025-08-31T06:00:00Z,3
2025,2025_large_upward_jump_1256,large_upward_jump,2025-01-27 03:30:00+00:00,2025-01-27 04:00:00+00:00,0.5,1,97.0,97.0,97.0,15.951907817460317,11106.0,1972.0,4156.0,2025-01-27 04:00:00+00:00,night,jan_spike_stress,-4.04,97.0,101.04,Price moved from -4.04 to 97.0 in one settlement period. Check internal drivers and external availability context.,sudden_price_movement_check_internal_and_external_context,2025-01-27 01:30:00+00:00,2025-01-27 06:00:00+00:00,2025-01-27T01:30:00Z,2025-01-27T06:00:00Z,3
2025,2025_large_upward_jump_8529,large_upward_jump,2025-06-27 16:00:00+00:00,2025-06-27 16:30:00+00:00,0.5,1,96.18,96.18,96.18,15.060944907407409,12490.0,3973.0,-68.0,2025-06-27 16:30:00+00:00,evening_peak,jun_mixed_tail,-9.0,96.18,105.18,Price moved from -9.0 to 96.18 in one settlement period. Check internal drivers and external availability context.,sudden_price_movement_check_internal_and_external_context,2025-06-27 14:00:00+00:00,2025-06-27 18:30:00+00:00,2025-06-27T14:00:00Z,2025-06-27T18:30:00Z,3
2025,2025_large_upward_jump_7279,large_upward_jump,2025-06-01 15:00:00+00:00,2025-06-01 15:30:00+00:00,0.5,1,94.9,94.9,94.9,259.75380922619047,11854.0,2082.0,520.0,2025-06-01 15:30:00+00:00,afternoon,jun_mixed_tail,-11.7,94.9,106.60000000000001,Price moved from -11.7 to 94.9 in one settlement period. Check internal drivers and external availability context.,sudden_price_movement_check_internal_and_external_context,2025-06-01 13:00:00+00:00,2025-06-01 17:30:00+00:00,2025-06-01T13:00:00Z,2025-06-01T17:30:00Z,3
2025,2025_large_upward_jump_13209,large_upward_jump,2025-10-03 04:00:00+00:00,2025-10-03 04:30:00+00:00,0.5,1,94.83,94.83,94.83,177.14050972222222,12309.0,3828.0,-832.0,2025-10-03 04:30:00+00:00,night,oct_mixed_transition,-11.13,94.83,105.96,Price moved from -11.13 to 94.83 in one settlement period. Check internal drivers and external availability context.,sudden_price_movement_check_internal_and_external_context,2025-10-03 02:00:00+00:00,2025-10-03 06:30:00+00:00,2025-10-03T02:00:00Z,2025-10-03T06:30:00Z,3
2025,2025_large_upward_jump_10295,large_upward_jump,2025-08-03 11:00:00+00:00,2025-08-03 11:30:00+00:00,0.5,1,94.47216890414651,94.47216890414651,94.47216890414651,258.1032977777777,8350.0,2502.0,5288.0,2025-08-03 11:30:00+00:00,midday,jul_sep_surplus,-5.87,94.47216890414651,100.34216890414652,Price moved from -5.87 to 94.47216890414651 in one settlement period. Check internal drivers and external availability context.,sudden_price_movement_check_internal_and_external_context,2025-08-03 09:00:00+00:00,2025-08-03 13:30:00+00:00,2025-08-03T09:00:00Z,2025-08-03T13:30:00Z,3
2025,2025_large_upward_jump_10545,large_upward_jump,2025-08-08 16:00:00+00:00,2025-08-08 16:30:00+00:00,0.5,1,93.57,93.57,93.57,62.97450548202615,7817.0,5946.0,3680.0,2025-08-08 16:30:00+00:00,evening_peak,jul_sep_surplus,-11.52,93.57,105.08999999999999,Price moved from -11.52 to 93.57 in one settlement period. Check internal drivers and external availability context.,sudden_price_movement_check_internal_and_external_context,2025-08-08 14:00:00+00:00,2025-08-08 18:30:00+00:00,2025-08-08T14:00:00Z,2025-08-08T18:30:00Z,3
2025,2025_large_upward_jump_7901,large_upward_jump,2025-06-14 14:00:00+00:00,2025-06-14 14:30:00+00:00,0.5,1,92.96283366018692,92.96283366018692,92.96283366018692,229.46826388888888,9001.0,2440.0,586.0,2025-06-14 14:30:00+00:00,afternoon,jun_mixed_tail,-7.49,92.96283366018692,100.45283366018691,Price moved from -7.49 to 92.96283366018692 in one settlement period. Check internal drivers and external availability context.,sudden_price_movement_check_internal_and_external_context,2025-06-14 12:00:00+00:00,2025-06-14 16:30:00+00:00,2025-06-14T12:00:00Z,2025-06-14T16:30:00Z,3
2025,2025_large_upward_jump_5936,large_upward_jump,2025-05-04 15:30:00+00:00,2025-05-04 16:00:00+00:00,0.5,1,92.25,92.25,92.25,86.97104052841401,10080.0,3356.0,5066.0,2025-05-04 16:00:00+00:00,evening_peak,apr_may_surplus_shift,-15.85,92.25,108.1,Price moved from -15.85 to 92.25 in one settlement period. Check internal drivers and external availability context.,sudden_price_movement_check_internal_and_external_context,2025-05-04 13:30:00+00:00,2025-05-04 18:00:00+00:00,2025-05-04T13:30:00Z,2025-05-04T18:00:00Z,3
2025,2025_large_upward_jump_10591,large_upward_jump,2025-08-09 15:00:00+00:00,2025-08-09 15:30:00+00:00,0.5,1,92.14,92.14,92.14,119.3191395733836,9835.0,3886.0,80.0,2025-08-09 15:30:00+00:00,afternoon,jul_sep_surplus,-17.61,92.14,109.75,Price moved from -17.61 to 92.14 in one settlement period. Check internal drivers and external availability context.,sudden_price_movement_check_internal_and_external_context,2025-08-09 13:00:00+00:00,2025-08-09 17:30:00+00:00,2025-08-09T13:00:00Z,2025-08-09T17:30:00Z,3
2025,2025_large_upward_jump_4960,large_upward_jump,2025-04-14 07:30:00+00:00,2025-04-14 08:00:00+00:00,0.5,1,90.5,90.5,90.5,11.900072063486842,7811.0,6250.0,4642.0,2025-04-14 08:00:00+00:00,morning_ramp,apr_may_surplus_shift,-11.98,90.5,102.48,Price moved from -11.98 to 90.5 in one settlement period. Check internal drivers and external availability context.,sudden_price_movement_check_internal_and_external_context,2025-04-14 05:30:00+00:00,2025-04-14 10:00:00+00:00,2025-04-14T05:30:00Z,2025-04-14T10:00:00Z,3
2025,2025_large_upward_jump_4925,large_upward_jump,2025-04-13 14:00:00+00:00,2025-04-13 14:30:00+00:00,0.5,1,90.0,90.0,90.0,172.4989663191706,5805.0,2418.0,6274.0,2025-04-13 14:30:00+00:00,afternoon,apr_may_surplus_shift,-10.0,90.0,100.0,Price moved from -10.0 to 90.0 in one settlement period. Check internal drivers and external availability context.,sudden_price_movement_check_internal_and_external_context,2025-04-13 12:00:00+00:00,2025-04-13 16:30:00+00:00,2025-04-13T12:00:00Z,2025-04-13T16:30:00Z,3
2025,2025_large_upward_jump_11358,large_upward_jump,2025-08-25 14:30:00+00:00,2025-08-25 15:00:00+00:00,0.5,1,90.0,90.0,90.0,33.841834792803084,8795.0,2703.0,2094.0,2025-08-25 15:00:00+00:00,afternoon,jul_sep_surplus,-17.25,90.0,107.25,Price moved from -17.25 to 90.0 in one settlement period. Check internal drivers and external availability context.,sudden_price_movement_check_internal_and_external_context,2025-08-25 12:30:00+00:00,2025-08-25 17:00:00+00:00,2025-08-25T12:30:00Z,2025-08-25T17:00:00Z,3
2025,2025_large_upward_jump_5636,large_upward_jump,2025-04-28 09:30:00+00:00,2025-04-28 10:00:00+00:00,0.5,1,88.0,88.0,88.0,14.398010387439369,4077.0,5577.0,5584.0,2025-04-28 10:00:00+00:00,midday,apr_may_surplus_shift,-15.74,88.0,103.74,Price moved from -15.74 to 88.0 in one settlement period. Check internal drivers and external availability context.,sudden_price_movement_check_internal_and_external_context,2025-04-28 07:30:00+00:00,2025-04-28 12:00:00+00:00,2025-04-28T07:30:00Z,2025-04-28T12:00:00Z,3
2025,2025_large_upward_jump_8584,large_upward_jump,2025-06-28 19:30:00+00:00,2025-06-28 20:00:00+00:00,0.5,1,87.34,87.34,87.34,-485.925,9422.0,6635.0,1056.0,2025-06-28 20:00:00+00:00,late_evening,jun_mixed_tail,-16.24,87.34,103.58,Price moved from -16.24 to 87.34 in one settlement period. Check internal drivers and external availability context.,sudden_price_movement_check_internal_and_external_context,2025-06-28 17:30:00+00:00,2025-06-28 22:00:00+00:00,2025-06-28T17:30:00Z,2025-06-28T22:00:00Z,3
2025,2025_large_upward_jump_8577,large_upward_jump,2025-06-28 16:00:00+00:00,2025-06-28 16:30:00+00:00,0.5,1,86.0,86.0,86.0,450.1932132927312,9714.0,4301.0,150.0,2025-06-28 16:30:00+00:00,evening_peak,jun_mixed_tail,-16.24,86.0,102.24,Price moved from -16.24 to 86.0 in one settlement period. Check internal drivers and external availability context.,sudden_price_movement_check_internal_and_external_context,2025-06-28 14:00:00+00:00,2025-06-28 18:30:00+00:00,2025-06-28T14:00:00Z,2025-06-28T18:30:00Z,3
2025,2025_near_spike_cluster_12,near_spike_cluster,2025-07-01 17:30:00+00:00,2025-07-01 17:30:00+00:00,0.5,1,248.54,248.54,248.54,83.44022099449565,4205.0,13846.0,2542.0,2025-07-01 17:30:00+00:00,evening_peak,jul_sep_surplus,,,,Candidate near-spike event. Useful for studying why stressed conditions did not fully convert into £250+/£300+ spike realization.,low_wind,2025-07-01 15:30:00+00:00,2025-07-01 19:30:00+00:00,2025-07-01T15:30:00Z,2025-07-01T19:30:00Z,4
2025,2025_near_spike_cluster_13,near_spike_cluster,2025-10-13 14:00:00+00:00,2025-10-13 15:30:00+00:00,2.0,4,248.0,232.56,238.305,431.8545519406176,1047.25,22083.25,2539.0,2025-10-13 15:30:00+00:00,afternoon,oct_mixed_transition,,,,Candidate near-spike event. Useful for studying why stressed conditions did not fully convert into £250+/£300+ spike realization.,very_high_gas+very_low_wind+very_positive_imbalance,2025-10-13 12:00:00+00:00,2025-10-13 17:30:00+00:00,2025-10-13T12:00:00Z,2025-10-13T17:30:00Z,4
2025,2025_near_spike_cluster_15,near_spike_cluster,2025-11-21 07:00:00+00:00,2025-11-21 07:30:00+00:00,1.0,2,247.3104,241.63,244.47019999999998,430.7937015456369,4772.5,22633.5,12.0,2025-11-21 07:30:00+00:00,morning_ramp,nov_dec_quiet,,,,Candidate near-spike event. Useful for studying why stressed conditions did not fully convert into £250+/£300+ spike realization.,very_high_gas+low_wind+very_positive_imbalance+lower_interconnector_support,2025-11-21 05:00:00+00:00,2025-11-21 09:30:00+00:00,2025-11-21T05:00:00Z,2025-11-21T09:30:00Z,4
2025,2025_near_spike_cluster_5,near_spike_cluster,2025-01-21 14:00:00+00:00,2025-01-21 14:00:00+00:00,0.5,1,240.0,240.0,240.0,35.433683531746034,2822.0,24332.0,3172.0,2025-01-21 14:00:00+00:00,afternoon,jan_spike_stress,,,,Candidate near-spike event. Useful for studying why stressed conditions did not fully convert into £250+/£300+ spike realization.,very_high_gas+very_low_wind,2025-01-21 12:00:00+00:00,2025-01-21 16:00:00+00:00,2025-01-21T12:00:00Z,2025-01-21T16:00:00Z,4
2025,2025_near_spike_cluster_4,near_spike_cluster,2025-01-20 10:00:00+00:00,2025-01-20 10:00:00+00:00,0.5,1,224.83014529110483,224.83014529110483,224.83014529110483,4.000333333333334,1859.0,27163.0,2468.0,2025-01-20 10:00:00+00:00,midday,jan_spike_stress,,,,Candidate near-spike event. Useful for studying why stressed conditions did not fully convert into £250+/£300+ spike realization.,very_high_gas+very_low_wind+lower_interconnector_support,2025-01-20 08:00:00+00:00,2025-01-20 12:00:00+00:00,2025-01-20T08:00:00Z,2025-01-20T12:00:00Z,4
2025,2025_near_spike_cluster_6,near_spike_cluster,2025-01-21 16:30:00+00:00,2025-01-21 16:30:00+00:00,0.5,1,224.45984124848647,224.45984124848647,224.45984124848647,4.551272727272727,2438.0,25162.0,3578.0,2025-01-21 16:30:00+00:00,evening_peak,jan_spike_stress,,,,Candidate near-spike event. Useful for studying why stressed conditions did not fully convert into £250+/£300+ spike realization.,very_high_gas+very_low_wind,2025-01-21 14:30:00+00:00,2025-01-21 18:30:00+00:00,2025-01-21T14:30:00Z,2025-01-21T18:30:00Z,4
2025,2025_near_spike_cluster_1,near_spike_cluster,2025-01-08 10:00:00+00:00,2025-01-08 11:00:00+00:00,1.5,3,218.0,215.0,217.0,374.7076285095157,4848.0,23434.0,3894.0,2025-01-08 10:00:00+00:00,midday,jan_spike_stress,,,,Candidate near-spike event. Useful for studying why stressed conditions did not fully convert into £250+/£300+ spike realization.,very_high_gas+low_wind+very_positive_imbalance,2025-01-08 08:00:00+00:00,2025-01-08 13:00:00+00:00,2025-01-08T08:00:00Z,2025-01-08T13:00:00Z,4
2025,2025_near_spike_cluster_3,near_spike_cluster,2025-01-11 16:30:00+00:00,2025-01-11 16:30:00+00:00,0.5,1,216.0,216.0,216.0,184.7579683333333,3626.0,23729.0,4414.0,2025-01-11 16:30:00+00:00,evening_peak,jan_spike_stress,,,,Candidate near-spike event. Useful for studying why stressed conditions did not fully convert into £250+/£300+ spike realization.,very_high_gas+low_wind+positive_imbalance,2025-01-11 14:30:00+00:00,2025-01-11 18:30:00+00:00,2025-01-11T14:30:00Z,2025-01-11T18:30:00Z,4
2025,2025_near_spike_cluster_2,near_spike_cluster,2025-01-10 16:30:00+00:00,2025-01-10 16:30:00+00:00,0.5,1,210.0,210.0,210.0,160.41731712962962,3085.0,24998.0,5188.0,2025-01-10 16:30:00+00:00,evening_peak,jan_spike_stress,,,,Candidate near-spike event. Useful for studying why stressed conditions did not fully convert into £250+/£300+ spike realization.,very_high_gas+low_wind+positive_imbalance+higher_interconnector_support,2025-01-10 14:30:00+00:00,2025-01-10 18:30:00+00:00,2025-01-10T14:30:00Z,2025-01-10T18:30:00Z,4
2025,2025_near_spike_cluster_14,near_spike_cluster,2025-10-22 15:30:00+00:00,2025-10-22 15:30:00+00:00,0.5,1,209.38,209.38,209.38,759.3167562724014,2353.0,18759.0,3790.0,2025-10-22 15:30:00+00:00,afternoon,oct_mixed_transition,,,,Candidate near-spike event. Useful for studying why stressed conditions did not fully convert into £250+/£300+ spike realization.,high_gas+very_low_wind+very_positive_imbalance,2025-10-22 13:30:00+00:00,2025-10-22 17:30:00+00:00,2025-10-22T13:30:00Z,2025-10-22T17:30:00Z,4
2025,2025_near_spike_cluster_8,near_spike_cluster,2025-03-19 17:00:00+00:00,2025-03-19 17:30:00+00:00,1.0,2,207.4,203.45013333333333,205.42506666666668,914.6533687530525,899.0,22280.5,4413.0,2025-03-19 17:00:00+00:00,evening_peak,feb_mar_broad_stress,,,,Candidate near-spike event. Useful for studying why stressed conditions did not fully convert into £250+/£300+ spike realization.,very_high_gas+very_low_wind+very_positive_imbalance,2025-03-19 15:00:00+00:00,2025-03-19 19:30:00+00:00,2025-03-19T15:00:00Z,2025-03-19T19:30:00Z,4
2025,2025_near_spike_cluster_10,near_spike_cluster,2025-04-28 18:00:00+00:00,2025-04-28 18:30:00+00:00,1.0,2,204.10638114478115,204.0,204.05319057239058,536.5180548611111,1797.0,17474.0,2164.0,2025-04-28 18:30:00+00:00,evening_peak,apr_may_surplus_shift,,,,Candidate near-spike event. Useful for studying why stressed conditions did not fully convert into £250+/£300+ spike realization.,high_gas+very_low_wind+very_positive_imbalance+lower_interconnector_support,2025-04-28 16:00:00+00:00,2025-04-28 20:30:00+00:00,2025-04-28T16:00:00Z,2025-04-28T20:30:00Z,4
2025,2025_near_spike_cluster_16,near_spike_cluster,2025-11-25 16:00:00+00:00,2025-11-25 16:30:00+00:00,1.0,2,203.37,203.37,203.37,148.6405072732129,5980.0,22264.5,3650.0,2025-11-25 16:00:00+00:00,evening_peak,nov_dec_quiet,,,,Candidate near-spike event. Useful for studying why stressed conditions did not fully convert into £250+/£300+ spike realization.,very_high_gas+low_wind,2025-11-25 14:00:00+00:00,2025-11-25 18:30:00+00:00,2025-11-25T14:00:00Z,2025-11-25T18:30:00Z,4
2025,2025_near_spike_cluster_7,near_spike_cluster,2025-01-21 19:00:00+00:00,2025-01-21 19:00:00+00:00,0.5,1,203.0,203.0,203.0,10.258333333333333,2792.0,24716.0,3618.0,2025-01-21 19:00:00+00:00,evening_peak,jan_spike_stress,,,,Candidate near-spike event. Useful for studying why stressed conditions did not fully convert into £250+/£300+ spike realization.,very_high_gas+very_low_wind,2025-01-21 17:00:00+00:00,2025-01-21 21:00:00+00:00,2025-01-21T17:00:00Z,2025-01-21T21:00:00Z,4
2025,2025_near_spike_cluster_11,near_spike_cluster,2025-06-30 16:00:00+00:00,2025-06-30 16:00:00+00:00,0.5,1,201.6,201.6,201.6,949.6423075697554,6793.0,11268.0,1588.0,2025-06-30 16:00:00+00:00,evening_peak,jun_mixed_tail,,,,Candidate near-spike event. Useful for studying why stressed conditions did not fully convert into £250+/£300+ spike realization.,low_wind+very_positive_imbalance+lower_interconnector_support,2025-06-30 14:00:00+00:00,2025-06-30 18:00:00+00:00,2025-06-30T14:00:00Z,2025-06-30T18:00:00Z,4
2025,2025_near_spike_cluster_9,near_spike_cluster,2025-03-19 19:00:00+00:00,2025-03-19 19:30:00+00:00,1.0,2,200.0,200.0,200.0,482.41809276785716,528.0,23378.0,5134.0,2025-03-19 19:00:00+00:00,evening_peak,feb_mar_broad_stress,,,,Candidate near-spike event. Useful for studying why stressed conditions did not fully convert into £250+/£300+ spike realization.,very_high_gas+very_low_wind+very_positive_imbalance+higher_interconnector_support,2025-03-19 17:00:00+00:00,2025-03-19 21:30:00+00:00,2025-03-19T17:00:00Z,2025-03-19T21:30:00Z,4
2025,2025_negative_price_cluster_288,negative_price_cluster,2025-11-12 02:30:00+00:00,2025-11-12 02:30:00+00:00,0.5,1,-0.04,-0.04,-0.04,-535.8376995833333,14605.0,2379.0,1930.0,2025-11-12 02:30:00+00:00,night,nov_dec_quiet,,,,"Candidate negative-price event. Check high wind, low gas, negative imbalance, and whether surplus conditions were reinforced by system context.",high_wind+negative_imbalance+lower_interconnector_support,2025-11-12 00:30:00+00:00,2025-11-12 04:30:00+00:00,2025-11-12T00:30:00Z,2025-11-12T04:30:00Z,5
2025,2025_negative_price_cluster_79,negative_price_cluster,2025-05-25 13:00:00+00:00,2025-05-25 16:00:00+00:00,3.5,7,-0.0712601214054512,-43.79,-21.803129367260322,-555.3829916888482,10957.42857142857,2117.1428571428573,-2515.1428571428573,2025-05-25 15:30:00+00:00,afternoon,apr_may_surplus_shift,,,,"Candidate negative-price event. Check high wind, low gas, negative imbalance, and whether surplus conditions were reinforced by system context.",high_wind+negative_imbalance+lower_interconnector_support,2025-05-25 11:00:00+00:00,2025-05-25 18:00:00+00:00,2025-05-25T11:00:00Z,2025-05-25T18:00:00Z,5
2025,2025_negative_price_cluster_284,negative_price_cluster,2025-11-03 21:00:00+00:00,2025-11-03 21:00:00+00:00,0.5,1,-0.1018116393424995,-0.1018116393424995,-0.1018116393424995,-53.8774528389924,15960.0,5876.0,236.0,2025-11-03 21:00:00+00:00,late_evening,nov_dec_quiet,,,,"Candidate negative-price event. Check high wind, low gas, negative imbalance, and whether surplus conditions were reinforced by system context.",high_wind+lower_interconnector_support,2025-11-03 19:00:00+00:00,2025-11-03 23:00:00+00:00,2025-11-03T19:00:00Z,2025-11-03T23:00:00Z,5
2025,2025_negative_price_cluster_17,negative_price_cluster,2025-02-16 07:30:00+00:00,2025-02-16 08:00:00+00:00,1.0,2,-0.19,-0.19,-0.19,-268.44197797381713,10266.5,7017.0,2471.0,2025-02-16 07:30:00+00:00,morning_ramp,feb_mar_broad_stress,,,,"Candidate negative-price event. Check high wind, low gas, negative imbalance, and whether surplus conditions were reinforced by system context.",high_wind+negative_imbalance+lower_interconnector_support,2025-02-16 05:30:00+00:00,2025-02-16 10:00:00+00:00,2025-02-16T05:30:00Z,2025-02-16T10:00:00Z,5
2025,2025_negative_price_cluster_203,negative_price_cluster,2025-09-07 04:00:00+00:00,2025-09-07 04:30:00+00:00,1.0,2,-0.23,-17.31,-8.77,-219.233344611678,13097.5,3540.5,-2609.0,2025-09-07 04:00:00+00:00,night,jul_sep_surplus,,,,"Candidate negative-price event. Check high wind, low gas, negative imbalance, and whether surplus conditions were reinforced by system context.",high_wind+negative_imbalance+lower_interconnector_support,2025-09-07 02:00:00+00:00,2025-09-07 06:30:00+00:00,2025-09-07T02:00:00Z,2025-09-07T06:30:00Z,5
2025,2025_negative_price_cluster_247,negative_price_cluster,2025-10-04 02:30:00+00:00,2025-10-04 04:30:00+00:00,2.5,5,-0.275683150927859,-17.62,-7.6411366301855725,-516.0270378333332,12255.4,3275.2,-1922.8,2025-10-04 04:30:00+00:00,night,oct_mixed_transition,,,,"Candidate negative-price event. Check high wind, low gas, negative imbalance, and whether surplus conditions were reinforced by system context.",high_wind+negative_imbalance+lower_interconnector_support,2025-10-04 00:30:00+00:00,2025-10-04 06:30:00+00:00,2025-10-04T00:30:00Z,2025-10-04T06:30:00Z,5
2025,2025_negative_price_cluster_141,negative_price_cluster,2025-07-04 23:30:00+00:00,2025-07-04 23:30:00+00:00,0.5,1,-0.2775242388138346,-0.2775242388138346,-0.2775242388138346,-163.2507076685341,25262.0,9760.0,-7560.0,2025-07-04 23:30:00+00:00,late_evening,jul_sep_surplus,,,,"Candidate negative-price event. Check high wind, low gas, negative imbalance, and whether surplus conditions were reinforced by system context.",high_wind+negative_imbalance+lower_interconnector_support,2025-07-04 21:30:00+00:00,2025-07-05 01:30:00+00:00,2025-07-04T21:30:00Z,2025-07-05T01:30:00Z,5
2025,2025_negative_price_cluster_300,negative_price_cluster,2025-12-13 23:30:00+00:00,2025-12-14 00:00:00+00:00,1.0,2,-0.29,-2.71,-1.5,-230.54515632391733,21075.0,7116.5,-2045.0,2025-12-13 23:30:00+00:00,late_evening,nov_dec_quiet,,,,"Candidate negative-price event. Check high wind, low gas, negative imbalance, and whether surplus conditions were reinforced by system context.",high_wind+negative_imbalance+lower_interconnector_support,2025-12-13 21:30:00+00:00,2025-12-14 02:00:00+00:00,2025-12-13T21:30:00Z,2025-12-14T02:00:00Z,5
2025,2025_negative_price_cluster_137,negative_price_cluster,2025-06-29 07:00:00+00:00,2025-06-29 07:30:00+00:00,1.0,2,-0.33,-5.02,-2.675,-125.79847566962009,3222.5,3269.0,6118.0,2025-06-29 07:30:00+00:00,morning_ramp,jun_mixed_tail,,,,"Candidate negative-price event. Check high wind, low gas, negative imbalance, and whether surplus conditions were reinforced by system context.",low_wind+higher_interconnector_support,2025-06-29 05:00:00+00:00,2025-06-29 09:30:00+00:00,2025-06-29T05:00:00Z,2025-06-29T09:30:00Z,5
2025,2025_negative_price_cluster_85,negative_price_cluster,2025-05-27 02:30:00+00:00,2025-05-27 05:00:00+00:00,3.0,6,-0.35,-16.16,-8.773333333333332,-575.0686605938894,13923.333333333334,2546.8333333333335,-3630.3333333333335,2025-05-27 02:30:00+00:00,night,apr_may_surplus_shift,,,,"Candidate negative-price event. Check high wind, low gas, negative imbalance, and whether surplus conditions were reinforced by system context.",high_wind+negative_imbalance+lower_interconnector_support,2025-05-27 00:30:00+00:00,2025-05-27 07:00:00+00:00,2025-05-27T00:30:00Z,2025-05-27T07:00:00Z,5
2025,2025_negative_price_cluster_32,negative_price_cluster,2025-03-04 08:00:00+00:00,2025-03-04 09:00:00+00:00,1.5,3,-0.39,-0.39,-0.38999999999999996,-450.02103549612457,7393.0,12600.0,5172.666666666667,2025-03-04 08:00:00+00:00,morning_ramp,feb_mar_broad_stress,,,,"Candidate negative-price event. Check high wind, low gas, negative imbalance, and whether surplus conditions were reinforced by system context.",low_wind+negative_imbalance+higher_interconnector_support,2025-03-04 06:00:00+00:00,2025-03-04 11:00:00+00:00,2025-03-04T06:00:00Z,2025-03-04T11:00:00Z,5
2025,2025_negative_price_cluster_34,negative_price_cluster,2025-03-07 00:00:00+00:00,2025-03-07 00:30:00+00:00,1.0,2,-0.39,-2.86,-1.625,-694.0155005392326,13717.0,2854.5,4186.0,2025-03-07 00:30:00+00:00,night,feb_mar_broad_stress,,,,"Candidate negative-price event. Check high wind, low gas, negative imbalance, and whether surplus conditions were reinforced by system context.",high_wind+negative_imbalance,2025-03-06 22:00:00+00:00,2025-03-07 02:30:00+00:00,2025-03-06T22:00:00Z,2025-03-07T02:30:00Z,5
2025,2025_negative_price_cluster_35,negative_price_cluster,2025-03-21 14:30:00+00:00,2025-03-21 14:30:00+00:00,0.5,1,-0.45,-0.45,-0.45,-356.56091976880606,15070.0,3274.0,5228.0,2025-03-21 14:30:00+00:00,afternoon,feb_mar_broad_stress,,,,"Candidate negative-price event. Check high wind, low gas, negative imbalance, and whether surplus conditions were reinforced by system context.",high_wind+negative_imbalance+higher_interconnector_support,2025-03-21 12:30:00+00:00,2025-03-21 16:30:00+00:00,2025-03-21T12:30:00Z,2025-03-21T16:30:00Z,5
2025,2025_negative_price_cluster_36,negative_price_cluster,2025-03-22 03:00:00+00:00,2025-03-22 03:00:00+00:00,0.5,1,-0.45,-0.45,-0.45,-61.32064831196581,11459.0,3858.0,3484.0,2025-03-22 03:00:00+00:00,night,feb_mar_broad_stress,,,,"Candidate negative-price event. Check high wind, low gas, negative imbalance, and whether surplus conditions were reinforced by system context.",high_wind,2025-03-22 01:00:00+00:00,2025-03-22 05:00:00+00:00,2025-03-22T01:00:00Z,2025-03-22T05:00:00Z,5
2025,2025_negative_price_cluster_37,negative_price_cluster,2025-03-22 04:30:00+00:00,2025-03-22 06:30:00+00:00,2.5,5,-0.45,-0.45,-0.45,-426.8047745040779,11771.2,4079.6,3444.0,2025-03-22 04:30:00+00:00,night,feb_mar_broad_stress,,,,"Candidate negative-price event. Check high wind, low gas, negative imbalance, and whether surplus conditions were reinforced by system context.",high_wind+negative_imbalance,2025-03-22 02:30:00+00:00,2025-03-22 08:30:00+00:00,2025-03-22T02:30:00Z,2025-03-22T08:30:00Z,5
2025,2025_negative_price_cluster_39,negative_price_cluster,2025-03-27 14:00:00+00:00,2025-03-27 14:30:00+00:00,1.0,2,-0.46,-0.46,-0.46,-525.3711530128205,12084.5,2891.0,5865.0,2025-03-27 14:00:00+00:00,afternoon,feb_mar_broad_stress,,,,"Candidate negative-price event. Check high wind, low gas, negative imbalance, and whether surplus conditions were reinforced by system context.",high_wind+negative_imbalance+higher_interconnector_support,2025-03-27 12:00:00+00:00,2025-03-27 16:30:00+00:00,2025-03-27T12:00:00Z,2025-03-27T16:30:00Z,5
2025,2025_negative_price_cluster_40,negative_price_cluster,2025-03-28 01:30:00+00:00,2025-03-28 01:30:00+00:00,0.5,1,-0.46,-0.46,-0.46,-455.1693071626984,13140.0,3438.0,-726.0,2025-03-28 01:30:00+00:00,night,feb_mar_broad_stress,,,,"Candidate negative-price event. Check high wind, low gas, negative imbalance, and whether surplus conditions were reinforced by system context.",high_wind+negative_imbalance+lower_interconnector_support,2025-03-27 23:30:00+00:00,2025-03-28 03:30:00+00:00,2025-03-27T23:30:00Z,2025-03-28T03:30:00Z,5
2025,2025_negative_price_cluster_42,negative_price_cluster,2025-03-29 10:00:00+00:00,2025-03-29 15:00:00+00:00,5.5,11,-0.46,-38.316590127014734,-8.422417284274067,-1103.972953449858,9960.272727272728,2645.181818181818,3989.090909090909,2025-03-29 10:00:00+00:00,midday,feb_mar_broad_stress,,,,"Candidate negative-price event. Check high wind, low gas, negative imbalance, and whether surplus conditions were reinforced by system context.",negative_imbalance,2025-03-29 08:00:00+00:00,2025-03-29 17:00:00+00:00,2025-03-29T08:00:00Z,2025-03-29T17:00:00Z,5
2025,2025_negative_price_cluster_43,negative_price_cluster,2025-03-29 20:30:00+00:00,2025-03-29 21:00:00+00:00,1.0,2,-0.46,-0.46,-0.46,-327.2716689869315,15583.5,5526.5,1746.0,2025-03-29 20:30:00+00:00,late_evening,feb_mar_broad_stress,,,,"Candidate negative-price event. Check high wind, low gas, negative imbalance, and whether surplus conditions were reinforced by system context.",high_wind+negative_imbalance+lower_interconnector_support,2025-03-29 18:30:00+00:00,2025-03-29 23:00:00+00:00,2025-03-29T18:30:00Z,2025-03-29T23:00:00Z,5
2025,2025_negative_price_cluster_44,negative_price_cluster,2025-03-29 23:00:00+00:00,2025-03-29 23:00:00+00:00,0.5,1,-0.46,-0.46,-0.46,-132.11699971560847,15373.0,4921.0,-3134.0,2025-03-29 23:00:00+00:00,late_evening,feb_mar_broad_stress,,,,"Candidate negative-price event. Check high wind, low gas, negative imbalance, and whether surplus conditions were reinforced by system context.",high_wind+lower_interconnector_support,2025-03-29 21:00:00+00:00,2025-03-30 01:00:00+00:00,2025-03-29T21:00:00Z,2025-03-30T01:00:00Z,5
2025,2025_negative_price_cluster_47,negative_price_cluster,2025-03-30 07:30:00+00:00,2025-03-30 16:00:00+00:00,9.0,18,-0.46,-95.0,-35.805671371170014,-1106.1162624947096,10990.5,2156.277777777778,2027.5555555555557,2025-03-30 15:30:00+00:00,afternoon,feb_mar_broad_stress,,,,"Candidate negative-price event. Check high wind, low gas, negative imbalance, and whether surplus conditions were reinforced by system context.",high_wind+negative_imbalance+lower_interconnector_support,2025-03-30 05:30:00+00:00,2025-03-30 18:00:00+00:00,2025-03-30T05:30:00Z,2025-03-30T18:00:00Z,5
2025,2025_negative_price_cluster_158,negative_price_cluster,2025-08-04 07:00:00+00:00,2025-08-04 07:00:00+00:00,0.5,1,-0.5470228829242937,-0.5470228829242937,-0.5470228829242937,-510.955640248779,8813.0,6303.0,2576.0,2025-08-04 07:00:00+00:00,morning_ramp,jul_sep_surplus,,,,"Candidate negative-price event. Check high wind, low gas, negative imbalance, and whether surplus conditions were reinforced by system context.",negative_imbalance,2025-08-04 05:00:00+00:00,2025-08-04 09:00:00+00:00,2025-08-04T05:00:00Z,2025-08-04T09:00:00Z,5
2025,2025_negative_price_cluster_83,negative_price_cluster,2025-05-26 06:30:00+00:00,2025-05-26 13:00:00+00:00,7.0,14,-0.6216953648107757,-25.0,-13.62264171057058,-549.736843573278,13933.142857142857,2471.0,-2972.4285714285716,2025-05-26 12:30:00+00:00,midday,apr_may_surplus_shift,,,,"Candidate negative-price event. Check high wind, low gas, negative imbalance, and whether surplus conditions were reinforced by system context.",high_wind+negative_imbalance+lower_interconnector_support,2025-05-26 04:30:00+00:00,2025-05-26 15:00:00+00:00,2025-05-26T04:30:00Z,2025-05-26T15:00:00Z,5
2025,2025_negative_price_cluster_73,negative_price_cluster,2025-05-24 08:00:00+00:00,2025-05-24 11:30:00+00:00,4.0,8,-0.67,-15.93,-8.541266666666667,-709.594788145211,11586.375,2664.0,2261.25,2025-05-24 10:00:00+00:00,midday,apr_may_surplus_shift,,,,"Candidate negative-price event. Check high wind, low gas, negative imbalance, and whether surplus conditions were reinforced by system context.",high_wind+negative_imbalance+lower_interconnector_support,2025-05-24 06:00:00+00:00,2025-05-24 13:30:00+00:00,2025-05-24T06:00:00Z,2025-05-24T13:30:00Z,5
2025,2025_negative_price_cluster_31,negative_price_cluster,2025-03-03 08:30:00+00:00,2025-03-03 08:30:00+00:00,0.5,1,-0.7,-0.7,-0.7,-338.0922225,7103.0,13231.0,5358.0,2025-03-03 08:30:00+00:00,morning_ramp,feb_mar_broad_stress,,,,"Candidate negative-price event. Check high wind, low gas, negative imbalance, and whether surplus conditions were reinforced by system context.",low_wind+negative_imbalance+higher_interconnector_support,2025-03-03 06:30:00+00:00,2025-03-03 10:30:00+00:00,2025-03-03T06:30:00Z,2025-03-03T10:30:00Z,5
2025,2025_negative_price_cluster_193,negative_price_cluster,2025-08-31 08:30:00+00:00,2025-08-31 11:00:00+00:00,3.0,6,-0.71,-17.32,-7.715,-232.19463935217425,9491.166666666666,2539.0,592.6666666666666,2025-08-31 08:30:00+00:00,morning_ramp,jul_sep_surplus,,,,"Candidate negative-price event. Check high wind, low gas, negative imbalance, and whether surplus conditions were reinforced by system context.",negative_imbalance+lower_interconnector_support,2025-08-31 06:30:00+00:00,2025-08-31 13:00:00+00:00,2025-08-31T06:30:00Z,2025-08-31T13:00:00Z,5
2025,2025_negative_price_cluster_263,negative_price_cluster,2025-10-24 21:00:00+00:00,2025-10-24 23:00:00+00:00,2.5,5,-0.72,-11.09,-6.981283992838056,-300.84944541501596,16443.0,3326.4,390.0,2025-10-24 22:30:00+00:00,late_evening,oct_mixed_transition,,,,"Candidate negative-price event. Check high wind, low gas, negative imbalance, and whether surplus conditions were reinforced by system context.",high_wind+negative_imbalance+lower_interconnector_support,2025-10-24 19:00:00+00:00,2025-10-25 01:00:00+00:00,2025-10-24T19:00:00Z,2025-10-25T01:00:00Z,5
2025,2025_negative_price_cluster_200,negative_price_cluster,2025-09-06 21:30:00+00:00,2025-09-06 22:30:00+00:00,1.5,3,-0.75,-17.31,-11.79,-342.8570629587543,15713.0,3541.6666666666665,-1892.0,2025-09-06 22:30:00+00:00,late_evening,jul_sep_surplus,,,,"Candidate negative-price event. Check high wind, low gas, negative imbalance, and whether surplus conditions were reinforced by system context.",high_wind+negative_imbalance+lower_interconnector_support,2025-09-06 19:30:00+00:00,2025-09-07 00:30:00+00:00,2025-09-06T19:30:00Z,2025-09-07T00:30:00Z,5
2025,2025_negative_price_cluster_150,negative_price_cluster,2025-07-12 13:00:00+00:00,2025-07-12 13:30:00+00:00,1.0,2,-0.84,-0.84,-0.84,-65.31018281746032,2063.5,1988.0,5979.0,2025-07-12 13:00:00+00:00,midday,jul_sep_surplus,,,,"Candidate negative-price event. Check high wind, low gas, negative imbalance, and whether surplus conditions were reinforced by system context.",very_low_wind+higher_interconnector_support,2025-07-12 11:00:00+00:00,2025-07-12 15:30:00+00:00,2025-07-12T11:00:00Z,2025-07-12T15:30:00Z,5
2025,2025_negative_price_cluster_270,negative_price_cluster,2025-10-26 03:00:00+00:00,2025-10-26 04:30:00+00:00,2.0,4,-0.84,-1.74,-1.1775247524752475,-264.78839273734366,15306.0,2908.5,-847.0,2025-10-26 04:00:00+00:00,night,oct_mixed_transition,,,,"Candidate negative-price event. Check high wind, low gas, negative imbalance, and whether surplus conditions were reinforced by system context.",high_wind+negative_imbalance+lower_interconnector_support,2025-10-26 01:00:00+00:00,2025-10-26 06:30:00+00:00,2025-10-26T01:00:00Z,2025-10-26T06:30:00Z,5
2025,2025_negative_price_cluster_18,negative_price_cluster,2025-02-18 01:00:00+00:00,2025-02-18 02:00:00+00:00,1.5,3,-0.87,-0.87,-0.87,-213.88885450396825,10480.0,11013.0,394.6666666666667,2025-02-18 01:00:00+00:00,night,feb_mar_broad_stress,,,,"Candidate negative-price event. Check high wind, low gas, negative imbalance, and whether surplus conditions were reinforced by system context.",high_wind+negative_imbalance+lower_interconnector_support,2025-02-17 23:00:00+00:00,2025-02-18 04:00:00+00:00,2025-02-17T23:00:00Z,2025-02-18T04:00:00Z,5
2025,2025_negative_price_cluster_19,negative_price_cluster,2025-02-18 23:30:00+00:00,2025-02-19 00:00:00+00:00,1.0,2,-0.87,-0.87,-0.87,-192.0811230324074,21817.5,6041.0,2319.0,2025-02-18 23:30:00+00:00,late_evening,feb_mar_broad_stress,,,,"Candidate negative-price event. Check high wind, low gas, negative imbalance, and whether surplus conditions were reinforced by system context.",high_wind+negative_imbalance+lower_interconnector_support,2025-02-18 21:30:00+00:00,2025-02-19 02:00:00+00:00,2025-02-18T21:30:00Z,2025-02-19T02:00:00Z,5
2025,2025_negative_price_cluster_20,negative_price_cluster,2025-02-19 19:30:00+00:00,2025-02-19 19:30:00+00:00,0.5,1,-0.87,-0.87,-0.87,-246.37255983536696,12389.0,15405.0,2910.0,2025-02-19 19:30:00+00:00,evening_peak,feb_mar_broad_stress,,,,"Candidate negative-price event. Check high wind, low gas, negative imbalance, and whether surplus conditions were reinforced by system context.",high_gas+high_wind+negative_imbalance,2025-02-19 17:30:00+00:00,2025-02-19 21:30:00+00:00,2025-02-19T17:30:00Z,2025-02-19T21:30:00Z,5
2025,2025_negative_price_cluster_24,negative_price_cluster,2025-02-22 16:30:00+00:00,2025-02-22 16:30:00+00:00,0.5,1,-0.87,-0.87,-0.87,-87.82112711500974,8513.0,7014.0,5000.0,2025-02-22 16:30:00+00:00,evening_peak,feb_mar_broad_stress,,,,"Candidate negative-price event. Check high wind, low gas, negative imbalance, and whether surplus conditions were reinforced by system context.",higher_interconnector_support,2025-02-22 14:30:00+00:00,2025-02-22 18:30:00+00:00,2025-02-22T14:30:00Z,2025-02-22T18:30:00Z,5
2025,2025_negative_price_cluster_25,negative_price_cluster,2025-02-23 23:30:00+00:00,2025-02-23 23:30:00+00:00,0.5,1,-0.87,-0.87,-0.87,-304.3497777777778,29828.0,10226.0,-7616.0,2025-02-23 23:30:00+00:00,late_evening,feb_mar_broad_stress,,,,"Candidate negative-price event. Check high wind, low gas, negative imbalance, and whether surplus conditions were reinforced by system context.",high_wind+negative_imbalance+lower_interconnector_support,2025-02-23 21:30:00+00:00,2025-02-24 01:30:00+00:00,2025-02-23T21:30:00Z,2025-02-24T01:30:00Z,5
2025,2025_negative_price_cluster_26,negative_price_cluster,2025-02-24 00:30:00+00:00,2025-02-24 01:30:00+00:00,1.5,3,-0.87,-0.87,-0.87,-204.60518576612208,15097.0,4843.333333333333,-3397.3333333333335,2025-02-24 00:30:00+00:00,night,feb_mar_broad_stress,,,,"Candidate negative-price event. Check high wind, low gas, negative imbalance, and whether surplus conditions were reinforced by system context.",high_wind+negative_imbalance+lower_interconnector_support,2025-02-23 22:30:00+00:00,2025-02-24 03:30:00+00:00,2025-02-23T22:30:00Z,2025-02-24T03:30:00Z,5
2025,2025_negative_price_cluster_27,negative_price_cluster,2025-02-24 03:00:00+00:00,2025-02-24 04:00:00+00:00,1.5,3,-0.87,-0.87,-0.87,-213.01021952674895,15318.0,3909.6666666666665,-3804.0,2025-02-24 03:00:00+00:00,night,feb_mar_broad_stress,,,,"Candidate negative-price event. Check high wind, low gas, negative imbalance, and whether surplus conditions were reinforced by system context.",high_wind+negative_imbalance+lower_interconnector_support,2025-02-24 01:00:00+00:00,2025-02-24 06:00:00+00:00,2025-02-24T01:00:00Z,2025-02-24T06:00:00Z,5
2025,2025_negative_price_cluster_28,negative_price_cluster,2025-02-24 10:30:00+00:00,2025-02-24 10:30:00+00:00,0.5,1,-0.87,-0.87,-0.87,-194.40833333333333,13809.0,4452.0,6710.0,2025-02-24 10:30:00+00:00,midday,feb_mar_broad_stress,,,,"Candidate negative-price event. Check high wind, low gas, negative imbalance, and whether surplus conditions were reinforced by system context.",high_wind+negative_imbalance+higher_interconnector_support,2025-02-24 08:30:00+00:00,2025-02-24 12:30:00+00:00,2025-02-24T08:30:00Z,2025-02-24T12:30:00Z,5
2025,2025_negative_price_cluster_30,negative_price_cluster,2025-02-25 14:30:00+00:00,2025-02-25 15:00:00+00:00,1.0,2,-0.87,-3.12,-1.995,-925.1650519444445,7356.5,12678.5,3149.0,2025-02-25 14:30:00+00:00,afternoon,feb_mar_broad_stress,,,,"Candidate negative-price event. Check high wind, low gas, negative imbalance, and whether surplus conditions were reinforced by system context.",low_wind+negative_imbalance,2025-02-25 12:30:00+00:00,2025-02-25 17:00:00+00:00,2025-02-25T12:30:00Z,2025-02-25T17:00:00Z,5
2025,2025_negative_price_cluster_13,negative_price_cluster,2025-01-28 01:30:00+00:00,2025-01-28 04:30:00+00:00,3.5,7,-1.0,-45.0,-35.347142857142856,-821.2236344532228,11681.57142857143,1887.7142857142858,4535.142857142857,2025-01-28 01:30:00+00:00,night,jan_spike_stress,,,,"Candidate negative-price event. Check high wind, low gas, negative imbalance, and whether surplus conditions were reinforced by system context.",high_wind+negative_imbalance+higher_interconnector_support,2025-01-27 23:30:00+00:00,2025-01-28 06:30:00+00:00,2025-01-27T23:30:00Z,2025-01-28T06:30:00Z,5
2025,2025_negative_price_cluster_173,negative_price_cluster,2025-08-09 01:00:00+00:00,2025-08-09 01:00:00+00:00,0.5,1,-1.0,-1.0,-1.0,-64.29471990123737,7841.0,4694.0,1648.0,2025-08-09 01:00:00+00:00,night,jul_sep_surplus,,,,"Candidate negative-price event. Check high wind, low gas, negative imbalance, and whether surplus conditions were reinforced by system context.",low_wind+lower_interconnector_support,2025-08-08 23:00:00+00:00,2025-08-09 03:00:00+00:00,2025-08-08T23:00:00Z,2025-08-09T03:00:00Z,5
2025,2025_negative_price_cluster_237,negative_price_cluster,2025-09-17 13:00:00+00:00,2025-09-17 13:00:00+00:00,0.5,1,-1.0,-1.0,-1.0,-484.1220288103411,15690.0,3184.0,4104.0,2025-09-17 13:00:00+00:00,midday,jul_sep_surplus,,,,"Candidate negative-price event. Check high wind, low gas, negative imbalance, and whether surplus conditions were reinforced by system context.",high_wind+negative_imbalance,2025-09-17 11:00:00+00:00,2025-09-17 15:00:00+00:00,2025-09-17T11:00:00Z,2025-09-17T15:00:00Z,5
2025,2025_negative_price_cluster_246,negative_price_cluster,2025-10-04 00:30:00+00:00,2025-10-04 01:00:00+00:00,1.0,2,-1.0,-2.99,-1.995,10.163702048611109,11763.0,3271.5,235.0,2025-10-04 00:30:00+00:00,night,oct_mixed_transition,,,,"Candidate negative-price event. Check high wind, low gas, negative imbalance, and whether surplus conditions were reinforced by system context.",high_wind+lower_interconnector_support,2025-10-03 22:30:00+00:00,2025-10-04 03:00:00+00:00,2025-10-03T22:30:00Z,2025-10-04T03:00:00Z,5
2025,2025_negative_price_cluster_264,negative_price_cluster,2025-10-25 02:00:00+00:00,2025-10-25 03:30:00+00:00,2.0,4,-1.0,-10.98,-8.115,-197.2510938574651,15868.5,3084.0,-2584.0,2025-10-25 03:00:00+00:00,night,oct_mixed_transition,,,,"Candidate negative-price event. Check high wind, low gas, negative imbalance, and whether surplus conditions were reinforced by system context.",high_wind+negative_imbalance+lower_interconnector_support,2025-10-25 00:00:00+00:00,2025-10-25 05:30:00+00:00,2025-10-25T00:00:00Z,2025-10-25T05:30:00Z,5
2025,2025_negative_price_cluster_278,negative_price_cluster,2025-10-31 22:30:00+00:00,2025-10-31 22:30:00+00:00,0.5,1,-1.1,-1.1,-1.1,-295.52308606535945,15589.0,3246.0,1048.0,2025-10-31 22:30:00+00:00,late_evening,oct_mixed_transition,,,,"Candidate negative-price event. Check high wind, low gas, negative imbalance, and whether surplus conditions were reinforced by system context.",high_wind+negative_imbalance+lower_interconnector_support,2025-10-31 20:30:00+00:00,2025-11-01 00:30:00+00:00,2025-10-31T20:30:00Z,2025-11-01T00:30:00Z,5
2025,2025_negative_price_cluster_297,negative_price_cluster,2025-12-09 05:00:00+00:00,2025-12-09 05:00:00+00:00,0.5,1,-1.1,-1.1,-1.1,-236.38410051587303,15464.0,1929.0,1218.0,2025-12-09 05:00:00+00:00,night,nov_dec_quiet,,,,"Candidate negative-price event. Check high wind, low gas, negative imbalance, and whether surplus conditions were reinforced by system context.",high_wind+negative_imbalance+lower_interconnector_support,2025-12-09 03:00:00+00:00,2025-12-09 07:00:00+00:00,2025-12-09T03:00:00Z,2025-12-09T07:00:00Z,5
2025,2025_negative_price_cluster_294,negative_price_cluster,2025-11-30 22:30:00+00:00,2025-11-30 23:00:00+00:00,1.0,2,-1.1212138449546585,-17.03,-9.07560692247733,-353.60118870726495,15318.5,3920.5,-903.0,2025-11-30 23:00:00+00:00,late_evening,nov_dec_quiet,,,,"Candidate negative-price event. Check high wind, low gas, negative imbalance, and whether surplus conditions were reinforced by system context.",high_wind+negative_imbalance+lower_interconnector_support,2025-11-30 20:30:00+00:00,2025-12-01 01:00:00+00:00,2025-11-30T20:30:00Z,2025-12-01T01:00:00Z,5
2025,2025_negative_price_cluster_226,negative_price_cluster,2025-09-13 08:00:00+00:00,2025-09-13 14:30:00+00:00,7.0,14,-1.13,-17.48,-10.390741635706915,-452.1847022760109,10203.07142857143,2621.285714285714,2827.285714285714,2025-09-13 14:30:00+00:00,afternoon,jul_sep_surplus,,,,"Candidate negative-price event. Check high wind, low gas, negative imbalance, and whether surplus conditions were reinforced by system context.",high_wind+negative_imbalance,2025-09-13 06:00:00+00:00,2025-09-13 16:30:00+00:00,2025-09-13T06:00:00Z,2025-09-13T16:30:00Z,5
2025,2025_negative_price_cluster_99,negative_price_cluster,2025-06-08 01:00:00+00:00,2025-06-08 05:30:00+00:00,5.0,10,-1.18,-12.35,-4.254980392156863,-255.5624160823151,10190.9,3047.0,295.2,2025-06-08 03:00:00+00:00,night,jun_mixed_tail,,,,"Candidate negative-price event. Check high wind, low gas, negative imbalance, and whether surplus conditions were reinforced by system context.",high_wind+negative_imbalance+lower_interconnector_support,2025-06-07 23:00:00+00:00,2025-06-08 07:30:00+00:00,2025-06-07T23:00:00Z,2025-06-08T07:30:00Z,5
2025,2025_negative_price_cluster_78,negative_price_cluster,2025-05-25 11:30:00+00:00,2025-05-25 12:00:00+00:00,1.0,2,-1.21,-1.48,-1.345,87.550854375,10861.0,2092.0,-3616.0,2025-05-25 11:30:00+00:00,midday,apr_may_surplus_shift,,,,"Candidate negative-price event. Check high wind, low gas, negative imbalance, and whether surplus conditions were reinforced by system context.",high_wind+lower_interconnector_support,2025-05-25 09:30:00+00:00,2025-05-25 14:00:00+00:00,2025-05-25T09:30:00Z,2025-05-25T14:00:00Z,5
2025,2025_negative_price_cluster_113,negative_price_cluster,2025-06-22 02:30:00+00:00,2025-06-22 15:30:00+00:00,13.5,27,-1.23,-78.67,-34.7837037037037,-899.464875642297,10424.777777777777,2475.8888888888887,583.3333333333334,2025-06-22 15:30:00+00:00,afternoon,jun_mixed_tail,,,,"Candidate negative-price event. Check high wind, low gas, negative imbalance, and whether surplus conditions were reinforced by system context.",high_wind+negative_imbalance+lower_interconnector_support,2025-06-22 00:30:00+00:00,2025-06-22 17:30:00+00:00,2025-06-22T00:30:00Z,2025-06-22T17:30:00Z,5
2025,2025_negative_price_cluster_268,negative_price_cluster,2025-10-25 13:00:00+00:00,2025-10-25 13:30:00+00:00,1.0,2,-1.26,-17.32,-9.290000000000001,-510.0737275705891,16525.5,3275.0,866.0,2025-10-25 13:00:00+00:00,midday,oct_mixed_transition,,,,"Candidate negative-price event. Check high wind, low gas, negative imbalance, and whether surplus conditions were reinforced by system context.",high_wind+negative_imbalance+lower_interconnector_support,2025-10-25 11:00:00+00:00,2025-10-25 15:30:00+00:00,2025-10-25T11:00:00Z,2025-10-25T15:30:00Z,5
2025,2025_negative_price_cluster_163,negative_price_cluster,2025-08-05 05:00:00+00:00,2025-08-05 07:00:00+00:00,2.5,5,-1.42,-25.0,-13.642000000000001,-408.2313223851891,14212.0,3942.4,-3293.2,2025-08-05 05:30:00+00:00,night,jul_sep_surplus,,,,"Candidate negative-price event. Check high wind, low gas, negative imbalance, and whether surplus conditions were reinforced by system context.",high_wind+negative_imbalance+lower_interconnector_support,2025-08-05 03:00:00+00:00,2025-08-05 09:00:00+00:00,2025-08-05T03:00:00Z,2025-08-05T09:00:00Z,5
2025,2025_negative_price_cluster_1,negative_price_cluster,2025-01-01 02:30:00+00:00,2025-01-01 04:30:00+00:00,2.5,5,-1.46222054805528,-3.95,-3.4524441096110556,-163.1181477357032,14958.8,2994.0,-4208.8,2025-01-01 03:00:00+00:00,night,jan_spike_stress,,,,"Candidate negative-price event. Check high wind, low gas, negative imbalance, and whether surplus conditions were reinforced by system context.",high_wind+negative_imbalance+lower_interconnector_support,2025-01-01 00:30:00+00:00,2025-01-01 06:30:00+00:00,2025-01-01T00:30:00Z,2025-01-01T06:30:00Z,5
2025,2025_negative_price_cluster_70,negative_price_cluster,2025-05-10 15:30:00+00:00,2025-05-10 16:30:00+00:00,1.5,3,-1.49,-11.32,-8.036666666666667,-822.8425712482964,6513.0,3113.6666666666665,5500.666666666667,2025-05-10 15:30:00+00:00,afternoon,apr_may_surplus_shift,,,,"Candidate negative-price event. Check high wind, low gas, negative imbalance, and whether surplus conditions were reinforced by system context.",low_wind+negative_imbalance+higher_interconnector_support,2025-05-10 13:30:00+00:00,2025-05-10 18:30:00+00:00,2025-05-10T13:30:00Z,2025-05-10T18:30:00Z,5
2025,2025_negative_price_cluster_93,negative_price_cluster,2025-06-02 23:30:00+00:00,2025-06-03 05:00:00+00:00,6.0,12,-1.52,-17.22,-8.56526034876913,-516.2496550566553,14637.083333333334,4188.583333333333,-4269.833333333333,2025-06-02 23:30:00+00:00,late_evening,jun_mixed_tail,,,,"Candidate negative-price event. Check high wind, low gas, negative imbalance, and whether surplus conditions were reinforced by system context.",high_wind+negative_imbalance+lower_interconnector_support,2025-06-02 21:30:00+00:00,2025-06-03 07:00:00+00:00,2025-06-02T21:30:00Z,2025-06-03T07:00:00Z,5
2025,2025_negative_price_cluster_14,negative_price_cluster,2025-01-29 01:30:00+00:00,2025-01-29 01:30:00+00:00,0.5,1,-1.57,-1.57,-1.57,-88.92943876984127,12514.0,1936.0,5064.0,2025-01-29 01:30:00+00:00,night,jan_spike_stress,,,,"Candidate negative-price event. Check high wind, low gas, negative imbalance, and whether surplus conditions were reinforced by system context.",high_wind+higher_interconnector_support,2025-01-28 23:30:00+00:00,2025-01-29 03:30:00+00:00,2025-01-28T23:30:00Z,2025-01-29T03:30:00Z,5
2025,2025_negative_price_cluster_15,negative_price_cluster,2025-01-29 15:00:00+00:00,2025-01-29 15:00:00+00:00,0.5,1,-1.57,-1.57,-1.57,-68.15694444444445,9370.0,14486.0,5374.0,2025-01-29 15:00:00+00:00,afternoon,jan_spike_stress,,,,"Candidate negative-price event. Check high wind, low gas, negative imbalance, and whether surplus conditions were reinforced by system context.",higher_interconnector_support,2025-01-29 13:00:00+00:00,2025-01-29 17:00:00+00:00,2025-01-29T13:00:00Z,2025-01-29T17:00:00Z,5
2025,2025_negative_price_cluster_16,negative_price_cluster,2025-02-02 10:00:00+00:00,2025-02-02 10:30:00+00:00,1.0,2,-1.57,-1.57,-1.57,-517.1233484362315,8460.5,8699.5,4299.0,2025-02-02 10:00:00+00:00,midday,feb_mar_broad_stress,,,,"Candidate negative-price event. Check high wind, low gas, negative imbalance, and whether surplus conditions were reinforced by system context.",negative_imbalance,2025-02-02 08:00:00+00:00,2025-02-02 12:30:00+00:00,2025-02-02T08:00:00Z,2025-02-02T12:30:00Z,5
2025,2025_negative_price_cluster_165,negative_price_cluster,2025-08-05 14:30:00+00:00,2025-08-05 14:30:00+00:00,0.5,1,-1.5877976754444705,-1.5877976754444705,-1.5877976754444705,-223.48407180110289,9971.0,3575.0,1164.0,2025-08-05 14:30:00+00:00,afternoon,jul_sep_surplus,,,,"Candidate negative-price event. Check high wind, low gas, negative imbalance, and whether surplus conditions were reinforced by system context.",negative_imbalance+lower_interconnector_support,2025-08-05 12:30:00+00:00,2025-08-05 16:30:00+00:00,2025-08-05T12:30:00Z,2025-08-05T16:30:00Z,5
2025,2025_negative_price_cluster_223,negative_price_cluster,2025-09-12 07:00:00+00:00,2025-09-12 14:00:00+00:00,7.5,15,-1.61,-43.72,-11.01971993059853,-667.5509878661098,15028.4,2798.133333333333,621.8666666666667,2025-09-12 14:00:00+00:00,afternoon,jul_sep_surplus,,,,"Candidate negative-price event. Check high wind, low gas, negative imbalance, and whether surplus conditions were reinforced by system context.",high_wind+negative_imbalance+lower_interconnector_support,2025-09-12 05:00:00+00:00,2025-09-12 16:00:00+00:00,2025-09-12T05:00:00Z,2025-09-12T16:00:00Z,5
2025,2025_negative_price_cluster_224,negative_price_cluster,2025-09-13 03:00:00+00:00,2025-09-13 04:30:00+00:00,2.0,4,-1.61,-15.0,-7.2,-392.86864689003005,10770.25,3157.5,293.0,2025-09-13 04:30:00+00:00,night,jul_sep_surplus,,,,"Candidate negative-price event. Check high wind, low gas, negative imbalance, and whether surplus conditions were reinforced by system context.",high_wind+negative_imbalance+lower_interconnector_support,2025-09-13 01:00:00+00:00,2025-09-13 06:30:00+00:00,2025-09-13T01:00:00Z,2025-09-13T06:30:00Z,5
2025,2025_negative_price_cluster_279,negative_price_cluster,2025-11-01 02:30:00+00:00,2025-11-01 02:30:00+00:00,0.5,1,-1.61,-1.61,-1.61,-372.0616655555556,16197.0,2684.0,-2290.0,2025-11-01 02:30:00+00:00,night,nov_dec_quiet,,,,"Candidate negative-price event. Check high wind, low gas, negative imbalance, and whether surplus conditions were reinforced by system context.",high_wind+negative_imbalance+lower_interconnector_support,2025-11-01 00:30:00+00:00,2025-11-01 04:30:00+00:00,2025-11-01T00:30:00Z,2025-11-01T04:30:00Z,5
2025,2025_negative_price_cluster_88,negative_price_cluster,2025-05-31 09:30:00+00:00,2025-05-31 14:00:00+00:00,5.0,10,-1.65,-16.16,-7.403640040983618,-424.9412629431883,8190.5,2057.4,1087.6,2025-05-31 09:30:00+00:00,morning_ramp,apr_may_surplus_shift,,,,"Candidate negative-price event. Check high wind, low gas, negative imbalance, and whether surplus conditions were reinforced by system context.",negative_imbalance+lower_interconnector_support,2025-05-31 07:30:00+00:00,2025-05-31 16:00:00+00:00,2025-05-31T07:30:00Z,2025-05-31T16:00:00Z,5
2025,2025_negative_price_cluster_107,negative_price_cluster,2025-06-15 10:30:00+00:00,2025-06-15 10:30:00+00:00,0.5,1,-1.65008,-1.65008,-1.65008,-163.07083333333333,6009.0,2568.0,4078.0,2025-06-15 10:30:00+00:00,midday,jun_mixed_tail,,,,"Candidate negative-price event. Check high wind, low gas, negative imbalance, and whether surplus conditions were reinforced by system context.",low_wind+negative_imbalance,2025-06-15 08:30:00+00:00,2025-06-15 12:30:00+00:00,2025-06-15T08:30:00Z,2025-06-15T12:30:00Z,5
2025,2025_negative_price_cluster_275,negative_price_cluster,2025-10-26 22:30:00+00:00,2025-10-27 04:30:00+00:00,6.5,13,-1.7,-17.32,-10.523082302313071,-575.2443608882785,18153.23076923077,2306.6153846153848,-1653.8461538461538,2025-10-26 23:30:00+00:00,late_evening,oct_mixed_transition,,,,"Candidate negative-price event. Check high wind, low gas, negative imbalance, and whether surplus conditions were reinforced by system context.",high_wind+negative_imbalance+lower_interconnector_support,2025-10-26 20:30:00+00:00,2025-10-27 06:30:00+00:00,2025-10-26T20:30:00Z,2025-10-27T06:30:00Z,5
2025,2025_negative_price_cluster_76,negative_price_cluster,2025-05-25 04:30:00+00:00,2025-05-25 06:30:00+00:00,2.5,5,-1.84,-15.93,-11.132000000000001,-316.97942395346126,11529.8,3141.8,-6259.2,2025-05-25 05:30:00+00:00,night,apr_may_surplus_shift,,,,"Candidate negative-price event. Check high wind, low gas, negative imbalance, and whether surplus conditions were reinforced by system context.",high_wind+negative_imbalance+lower_interconnector_support,2025-05-25 02:30:00+00:00,2025-05-25 08:30:00+00:00,2025-05-25T02:30:00Z,2025-05-25T08:30:00Z,5
2025,2025_negative_price_cluster_194,negative_price_cluster,2025-08-31 12:00:00+00:00,2025-08-31 12:00:00+00:00,0.5,1,-1.9,-1.9,-1.9,-520.23783,10448.0,2225.0,1338.0,2025-08-31 12:00:00+00:00,midday,jul_sep_surplus,,,,"Candidate negative-price event. Check high wind, low gas, negative imbalance, and whether surplus conditions were reinforced by system context.",high_wind+negative_imbalance+lower_interconnector_support,2025-08-31 10:00:00+00:00,2025-08-31 14:00:00+00:00,2025-08-31T10:00:00Z,2025-08-31T14:00:00Z,5
2025,2025_negative_price_cluster_7,negative_price_cluster,2025-01-24 23:30:00+00:00,2025-01-24 23:30:00+00:00,0.5,1,-1.91,-1.91,-1.91,-367.3347858333333,27862.0,4144.0,8520.0,2025-01-24 23:30:00+00:00,late_evening,jan_spike_stress,,,,"Candidate negative-price event. Check high wind, low gas, negative imbalance, and whether surplus conditions were reinforced by system context.",high_wind+negative_imbalance+higher_interconnector_support,2025-01-24 21:30:00+00:00,2025-01-25 01:30:00+00:00,2025-01-24T21:30:00Z,2025-01-25T01:30:00Z,5
2025,2025_negative_price_cluster_8,negative_price_cluster,2025-01-25 05:00:00+00:00,2025-01-25 06:00:00+00:00,1.5,3,-1.91,-31.42,-21.44333333333333,-749.4963923104057,11783.666666666666,2770.6666666666665,3860.0,2025-01-25 06:00:00+00:00,morning_ramp,jan_spike_stress,,,,"Candidate negative-price event. Check high wind, low gas, negative imbalance, and whether surplus conditions were reinforced by system context.",high_wind+negative_imbalance,2025-01-25 03:00:00+00:00,2025-01-25 08:00:00+00:00,2025-01-25T03:00:00Z,2025-01-25T08:00:00Z,5
2025,2025_negative_price_cluster_9,negative_price_cluster,2025-01-26 06:00:00+00:00,2025-01-26 06:00:00+00:00,0.5,1,-1.91,-1.91,-1.91,-418.0992305555556,11662.0,2822.0,4258.0,2025-01-26 06:00:00+00:00,morning_ramp,jan_spike_stress,,,,"Candidate negative-price event. Check high wind, low gas, negative imbalance, and whether surplus conditions were reinforced by system context.",high_wind+negative_imbalance,2025-01-26 04:00:00+00:00,2025-01-26 08:00:00+00:00,2025-01-26T04:00:00Z,2025-01-26T08:00:00Z,5
2025,2025_negative_price_cluster_10,negative_price_cluster,2025-01-26 08:00:00+00:00,2025-01-26 08:30:00+00:00,1.0,2,-1.91,-1.91,-1.91,-209.84931939486626,14047.0,2831.0,4764.0,2025-01-26 08:00:00+00:00,morning_ramp,jan_spike_stress,,,,"Candidate negative-price event. Check high wind, low gas, negative imbalance, and whether surplus conditions were reinforced by system context.",high_wind+negative_imbalance+higher_interconnector_support,2025-01-26 06:00:00+00:00,2025-01-26 10:30:00+00:00,2025-01-26T06:00:00Z,2025-01-26T10:30:00Z,5
2025,2025_negative_price_cluster_11,negative_price_cluster,2025-01-26 23:00:00+00:00,2025-01-26 23:30:00+00:00,1.0,2,-1.91,-1.91,-1.91,-217.54474409722218,22492.0,3045.0,6559.0,2025-01-26 23:00:00+00:00,late_evening,jan_spike_stress,,,,"Candidate negative-price event. Check high wind, low gas, negative imbalance, and whether surplus conditions were reinforced by system context.",high_wind+negative_imbalance+higher_interconnector_support,2025-01-26 21:00:00+00:00,2025-01-27 01:30:00+00:00,2025-01-26T21:00:00Z,2025-01-27T01:30:00Z,5
2025,2025_negative_price_cluster_95,negative_price_cluster,2025-06-03 07:00:00+00:00,2025-06-03 16:00:00+00:00,9.5,19,-1.93,-73.87,-38.990241707669,-678.8682172438672,15219.421052631578,3170.5263157894738,-261.6842105263158,2025-06-03 09:00:00+00:00,morning_ramp,jun_mixed_tail,,,,"Candidate negative-price event. Check high wind, low gas, negative imbalance, and whether surplus conditions were reinforced by system context.",high_wind+negative_imbalance+lower_interconnector_support,2025-06-03 05:00:00+00:00,2025-06-03 18:00:00+00:00,2025-06-03T05:00:00Z,2025-06-03T18:00:00Z,5
2025,2025_negative_price_cluster_67,negative_price_cluster,2025-05-03 22:00:00+00:00,2025-05-03 22:30:00+00:00,1.0,2,-1.949316967857143,-3.5,-2.7246584839285717,-401.6681933730159,9573.5,3074.0,4781.0,2025-05-03 22:00:00+00:00,late_evening,apr_may_surplus_shift,,,,"Candidate negative-price event. Check high wind, low gas, negative imbalance, and whether surplus conditions were reinforced by system context.",negative_imbalance+higher_interconnector_support,2025-05-03 20:00:00+00:00,2025-05-04 00:30:00+00:00,2025-05-03T20:00:00Z,2025-05-04T00:30:00Z,5
2025,2025_negative_price_cluster_183,negative_price_cluster,2025-08-30 11:30:00+00:00,2025-08-30 12:30:00+00:00,1.5,3,-2.0,-5.33,-3.276666666666667,-527.0768839814815,8116.0,2052.6666666666665,5623.333333333333,2025-08-30 12:30:00+00:00,midday,jul_sep_surplus,,,,"Candidate negative-price event. Check high wind, low gas, negative imbalance, and whether surplus conditions were reinforced by system context.",negative_imbalance+higher_interconnector_support,2025-08-30 09:30:00+00:00,2025-08-30 14:30:00+00:00,2025-08-30T09:30:00Z,2025-08-30T14:30:00Z,5
2025,2025_negative_price_cluster_260,negative_price_cluster,2025-10-23 22:30:00+00:00,2025-10-24 02:30:00+00:00,4.5,9,-2.15,-5.88,-4.098909636657645,-589.1741172897662,16287.111111111111,2768.222222222222,2698.6666666666665,2025-10-23 22:30:00+00:00,late_evening,oct_mixed_transition,,,,"Candidate negative-price event. Check high wind, low gas, negative imbalance, and whether surplus conditions were reinforced by system context.",high_wind+negative_imbalance,2025-10-23 20:30:00+00:00,2025-10-24 04:30:00+00:00,2025-10-23T20:30:00Z,2025-10-24T04:30:00Z,5
2025,2025_negative_price_cluster_6,negative_price_cluster,2025-01-24 02:30:00+00:00,2025-01-24 04:30:00+00:00,2.5,5,-2.31,-19.0,-9.826,-1365.8766069348926,15218.4,2783.4,998.0,2025-01-24 03:00:00+00:00,night,jan_spike_stress,,,,"Candidate negative-price event. Check high wind, low gas, negative imbalance, and whether surplus conditions were reinforced by system context.",high_wind+negative_imbalance+lower_interconnector_support,2025-01-24 00:30:00+00:00,2025-01-24 06:30:00+00:00,2025-01-24T00:30:00Z,2025-01-24T06:30:00Z,5
2025,2025_negative_price_cluster_261,negative_price_cluster,2025-10-24 12:00:00+00:00,2025-10-24 12:00:00+00:00,0.5,1,-2.48,-2.48,-2.48,-391.6344432625949,13109.0,2482.0,5978.0,2025-10-24 12:00:00+00:00,midday,oct_mixed_transition,,,,"Candidate negative-price event. Check high wind, low gas, negative imbalance, and whether surplus conditions were reinforced by system context.",high_wind+negative_imbalance+higher_interconnector_support,2025-10-24 10:00:00+00:00,2025-10-24 14:00:00+00:00,2025-10-24T10:00:00Z,2025-10-24T14:00:00Z,5
2025,2025_negative_price_cluster_155,negative_price_cluster,2025-08-03 07:00:00+00:00,2025-08-03 09:00:00+00:00,2.5,5,-2.5,-10.5,-7.664,-425.6913406591995,6962.0,2967.8,5224.0,2025-08-03 09:00:00+00:00,morning_ramp,jul_sep_surplus,,,,"Candidate negative-price event. Check high wind, low gas, negative imbalance, and whether surplus conditions were reinforced by system context.",low_wind+negative_imbalance+higher_interconnector_support,2025-08-03 05:00:00+00:00,2025-08-03 11:00:00+00:00,2025-08-03T05:00:00Z,2025-08-03T11:00:00Z,5
2025,2025_negative_price_cluster_236,negative_price_cluster,2025-09-16 11:00:00+00:00,2025-09-16 11:00:00+00:00,0.5,1,-2.53,-2.53,-2.53,-94.46961400793651,14343.0,4350.0,1262.0,2025-09-16 11:00:00+00:00,midday,jul_sep_surplus,,,,"Candidate negative-price event. Check high wind, low gas, negative imbalance, and whether surplus conditions were reinforced by system context.",high_wind+lower_interconnector_support,2025-09-16 09:00:00+00:00,2025-09-16 13:00:00+00:00,2025-09-16T09:00:00Z,2025-09-16T13:00:00Z,5
2025,2025_negative_price_cluster_239,negative_price_cluster,2025-09-19 01:00:00+00:00,2025-09-19 04:30:00+00:00,4.0,8,-2.53,-17.35,-8.590004940711463,-627.773033233587,12568.875,3330.0,754.75,2025-09-19 01:00:00+00:00,night,jul_sep_surplus,,,,"Candidate negative-price event. Check high wind, low gas, negative imbalance, and whether surplus conditions were reinforced by system context.",high_wind+negative_imbalance+lower_interconnector_support,2025-09-18 23:00:00+00:00,2025-09-19 06:30:00+00:00,2025-09-18T23:00:00Z,2025-09-19T06:30:00Z,5
2025,2025_negative_price_cluster_3,negative_price_cluster,2025-01-03 04:30:00+00:00,2025-01-03 04:30:00+00:00,0.5,1,-2.59,-2.59,-2.59,-534.7413890912699,13961.0,2718.0,1212.0,2025-01-03 04:30:00+00:00,night,jan_spike_stress,,,,"Candidate negative-price event. Check high wind, low gas, negative imbalance, and whether surplus conditions were reinforced by system context.",high_wind+negative_imbalance+lower_interconnector_support,2025-01-03 02:30:00+00:00,2025-01-03 06:30:00+00:00,2025-01-03T02:30:00Z,2025-01-03T06:30:00Z,5
2025,2025_negative_price_cluster_170,negative_price_cluster,2025-08-07 08:30:00+00:00,2025-08-07 13:30:00+00:00,5.5,11,-2.62,-30.0,-17.07952793614398,-743.32092464973,11023.545454545454,2556.0,5089.454545454545,2025-08-07 13:30:00+00:00,midday,jul_sep_surplus,,,,"Candidate negative-price event. Check high wind, low gas, negative imbalance, and whether surplus conditions were reinforced by system context.",high_wind+negative_imbalance+higher_interconnector_support,2025-08-07 06:30:00+00:00,2025-08-07 15:30:00+00:00,2025-08-07T06:30:00Z,2025-08-07T15:30:00Z,5
2025,2025_negative_price_cluster_38,negative_price_cluster,2025-03-25 13:00:00+00:00,2025-03-25 13:00:00+00:00,0.5,1,-2.63,-2.63,-2.63,-552.8429984320773,7649.0,10751.0,6138.0,2025-03-25 13:00:00+00:00,midday,feb_mar_broad_stress,,,,"Candidate negative-price event. Check high wind, low gas, negative imbalance, and whether surplus conditions were reinforced by system context.",low_wind+negative_imbalance+higher_interconnector_support,2025-03-25 11:00:00+00:00,2025-03-25 15:00:00+00:00,2025-03-25T11:00:00Z,2025-03-25T15:00:00Z,5
2025,2025_negative_price_cluster_41,negative_price_cluster,2025-03-28 11:30:00+00:00,2025-03-28 15:00:00+00:00,4.0,8,-2.63,-13.87,-7.910941931261736,-918.2225056839612,10693.125,3337.25,4589.75,2025-03-28 14:00:00+00:00,afternoon,feb_mar_broad_stress,,,,"Candidate negative-price event. Check high wind, low gas, negative imbalance, and whether surplus conditions were reinforced by system context.",high_wind+negative_imbalance+higher_interconnector_support,2025-03-28 09:30:00+00:00,2025-03-28 17:00:00+00:00,2025-03-28T09:30:00Z,2025-03-28T17:00:00Z,5
2025,2025_negative_price_cluster_4,negative_price_cluster,2025-01-08 00:00:00+00:00,2025-01-08 00:30:00+00:00,1.0,2,-2.64,-6.42,-4.53,-363.81582569444447,13267.5,5798.5,3667.0,2025-01-08 00:30:00+00:00,night,jan_spike_stress,,,,"Candidate negative-price event. Check high wind, low gas, negative imbalance, and whether surplus conditions were reinforced by system context.",high_wind+negative_imbalance,2025-01-07 22:00:00+00:00,2025-01-08 02:30:00+00:00,2025-01-07T22:00:00Z,2025-01-08T02:30:00Z,5
2025,2025_negative_price_cluster_5,negative_price_cluster,2025-01-08 01:30:00+00:00,2025-01-08 01:30:00+00:00,0.5,1,-2.64,-2.64,-2.64,-516.8138888888889,12734.0,5620.0,3716.0,2025-01-08 01:30:00+00:00,night,jan_spike_stress,,,,"Candidate negative-price event. Check high wind, low gas, negative imbalance, and whether surplus conditions were reinforced by system context.",high_wind+negative_imbalance,2025-01-07 23:30:00+00:00,2025-01-08 03:30:00+00:00,2025-01-07T23:30:00Z,2025-01-08T03:30:00Z,5
2025,2025_negative_price_cluster_46,negative_price_cluster,2025-03-30 05:30:00+00:00,2025-03-30 05:30:00+00:00,0.5,1,-2.66,-2.66,-2.66,-633.6410032539683,15792.0,3404.0,-3116.0,2025-03-30 05:30:00+00:00,night,feb_mar_broad_stress,,,,"Candidate negative-price event. Check high wind, low gas, negative imbalance, and whether surplus conditions were reinforced by system context.",high_wind+negative_imbalance+lower_interconnector_support,2025-03-30 03:30:00+00:00,2025-03-30 07:30:00+00:00,2025-03-30T03:30:00Z,2025-03-30T07:30:00Z,5
2025,2025_negative_price_cluster_48,negative_price_cluster,2025-04-01 12:00:00+00:00,2025-04-01 15:30:00+00:00,4.0,8,-2.76,-43.79,-24.4175,-936.8920895434253,8181.5,1879.5,5214.25,2025-04-01 12:00:00+00:00,midday,apr_may_surplus_shift,,,,"Candidate negative-price event. Check high wind, low gas, negative imbalance, and whether surplus conditions were reinforced by system context.",negative_imbalance+higher_interconnector_support,2025-04-01 10:00:00+00:00,2025-04-01 17:30:00+00:00,2025-04-01T10:00:00Z,2025-04-01T17:30:00Z,5
2025,2025_negative_price_cluster_33,negative_price_cluster,2025-03-05 12:30:00+00:00,2025-03-05 12:30:00+00:00,0.5,1,-2.86,-2.86,-2.86,-872.3952335960167,12853.0,2571.0,5602.0,2025-03-05 12:30:00+00:00,midday,feb_mar_broad_stress,,,,"Candidate negative-price event. Check high wind, low gas, negative imbalance, and whether surplus conditions were reinforced by system context.",high_wind+negative_imbalance+higher_interconnector_support,2025-03-05 10:30:00+00:00,2025-03-05 14:30:00+00:00,2025-03-05T10:30:00Z,2025-03-05T14:30:00Z,5
2025,2025_negative_price_cluster_64,negative_price_cluster,2025-04-24 04:00:00+00:00,2025-04-24 04:00:00+00:00,0.5,1,-2.95,-2.95,-2.95,-274.96620904761903,4395.0,10624.0,2348.0,2025-04-24 04:00:00+00:00,night,apr_may_surplus_shift,,,,"Candidate negative-price event. Check high wind, low gas, negative imbalance, and whether surplus conditions were reinforced by system context.",low_wind+negative_imbalance+lower_interconnector_support,2025-04-24 02:00:00+00:00,2025-04-24 06:00:00+00:00,2025-04-24T02:00:00Z,2025-04-24T06:00:00Z,5
2025,2025_negative_price_cluster_102,negative_price_cluster,2025-06-12 13:30:00+00:00,2025-06-12 15:00:00+00:00,2.0,4,-2.97,-11.82,-9.6075,-378.9432763589304,13605.5,3563.25,3155.0,2025-06-12 13:30:00+00:00,midday,jun_mixed_tail,,,,"Candidate negative-price event. Check high wind, low gas, negative imbalance, and whether surplus conditions were reinforced by system context.",high_wind+negative_imbalance,2025-06-12 11:30:00+00:00,2025-06-12 17:00:00+00:00,2025-06-12T11:30:00Z,2025-06-12T17:00:00Z,5
2025,2025_negative_price_cluster_55,negative_price_cluster,2025-04-06 00:30:00+00:00,2025-04-06 02:30:00+00:00,2.5,5,-3.0,-12.0,-6.2,-301.34155982936505,8057.8,2732.6,5294.4,2025-04-06 00:30:00+00:00,night,apr_may_surplus_shift,,,,"Candidate negative-price event. Check high wind, low gas, negative imbalance, and whether surplus conditions were reinforced by system context.",negative_imbalance+higher_interconnector_support,2025-04-05 22:30:00+00:00,2025-04-06 04:30:00+00:00,2025-04-05T22:30:00Z,2025-04-06T04:30:00Z,5
2025,2025_negative_price_cluster_101,negative_price_cluster,2025-06-10 08:00:00+00:00,2025-06-10 11:30:00+00:00,4.0,8,-3.13,-12.79,-9.41125,-686.918992522973,10515.875,1818.0,4110.25,2025-06-10 11:30:00+00:00,midday,jun_mixed_tail,,,,"Candidate negative-price event. Check high wind, low gas, negative imbalance, and whether surplus conditions were reinforced by system context.",high_wind+negative_imbalance,2025-06-10 06:00:00+00:00,2025-06-10 13:30:00+00:00,2025-06-10T06:00:00Z,2025-06-10T13:30:00Z,5
2025,2025_negative_price_cluster_62,negative_price_cluster,2025-04-14 10:30:00+00:00,2025-04-14 10:30:00+00:00,0.5,1,-3.15,-3.15,-3.15,-120.54622388888887,7818.0,2021.0,5960.0,2025-04-14 10:30:00+00:00,midday,apr_may_surplus_shift,,,,"Candidate negative-price event. Check high wind, low gas, negative imbalance, and whether surplus conditions were reinforced by system context.",low_wind+higher_interconnector_support,2025-04-14 08:30:00+00:00,2025-04-14 12:30:00+00:00,2025-04-14T08:30:00Z,2025-04-14T12:30:00Z,5
2025,2025_negative_price_cluster_80,negative_price_cluster,2025-05-25 23:30:00+00:00,2025-05-25 23:30:00+00:00,0.5,1,-3.2193707395891167,-3.2193707395891167,-3.2193707395891167,-397.61895875,29294.0,6900.0,-7392.0,2025-05-25 23:30:00+00:00,late_evening,apr_may_surplus_shift,,,,"Candidate negative-price event. Check high wind, low gas, negative imbalance, and whether surplus conditions were reinforced by system context.",high_wind+negative_imbalance+lower_interconnector_support,2025-05-25 21:30:00+00:00,2025-05-26 01:30:00+00:00,2025-05-25T21:30:00Z,2025-05-26T01:30:00Z,5
2025,2025_negative_price_cluster_187,negative_price_cluster,2025-08-30 19:30:00+00:00,2025-08-30 19:30:00+00:00,0.5,1,-3.25,-3.25,-3.25,-269.6842025089606,15029.0,4216.0,2.0,2025-08-30 19:30:00+00:00,evening_peak,jul_sep_surplus,,,,"Candidate negative-price event. Check high wind, low gas, negative imbalance, and whether surplus conditions were reinforced by system context.",high_wind+negative_imbalance+lower_interconnector_support,2025-08-30 17:30:00+00:00,2025-08-30 21:30:00+00:00,2025-08-30T17:30:00Z,2025-08-30T21:30:00Z,5
2025,2025_negative_price_cluster_63,negative_price_cluster,2025-04-16 04:00:00+00:00,2025-04-16 04:30:00+00:00,1.0,2,-3.36,-3.36,-3.36,-72.56401445512822,13954.0,3002.5,1629.0,2025-04-16 04:00:00+00:00,night,apr_may_surplus_shift,,,,"Candidate negative-price event. Check high wind, low gas, negative imbalance, and whether surplus conditions were reinforced by system context.",high_wind+lower_interconnector_support,2025-04-16 02:00:00+00:00,2025-04-16 06:30:00+00:00,2025-04-16T02:00:00Z,2025-04-16T06:30:00Z,5
2025,2025_negative_price_cluster_162,negative_price_cluster,2025-08-04 21:00:00+00:00,2025-08-05 04:00:00+00:00,7.5,15,-3.48,-25.0,-15.647333333333336,-342.9660938478991,13559.466666666667,4792.733333333334,-4206.0,2025-08-05 01:00:00+00:00,night,jul_sep_surplus,,,,"Candidate negative-price event. Check high wind, low gas, negative imbalance, and whether surplus conditions were reinforced by system context.",high_wind+negative_imbalance+lower_interconnector_support,2025-08-04 19:00:00+00:00,2025-08-05 06:00:00+00:00,2025-08-04T19:00:00Z,2025-08-05T06:00:00Z,5
2025,2025_negative_price_cluster_282,negative_price_cluster,2025-11-03 10:00:00+00:00,2025-11-03 10:30:00+00:00,1.0,2,-3.5,-8.77,-6.135,-184.6767734474206,15750.0,4015.0,4429.0,2025-11-03 10:30:00+00:00,midday,nov_dec_quiet,,,,"Candidate negative-price event. Check high wind, low gas, negative imbalance, and whether surplus conditions were reinforced by system context.",high_wind+negative_imbalance,2025-11-03 08:00:00+00:00,2025-11-03 12:30:00+00:00,2025-11-03T08:00:00Z,2025-11-03T12:30:00Z,5
2025,2025_negative_price_cluster_126,negative_price_cluster,2025-06-27 10:30:00+00:00,2025-06-27 11:00:00+00:00,1.0,2,-3.64,-11.49,-7.565,-371.05010123896915,10734.5,2583.0,715.0,2025-06-27 10:30:00+00:00,midday,jun_mixed_tail,,,,"Candidate negative-price event. Check high wind, low gas, negative imbalance, and whether surplus conditions were reinforced by system context.",high_wind+negative_imbalance+lower_interconnector_support,2025-06-27 08:30:00+00:00,2025-06-27 13:00:00+00:00,2025-06-27T08:30:00Z,2025-06-27T13:00:00Z,5
2025,2025_negative_price_cluster_168,negative_price_cluster,2025-08-06 01:30:00+00:00,2025-08-06 02:00:00+00:00,1.0,2,-3.67,-8.828410146302412,-6.249205073151206,-211.6514959204715,9575.0,4116.5,605.0,2025-08-06 01:30:00+00:00,night,jul_sep_surplus,,,,"Candidate negative-price event. Check high wind, low gas, negative imbalance, and whether surplus conditions were reinforced by system context.",negative_imbalance+lower_interconnector_support,2025-08-05 23:30:00+00:00,2025-08-06 04:00:00+00:00,2025-08-05T23:30:00Z,2025-08-06T04:00:00Z,5
2025,2025_negative_price_cluster_90,negative_price_cluster,2025-06-01 04:30:00+00:00,2025-06-01 13:30:00+00:00,9.5,19,-3.68,-29.18,-16.678947368421053,-367.32820461511636,8799.052631578947,2437.4210526315787,57.68421052631579,2025-06-01 13:30:00+00:00,midday,jun_mixed_tail,,,,"Candidate negative-price event. Check high wind, low gas, negative imbalance, and whether surplus conditions were reinforced by system context.",negative_imbalance+lower_interconnector_support,2025-06-01 02:30:00+00:00,2025-06-01 15:30:00+00:00,2025-06-01T02:30:00Z,2025-06-01T15:30:00Z,5
2025,2025_negative_price_cluster_221,negative_price_cluster,2025-09-12 02:30:00+00:00,2025-09-12 04:00:00+00:00,2.0,4,-3.8,-7.14,-5.5925,-517.7855395173149,15768.25,3060.0,-3559.0,2025-09-12 04:00:00+00:00,night,jul_sep_surplus,,,,"Candidate negative-price event. Check high wind, low gas, negative imbalance, and whether surplus conditions were reinforced by system context.",high_wind+negative_imbalance+lower_interconnector_support,2025-09-12 00:30:00+00:00,2025-09-12 06:00:00+00:00,2025-09-12T00:30:00Z,2025-09-12T06:00:00Z,5
2025,2025_negative_price_cluster_217,negative_price_cluster,2025-09-11 09:00:00+00:00,2025-09-11 15:00:00+00:00,6.5,13,-3.83,-74.07,-29.486680384091105,-610.3221478881894,14677.538461538461,2469.769230769231,1779.8461538461538,2025-09-11 15:00:00+00:00,afternoon,jul_sep_surplus,,,,"Candidate negative-price event. Check high wind, low gas, negative imbalance, and whether surplus conditions were reinforced by system context.",high_wind+negative_imbalance+lower_interconnector_support,2025-09-11 07:00:00+00:00,2025-09-11 17:00:00+00:00,2025-09-11T07:00:00Z,2025-09-11T17:00:00Z,5
2025,2025_negative_price_cluster_298,negative_price_cluster,2025-12-09 23:00:00+00:00,2025-12-09 23:00:00+00:00,0.5,1,-3.8441244820549993,-3.8441244820549993,-3.8441244820549993,-309.8257801388889,16558.0,3001.0,918.0,2025-12-09 23:00:00+00:00,late_evening,nov_dec_quiet,,,,"Candidate negative-price event. Check high wind, low gas, negative imbalance, and whether surplus conditions were reinforced by system context.",high_wind+negative_imbalance+lower_interconnector_support,2025-12-09 21:00:00+00:00,2025-12-10 01:00:00+00:00,2025-12-09T21:00:00Z,2025-12-10T01:00:00Z,5
2025,2025_negative_price_cluster_21,negative_price_cluster,2025-02-21 04:30:00+00:00,2025-02-21 05:30:00+00:00,1.5,3,-3.86,-39.0,-22.62,-975.6243129380679,14316.0,4315.666666666667,-1719.3333333333333,2025-02-21 04:30:00+00:00,night,feb_mar_broad_stress,,,,"Candidate negative-price event. Check high wind, low gas, negative imbalance, and whether surplus conditions were reinforced by system context.",high_wind+negative_imbalance+lower_interconnector_support,2025-02-21 02:30:00+00:00,2025-02-21 07:30:00+00:00,2025-02-21T02:30:00Z,2025-02-21T07:30:00Z,5
2025,2025_negative_price_cluster_22,negative_price_cluster,2025-02-21 21:30:00+00:00,2025-02-21 22:30:00+00:00,1.5,3,-3.86,-13.87,-9.576666666666666,-741.8536481797756,14505.666666666666,2896.0,3087.3333333333335,2025-02-21 22:00:00+00:00,late_evening,feb_mar_broad_stress,,,,"Candidate negative-price event. Check high wind, low gas, negative imbalance, and whether surplus conditions were reinforced by system context.",high_wind+negative_imbalance,2025-02-21 19:30:00+00:00,2025-02-22 00:30:00+00:00,2025-02-21T19:30:00Z,2025-02-22T00:30:00Z,5
2025,2025_negative_price_cluster_96,negative_price_cluster,2025-06-04 00:30:00+00:00,2025-06-04 00:30:00+00:00,0.5,1,-3.891730003088465,-3.891730003088465,-3.891730003088465,-407.1073693181818,9904.0,4304.0,1196.0,2025-06-04 00:30:00+00:00,night,jun_mixed_tail,,,,"Candidate negative-price event. Check high wind, low gas, negative imbalance, and whether surplus conditions were reinforced by system context.",negative_imbalance+lower_interconnector_support,2025-06-03 22:30:00+00:00,2025-06-04 02:30:00+00:00,2025-06-03T22:30:00Z,2025-06-04T02:30:00Z,5
2025,2025_negative_price_cluster_2,negative_price_cluster,2025-01-01 05:30:00+00:00,2025-01-01 10:00:00+00:00,5.0,10,-3.95,-71.91,-21.918,-743.3036316581233,14735.5,2463.2,-1995.0,2025-01-01 05:30:00+00:00,night,jan_spike_stress,,,,"Candidate negative-price event. Check high wind, low gas, negative imbalance, and whether surplus conditions were reinforced by system context.",high_wind+negative_imbalance+lower_interconnector_support,2025-01-01 03:30:00+00:00,2025-01-01 12:00:00+00:00,2025-01-01T03:30:00Z,2025-01-01T12:00:00Z,5
2025,2025_negative_price_cluster_106,negative_price_cluster,2025-06-14 15:00:00+00:00,2025-06-14 15:30:00+00:00,1.0,2,-3.98,-5.79,-4.885,-84.32279406250001,9817.5,2399.0,848.0,2025-06-14 15:30:00+00:00,afternoon,jun_mixed_tail,,,,"Candidate negative-price event. Check high wind, low gas, negative imbalance, and whether surplus conditions were reinforced by system context.",lower_interconnector_support,2025-06-14 13:00:00+00:00,2025-06-14 17:30:00+00:00,2025-06-14T13:00:00Z,2025-06-14T17:30:00Z,5
2025,2025_negative_price_cluster_280,negative_price_cluster,2025-11-01 08:00:00+00:00,2025-11-01 12:00:00+00:00,4.5,9,-4.0,-30.0,-18.92,-765.4514024575298,16108.777777777777,2114.1111111111113,371.55555555555554,2025-11-01 08:00:00+00:00,morning_ramp,nov_dec_quiet,,,,"Candidate negative-price event. Check high wind, low gas, negative imbalance, and whether surplus conditions were reinforced by system context.",high_wind+negative_imbalance+lower_interconnector_support,2025-11-01 06:00:00+00:00,2025-11-01 14:00:00+00:00,2025-11-01T06:00:00Z,2025-11-01T14:00:00Z,5
2025,2025_negative_price_cluster_285,negative_price_cluster,2025-11-03 22:00:00+00:00,2025-11-03 22:00:00+00:00,0.5,1,-4.0,-4.0,-4.0,-64.98777001845012,15883.0,5191.0,-1326.0,2025-11-03 22:00:00+00:00,late_evening,nov_dec_quiet,,,,"Candidate negative-price event. Check high wind, low gas, negative imbalance, and whether surplus conditions were reinforced by system context.",high_wind+lower_interconnector_support,2025-11-03 20:00:00+00:00,2025-11-04 00:00:00+00:00,2025-11-03T20:00:00Z,2025-11-04T00:00:00Z,5
2025,2025_negative_price_cluster_12,negative_price_cluster,2025-01-27 03:00:00+00:00,2025-01-27 03:30:00+00:00,1.0,2,-4.04,-4.04,-4.04,-377.32055555555553,12129.5,1964.0,4372.0,2025-01-27 03:00:00+00:00,night,jan_spike_stress,,,,"Candidate negative-price event. Check high wind, low gas, negative imbalance, and whether surplus conditions were reinforced by system context.",high_wind+negative_imbalance,2025-01-27 01:00:00+00:00,2025-01-27 05:30:00+00:00,2025-01-27T01:00:00Z,2025-01-27T05:30:00Z,5
2025,2025_negative_price_cluster_68,negative_price_cluster,2025-05-04 01:00:00+00:00,2025-05-04 15:30:00+00:00,15.0,30,-4.13,-16.32,-10.868500741908711,-414.7069789573214,8895.5,2982.5333333333333,3227.5333333333333,2025-05-04 03:30:00+00:00,night,apr_may_surplus_shift,,,,"Candidate negative-price event. Check high wind, low gas, negative imbalance, and whether surplus conditions were reinforced by system context.",negative_imbalance,2025-05-03 23:00:00+00:00,2025-05-04 17:30:00+00:00,2025-05-03T23:00:00Z,2025-05-04T17:30:00Z,5
2025,2025_negative_price_cluster_49,negative_price_cluster,2025-04-01 22:00:00+00:00,2025-04-01 22:30:00+00:00,1.0,2,-4.142251558333333,-12.39,-8.266125779166668,-838.3156750694445,13703.5,2636.5,4523.0,2025-04-01 22:30:00+00:00,late_evening,apr_may_surplus_shift,,,,"Candidate negative-price event. Check high wind, low gas, negative imbalance, and whether surplus conditions were reinforced by system context.",high_wind+negative_imbalance+higher_interconnector_support,2025-04-01 20:00:00+00:00,2025-04-02 00:30:00+00:00,2025-04-01T20:00:00Z,2025-04-02T00:30:00Z,5
2025,2025_negative_price_cluster_108,negative_price_cluster,2025-06-15 12:30:00+00:00,2025-06-15 13:00:00+00:00,1.0,2,-4.34,-4.98,-4.66,-345.8001643376068,6326.5,2375.0,3304.0,2025-06-15 12:30:00+00:00,midday,jun_mixed_tail,,,,"Candidate negative-price event. Check high wind, low gas, negative imbalance, and whether surplus conditions were reinforced by system context.",low_wind+negative_imbalance,2025-06-15 10:30:00+00:00,2025-06-15 15:00:00+00:00,2025-06-15T10:30:00Z,2025-06-15T15:00:00Z,5
2025,2025_negative_price_cluster_178,negative_price_cluster,2025-08-10 14:00:00+00:00,2025-08-10 14:30:00+00:00,1.0,2,-4.34,-4.34,-4.34,-306.43870251138435,3740.5,2835.0,5950.0,2025-08-10 14:00:00+00:00,afternoon,jul_sep_surplus,,,,"Candidate negative-price event. Check high wind, low gas, negative imbalance, and whether surplus conditions were reinforced by system context.",low_wind+negative_imbalance+higher_interconnector_support,2025-08-10 12:00:00+00:00,2025-08-10 16:30:00+00:00,2025-08-10T12:00:00Z,2025-08-10T16:30:00Z,5
2025,2025_negative_price_cluster_281,negative_price_cluster,2025-11-02 14:30:00+00:00,2025-11-02 14:30:00+00:00,0.5,1,-4.42,-4.42,-4.42,-213.84242966257176,11883.0,5977.0,2806.0,2025-11-02 14:30:00+00:00,afternoon,nov_dec_quiet,,,,"Candidate negative-price event. Check high wind, low gas, negative imbalance, and whether surplus conditions were reinforced by system context.",high_wind+negative_imbalance,2025-11-02 12:30:00+00:00,2025-11-02 16:30:00+00:00,2025-11-02T12:30:00Z,2025-11-02T16:30:00Z,5
2025,2025_negative_price_cluster_265,negative_price_cluster,2025-10-25 04:30:00+00:00,2025-10-25 06:00:00+00:00,2.0,4,-4.557267521933472,-6.99,-5.469316880483368,-407.06057242320105,16403.25,3340.5,-1787.5,2025-10-25 04:30:00+00:00,night,oct_mixed_transition,,,,"Candidate negative-price event. Check high wind, low gas, negative imbalance, and whether surplus conditions were reinforced by system context.",high_wind+negative_imbalance+lower_interconnector_support,2025-10-25 02:30:00+00:00,2025-10-25 08:00:00+00:00,2025-10-25T02:30:00Z,2025-10-25T08:00:00Z,5
2025,2025_negative_price_cluster_232,negative_price_cluster,2025-09-15 21:30:00+00:00,2025-09-16 03:30:00+00:00,6.5,13,-4.6013709596488255,-17.35,-11.581643919972986,-316.21903976856487,15722.384615384615,3405.3846153846152,-706.9230769230769,2025-09-15 22:00:00+00:00,late_evening,jul_sep_surplus,,,,"Candidate negative-price event. Check high wind, low gas, negative imbalance, and whether surplus conditions were reinforced by system context.",high_wind+negative_imbalance+lower_interconnector_support,2025-09-15 19:30:00+00:00,2025-09-16 05:30:00+00:00,2025-09-15T19:30:00Z,2025-09-16T05:30:00Z,5
2025,2025_negative_price_cluster_218,negative_price_cluster,2025-09-11 16:00:00+00:00,2025-09-11 16:00:00+00:00,0.5,1,-4.63,-4.63,-4.63,-62.5122367724312,13291.0,4642.0,2020.0,2025-09-11 16:00:00+00:00,evening_peak,jul_sep_surplus,,,,"Candidate negative-price event. Check high wind, low gas, negative imbalance, and whether surplus conditions were reinforced by system context.",high_wind+lower_interconnector_support,2025-09-11 14:00:00+00:00,2025-09-11 18:00:00+00:00,2025-09-11T14:00:00Z,2025-09-11T18:00:00Z,5
2025,2025_negative_price_cluster_167,negative_price_cluster,2025-08-06 00:30:00+00:00,2025-08-06 00:30:00+00:00,0.5,1,-4.65601800936002,-4.65601800936002,-4.65601800936002,-462.12766333835,10476.0,3846.0,564.0,2025-08-06 00:30:00+00:00,night,jul_sep_surplus,,,,"Candidate negative-price event. Check high wind, low gas, negative imbalance, and whether surplus conditions were reinforced by system context.",high_wind+negative_imbalance+lower_interconnector_support,2025-08-05 22:30:00+00:00,2025-08-06 02:30:00+00:00,2025-08-05T22:30:00Z,2025-08-06T02:30:00Z,5
2025,2025_negative_price_cluster_45,negative_price_cluster,2025-03-30 01:30:00+00:00,2025-03-30 04:30:00+00:00,3.5,7,-4.73,-26.680062232242932,-9.985723176034705,-1049.0374324413656,15682.857142857143,4045.0,-3196.285714285714,2025-03-30 01:30:00+00:00,night,feb_mar_broad_stress,,,,"Candidate negative-price event. Check high wind, low gas, negative imbalance, and whether surplus conditions were reinforced by system context.",high_wind+negative_imbalance+lower_interconnector_support,2025-03-29 23:30:00+00:00,2025-03-30 06:30:00+00:00,2025-03-29T23:30:00Z,2025-03-30T06:30:00Z,5
2025,2025_negative_price_cluster_100,negative_price_cluster,2025-06-08 06:30:00+00:00,2025-06-08 11:30:00+00:00,5.5,11,-4.79,-35.7,-15.315454545454543,-353.6079464519809,8431.90909090909,2654.909090909091,2952.181818181818,2025-06-08 07:00:00+00:00,morning_ramp,jun_mixed_tail,,,,"Candidate negative-price event. Check high wind, low gas, negative imbalance, and whether surplus conditions were reinforced by system context.",negative_imbalance,2025-06-08 04:30:00+00:00,2025-06-08 13:30:00+00:00,2025-06-08T04:30:00Z,2025-06-08T13:30:00Z,5
2025,2025_negative_price_cluster_89,negative_price_cluster,2025-05-31 15:00:00+00:00,2025-05-31 15:00:00+00:00,0.5,1,-4.936378851889924,-4.936378851889924,-4.936378851889924,-484.9658073238895,7808.0,3046.0,584.0,2025-05-31 15:00:00+00:00,afternoon,apr_may_surplus_shift,,,,"Candidate negative-price event. Check high wind, low gas, negative imbalance, and whether surplus conditions were reinforced by system context.",low_wind+negative_imbalance+lower_interconnector_support,2025-05-31 13:00:00+00:00,2025-05-31 17:00:00+00:00,2025-05-31T13:00:00Z,2025-05-31T17:00:00Z,5
2025,2025_negative_price_cluster_123,negative_price_cluster,2025-06-26 10:30:00+00:00,2025-06-26 14:30:00+00:00,4.5,9,-5.0,-71.16,-41.95129939888246,-1010.6124578806586,11871.444444444445,2248.4444444444443,1708.0,2025-06-26 10:30:00+00:00,midday,jun_mixed_tail,,,,"Candidate negative-price event. Check high wind, low gas, negative imbalance, and whether surplus conditions were reinforced by system context.",high_wind+negative_imbalance+lower_interconnector_support,2025-06-26 08:30:00+00:00,2025-06-26 16:30:00+00:00,2025-06-26T08:30:00Z,2025-06-26T16:30:00Z,5
2025,2025_negative_price_cluster_289,negative_price_cluster,2025-11-12 03:30:00+00:00,2025-11-12 04:00:00+00:00,1.0,2,-5.0,-5.0,-5.0,-506.4620375611212,14517.5,2383.5,1366.0,2025-11-12 03:30:00+00:00,night,nov_dec_quiet,,,,"Candidate negative-price event. Check high wind, low gas, negative imbalance, and whether surplus conditions were reinforced by system context.",high_wind+negative_imbalance+lower_interconnector_support,2025-11-12 01:30:00+00:00,2025-11-12 06:00:00+00:00,2025-11-12T01:30:00Z,2025-11-12T06:00:00Z,5
2025,2025_negative_price_cluster_139,negative_price_cluster,2025-07-04 09:30:00+00:00,2025-07-04 13:30:00+00:00,4.5,9,-5.17,-40.0,-25.18886741280396,-521.6711539260316,10844.777777777777,1937.6666666666667,215.77777777777777,2025-07-04 11:00:00+00:00,midday,jul_sep_surplus,,,,"Candidate negative-price event. Check high wind, low gas, negative imbalance, and whether surplus conditions were reinforced by system context.",high_wind+negative_imbalance+lower_interconnector_support,2025-07-04 07:30:00+00:00,2025-07-04 15:30:00+00:00,2025-07-04T07:30:00Z,2025-07-04T15:30:00Z,5
2025,2025_negative_price_cluster_142,negative_price_cluster,2025-07-05 00:30:00+00:00,2025-07-05 01:00:00+00:00,1.0,2,-5.33,-6.5,-5.915,-70.94867315960505,12474.0,4685.0,-4427.0,2025-07-05 01:00:00+00:00,night,jul_sep_surplus,,,,"Candidate negative-price event. Check high wind, low gas, negative imbalance, and whether surplus conditions were reinforced by system context.",high_wind+lower_interconnector_support,2025-07-04 22:30:00+00:00,2025-07-05 03:00:00+00:00,2025-07-04T22:30:00Z,2025-07-05T03:00:00Z,5
2025,2025_negative_price_cluster_171,negative_price_cluster,2025-08-08 13:00:00+00:00,2025-08-08 13:30:00+00:00,1.0,2,-5.33,-5.33,-5.33,-237.55964743629357,8046.0,2667.0,1546.0,2025-08-08 13:00:00+00:00,midday,jul_sep_surplus,,,,"Candidate negative-price event. Check high wind, low gas, negative imbalance, and whether surplus conditions were reinforced by system context.",negative_imbalance+lower_interconnector_support,2025-08-08 11:00:00+00:00,2025-08-08 15:30:00+00:00,2025-08-08T11:00:00Z,2025-08-08T15:30:00Z,5
2025,2025_negative_price_cluster_174,negative_price_cluster,2025-08-09 03:00:00+00:00,2025-08-09 03:30:00+00:00,1.0,2,-5.33,-5.33,-5.33,-169.55859871300794,7979.5,4528.0,461.0,2025-08-09 03:00:00+00:00,night,jul_sep_surplus,,,,"Candidate negative-price event. Check high wind, low gas, negative imbalance, and whether surplus conditions were reinforced by system context.",low_wind+negative_imbalance+lower_interconnector_support,2025-08-09 01:00:00+00:00,2025-08-09 05:30:00+00:00,2025-08-09T01:00:00Z,2025-08-09T05:30:00Z,5
2025,2025_negative_price_cluster_231,negative_price_cluster,2025-09-15 11:30:00+00:00,2025-09-15 13:00:00+00:00,2.0,4,-5.33,-11.35,-9.102500000000001,-69.15983614983898,15296.25,2490.0,1471.0,2025-09-15 12:30:00+00:00,midday,jul_sep_surplus,,,,"Candidate negative-price event. Check high wind, low gas, negative imbalance, and whether surplus conditions were reinforced by system context.",high_wind+lower_interconnector_support,2025-09-15 09:30:00+00:00,2025-09-15 15:00:00+00:00,2025-09-15T09:30:00Z,2025-09-15T15:00:00Z,5
2025,2025_negative_price_cluster_65,negative_price_cluster,2025-04-27 08:30:00+00:00,2025-04-27 15:30:00+00:00,7.5,15,-5.43,-70.96,-27.242,-546.334407296829,5616.2,2932.3333333333335,4597.866666666667,2025-04-27 10:00:00+00:00,midday,apr_may_surplus_shift,,,,"Candidate negative-price event. Check high wind, low gas, negative imbalance, and whether surplus conditions were reinforced by system context.",low_wind+negative_imbalance+higher_interconnector_support,2025-04-27 06:30:00+00:00,2025-04-27 17:30:00+00:00,2025-04-27T06:30:00Z,2025-04-27T17:30:00Z,5
2025,2025_negative_price_cluster_98,negative_price_cluster,2025-06-04 11:30:00+00:00,2025-06-04 14:30:00+00:00,3.5,7,-5.43,-16.58,-11.352857142857143,-467.3159999879513,10905.714285714286,3883.285714285714,1419.4285714285713,2025-06-04 12:00:00+00:00,midday,jun_mixed_tail,,,,"Candidate negative-price event. Check high wind, low gas, negative imbalance, and whether surplus conditions were reinforced by system context.",high_wind+negative_imbalance+lower_interconnector_support,2025-06-04 09:30:00+00:00,2025-06-04 16:30:00+00:00,2025-06-04T09:30:00Z,2025-06-04T16:30:00Z,5
2025,2025_negative_price_cluster_109,negative_price_cluster,2025-06-16 12:00:00+00:00,2025-06-16 12:30:00+00:00,1.0,2,-5.43,-5.43,-5.43,-322.75273242063497,5081.5,2718.0,5755.0,2025-06-16 12:00:00+00:00,midday,jun_mixed_tail,,,,"Candidate negative-price event. Check high wind, low gas, negative imbalance, and whether surplus conditions were reinforced by system context.",low_wind+negative_imbalance+higher_interconnector_support,2025-06-16 10:00:00+00:00,2025-06-16 14:30:00+00:00,2025-06-16T10:00:00Z,2025-06-16T14:30:00Z,5
2025,2025_negative_price_cluster_130,negative_price_cluster,2025-06-27 21:30:00+00:00,2025-06-27 22:30:00+00:00,1.5,3,-5.43,-9.2,-7.9433333333333325,-157.4655279715435,11884.666666666666,4767.0,-990.6666666666666,2025-06-27 21:30:00+00:00,late_evening,jun_mixed_tail,,,,"Candidate negative-price event. Check high wind, low gas, negative imbalance, and whether surplus conditions were reinforced by system context.",high_wind+negative_imbalance+lower_interconnector_support,2025-06-27 19:30:00+00:00,2025-06-28 00:30:00+00:00,2025-06-27T19:30:00Z,2025-06-28T00:30:00Z,5
2025,2025_negative_price_cluster_131,negative_price_cluster,2025-06-27 23:30:00+00:00,2025-06-28 00:00:00+00:00,1.0,2,-5.43,-5.43,-5.43,-41.60656369192793,18773.0,6486.0,-3048.0,2025-06-27 23:30:00+00:00,late_evening,jun_mixed_tail,,,,"Candidate negative-price event. Check high wind, low gas, negative imbalance, and whether surplus conditions were reinforced by system context.",high_wind+lower_interconnector_support,2025-06-27 21:30:00+00:00,2025-06-28 02:00:00+00:00,2025-06-27T21:30:00Z,2025-06-28T02:00:00Z,5
2025,2025_negative_price_cluster_295,negative_price_cluster,2025-12-02 04:00:00+00:00,2025-12-02 04:00:00+00:00,0.5,1,-5.5,-5.5,-5.5,-199.86944569444444,12323.0,2261.0,3902.0,2025-12-02 04:00:00+00:00,night,nov_dec_quiet,,,,"Candidate negative-price event. Check high wind, low gas, negative imbalance, and whether surplus conditions were reinforced by system context.",high_wind+negative_imbalance,2025-12-02 02:00:00+00:00,2025-12-02 06:00:00+00:00,2025-12-02T02:00:00Z,2025-12-02T06:00:00Z,5
2025,2025_negative_price_cluster_273,negative_price_cluster,2025-10-26 19:30:00+00:00,2025-10-26 19:30:00+00:00,0.5,1,-5.6,-5.6,-5.6,-186.1030968055556,17136.0,1862.0,6272.0,2025-10-26 19:30:00+00:00,evening_peak,oct_mixed_transition,,,,"Candidate negative-price event. Check high wind, low gas, negative imbalance, and whether surplus conditions were reinforced by system context.",high_wind+negative_imbalance+higher_interconnector_support,2025-10-26 17:30:00+00:00,2025-10-26 21:30:00+00:00,2025-10-26T17:30:00Z,2025-10-26T21:30:00Z,5
2025,2025_negative_price_cluster_156,negative_price_cluster,2025-08-03 10:30:00+00:00,2025-08-03 11:00:00+00:00,1.0,2,-5.87,-6.82,-6.345000000000001,-65.9394745138889,7974.5,2520.0,5346.0,2025-08-03 11:00:00+00:00,midday,jul_sep_surplus,,,,"Candidate negative-price event. Check high wind, low gas, negative imbalance, and whether surplus conditions were reinforced by system context.",low_wind+higher_interconnector_support,2025-08-03 08:30:00+00:00,2025-08-03 13:00:00+00:00,2025-08-03T08:30:00Z,2025-08-03T13:00:00Z,5
2025,2025_negative_price_cluster_116,negative_price_cluster,2025-06-23 05:30:00+00:00,2025-06-23 07:00:00+00:00,2.0,4,-5.932753643297645,-16.03,-12.240688410824411,-237.2566025599343,14462.5,4160.75,-3010.5,2025-06-23 05:30:00+00:00,night,jun_mixed_tail,,,,"Candidate negative-price event. Check high wind, low gas, negative imbalance, and whether surplus conditions were reinforced by system context.",high_wind+negative_imbalance+lower_interconnector_support,2025-06-23 03:30:00+00:00,2025-06-23 09:00:00+00:00,2025-06-23T03:30:00Z,2025-06-23T09:00:00Z,5
2025,2025_negative_price_cluster_144,negative_price_cluster,2025-07-05 11:00:00+00:00,2025-07-05 11:00:00+00:00,0.5,1,-5.98,-5.98,-5.98,-196.32884833333333,11779.0,2289.0,1738.0,2025-07-05 11:00:00+00:00,midday,jul_sep_surplus,,,,"Candidate negative-price event. Check high wind, low gas, negative imbalance, and whether surplus conditions were reinforced by system context.",high_wind+negative_imbalance+lower_interconnector_support,2025-07-05 09:00:00+00:00,2025-07-05 13:00:00+00:00,2025-07-05T09:00:00Z,2025-07-05T13:00:00Z,5
2025,2025_negative_price_cluster_74,negative_price_cluster,2025-05-24 13:00:00+00:00,2025-05-24 14:30:00+00:00,2.0,4,-6.0,-15.21,-10.61,-229.0912521875,11864.25,2398.75,2201.0,2025-05-24 13:30:00+00:00,midday,apr_may_surplus_shift,,,,"Candidate negative-price event. Check high wind, low gas, negative imbalance, and whether surplus conditions were reinforced by system context.",high_wind+negative_imbalance+lower_interconnector_support,2025-05-24 11:00:00+00:00,2025-05-24 16:30:00+00:00,2025-05-24T11:00:00Z,2025-05-24T16:30:00Z,5
2025,2025_negative_price_cluster_291,negative_price_cluster,2025-11-29 04:30:00+00:00,2025-11-29 07:00:00+00:00,3.0,6,-6.0,-17.03,-10.298333333333334,-968.9020085657443,10106.833333333334,2808.1666666666665,3014.3333333333335,2025-11-29 04:30:00+00:00,night,nov_dec_quiet,,,,"Candidate negative-price event. Check high wind, low gas, negative imbalance, and whether surplus conditions were reinforced by system context.",high_wind+negative_imbalance,2025-11-29 02:30:00+00:00,2025-11-29 09:00:00+00:00,2025-11-29T02:30:00Z,2025-11-29T09:00:00Z,5
2025,2025_negative_price_cluster_286,negative_price_cluster,2025-11-04 01:00:00+00:00,2025-11-04 01:30:00+00:00,1.0,2,-6.043205797316339,-10.98,-8.51160289865817,-329.8501865651455,15270.0,4370.5,-3429.0,2025-11-04 01:30:00+00:00,night,nov_dec_quiet,,,,"Candidate negative-price event. Check high wind, low gas, negative imbalance, and whether surplus conditions were reinforced by system context.",high_wind+negative_imbalance+lower_interconnector_support,2025-11-03 23:00:00+00:00,2025-11-04 03:30:00+00:00,2025-11-03T23:00:00Z,2025-11-04T03:30:00Z,5
2025,2025_negative_price_cluster_86,negative_price_cluster,2025-05-29 08:00:00+00:00,2025-05-29 15:30:00+00:00,8.0,16,-6.46,-33.69,-15.601206851522019,-763.7935766267206,15296.125,1467.5625,-817.5,2025-05-29 15:00:00+00:00,afternoon,apr_may_surplus_shift,,,,"Candidate negative-price event. Check high wind, low gas, negative imbalance, and whether surplus conditions were reinforced by system context.",high_wind+negative_imbalance+lower_interconnector_support,2025-05-29 06:00:00+00:00,2025-05-29 17:30:00+00:00,2025-05-29T06:00:00Z,2025-05-29T17:30:00Z,5
2025,2025_negative_price_cluster_87,negative_price_cluster,2025-05-30 09:00:00+00:00,2025-05-30 09:30:00+00:00,1.0,2,-6.54,-6.58,-6.5600000000000005,-401.1237991183575,9437.0,1960.5,4820.0,2025-05-30 09:00:00+00:00,morning_ramp,apr_may_surplus_shift,,,,"Candidate negative-price event. Check high wind, low gas, negative imbalance, and whether surplus conditions were reinforced by system context.",negative_imbalance+higher_interconnector_support,2025-05-30 07:00:00+00:00,2025-05-30 11:30:00+00:00,2025-05-30T07:00:00Z,2025-05-30T11:30:00Z,5
2025,2025_negative_price_cluster_154,negative_price_cluster,2025-08-01 13:30:00+00:00,2025-08-01 14:30:00+00:00,1.5,3,-6.57,-11.46,-9.83,-333.15384537309365,9075.0,3031.3333333333335,5258.0,2025-08-01 14:30:00+00:00,afternoon,jul_sep_surplus,,,,"Candidate negative-price event. Check high wind, low gas, negative imbalance, and whether surplus conditions were reinforced by system context.",negative_imbalance+higher_interconnector_support,2025-08-01 11:30:00+00:00,2025-08-01 16:30:00+00:00,2025-08-01T11:30:00Z,2025-08-01T16:30:00Z,5
2025,2025_negative_price_cluster_175,negative_price_cluster,2025-08-09 07:30:00+00:00,2025-08-09 08:00:00+00:00,1.0,2,-6.57,-7.864178934318872,-7.217089467159436,-647.134883753665,10391.0,3549.0,565.0,2025-08-09 07:30:00+00:00,morning_ramp,jul_sep_surplus,,,,"Candidate negative-price event. Check high wind, low gas, negative imbalance, and whether surplus conditions were reinforced by system context.",high_wind+negative_imbalance+lower_interconnector_support,2025-08-09 05:30:00+00:00,2025-08-09 10:00:00+00:00,2025-08-09T05:30:00Z,2025-08-09T10:00:00Z,5
2025,2025_negative_price_cluster_188,negative_price_cluster,2025-08-30 22:00:00+00:00,2025-08-30 23:30:00+00:00,2.0,4,-6.57,-7.68,-7.1899999999999995,-410.1227225496032,18289.75,4309.25,-3807.5,2025-08-30 23:30:00+00:00,late_evening,jul_sep_surplus,,,,"Candidate negative-price event. Check high wind, low gas, negative imbalance, and whether surplus conditions were reinforced by system context.",high_wind+negative_imbalance+lower_interconnector_support,2025-08-30 20:00:00+00:00,2025-08-31 01:30:00+00:00,2025-08-30T20:00:00Z,2025-08-31T01:30:00Z,5
2025,2025_negative_price_cluster_195,negative_price_cluster,2025-09-01 07:00:00+00:00,2025-09-01 07:30:00+00:00,1.0,2,-6.57,-11.45,-9.01,-288.6205974751984,13293.0,4265.0,2844.0,2025-09-01 07:00:00+00:00,morning_ramp,jul_sep_surplus,,,,"Candidate negative-price event. Check high wind, low gas, negative imbalance, and whether surplus conditions were reinforced by system context.",high_wind+negative_imbalance,2025-09-01 05:00:00+00:00,2025-09-01 09:30:00+00:00,2025-09-01T05:00:00Z,2025-09-01T09:30:00Z,5
2025,2025_negative_price_cluster_293,negative_price_cluster,2025-11-30 03:30:00+00:00,2025-11-30 05:30:00+00:00,2.5,5,-6.61,-17.03,-13.724,-384.36855619693097,14240.8,2017.6,771.6,2025-11-30 03:30:00+00:00,night,nov_dec_quiet,,,,"Candidate negative-price event. Check high wind, low gas, negative imbalance, and whether surplus conditions were reinforced by system context.",high_wind+negative_imbalance+lower_interconnector_support,2025-11-30 01:30:00+00:00,2025-11-30 07:30:00+00:00,2025-11-30T01:30:00Z,2025-11-30T07:30:00Z,5
2025,2025_negative_price_cluster_225,negative_price_cluster,2025-09-13 06:00:00+00:00,2025-09-13 06:00:00+00:00,0.5,1,-6.7,-6.7,-6.7,-439.9037397222222,11893.0,3465.0,942.0,2025-09-13 06:00:00+00:00,morning_ramp,jul_sep_surplus,,,,"Candidate negative-price event. Check high wind, low gas, negative imbalance, and whether surplus conditions were reinforced by system context.",high_wind+negative_imbalance+lower_interconnector_support,2025-09-13 04:00:00+00:00,2025-09-13 08:00:00+00:00,2025-09-13T04:00:00Z,2025-09-13T08:00:00Z,5
2025,2025_negative_price_cluster_191,negative_price_cluster,2025-08-31 06:00:00+00:00,2025-08-31 06:00:00+00:00,0.5,1,-6.729160919234642,-6.729160919234642,-6.729160919234642,-111.35085752424048,11548.0,3346.0,-1752.0,2025-08-31 06:00:00+00:00,morning_ramp,jul_sep_surplus,,,,"Candidate negative-price event. Check high wind, low gas, negative imbalance, and whether surplus conditions were reinforced by system context.",high_wind+lower_interconnector_support,2025-08-31 04:00:00+00:00,2025-08-31 08:00:00+00:00,2025-08-31T04:00:00Z,2025-08-31T08:00:00Z,5
2025,2025_negative_price_cluster_124,negative_price_cluster,2025-06-26 16:30:00+00:00,2025-06-26 17:00:00+00:00,1.0,2,-6.9,-7.66,-7.28,-491.0754377511177,13760.5,4448.5,1232.0,2025-06-26 17:00:00+00:00,evening_peak,jun_mixed_tail,,,,"Candidate negative-price event. Check high wind, low gas, negative imbalance, and whether surplus conditions were reinforced by system context.",high_wind+negative_imbalance+lower_interconnector_support,2025-06-26 14:30:00+00:00,2025-06-26 19:00:00+00:00,2025-06-26T14:30:00Z,2025-06-26T19:00:00Z,5
2025,2025_negative_price_cluster_186,negative_price_cluster,2025-08-30 17:00:00+00:00,2025-08-30 17:00:00+00:00,0.5,1,-7.071179747507077,-7.071179747507077,-7.071179747507077,-275.38485930555555,15660.0,2638.0,1016.0,2025-08-30 17:00:00+00:00,evening_peak,jul_sep_surplus,,,,"Candidate negative-price event. Check high wind, low gas, negative imbalance, and whether surplus conditions were reinforced by system context.",high_wind+negative_imbalance+lower_interconnector_support,2025-08-30 15:00:00+00:00,2025-08-30 19:00:00+00:00,2025-08-30T15:00:00Z,2025-08-30T19:00:00Z,5
2025,2025_negative_price_cluster_228,negative_price_cluster,2025-09-14 22:00:00+00:00,2025-09-15 00:00:00+00:00,2.5,5,-7.109229122070777,-11.04,-8.962016662254765,-173.39952043253967,17600.2,4019.0,-2075.6,2025-09-14 23:00:00+00:00,late_evening,jul_sep_surplus,,,,"Candidate negative-price event. Check high wind, low gas, negative imbalance, and whether surplus conditions were reinforced by system context.",high_wind+negative_imbalance+lower_interconnector_support,2025-09-14 20:00:00+00:00,2025-09-15 02:00:00+00:00,2025-09-14T20:00:00Z,2025-09-15T02:00:00Z,5
2025,2025_negative_price_cluster_105,negative_price_cluster,2025-06-14 13:30:00+00:00,2025-06-14 14:00:00+00:00,1.0,2,-7.49,-9.78,-8.635,-161.07796081018517,9268.5,2457.0,575.0,2025-06-14 14:00:00+00:00,afternoon,jun_mixed_tail,,,,"Candidate negative-price event. Check high wind, low gas, negative imbalance, and whether surplus conditions were reinforced by system context.",negative_imbalance+lower_interconnector_support,2025-06-14 11:30:00+00:00,2025-06-14 16:00:00+00:00,2025-06-14T11:30:00Z,2025-06-14T16:00:00Z,5
2025,2025_negative_price_cluster_244,negative_price_cluster,2025-10-02 22:00:00+00:00,2025-10-02 23:00:00+00:00,1.5,3,-7.5,-11.13,-9.920000000000002,-270.66915102029634,14691.666666666666,5706.666666666667,-2469.3333333333335,2025-10-02 22:30:00+00:00,late_evening,oct_mixed_transition,,,,"Candidate negative-price event. Check high wind, low gas, negative imbalance, and whether surplus conditions were reinforced by system context.",high_wind+negative_imbalance+lower_interconnector_support,2025-10-02 20:00:00+00:00,2025-10-03 01:00:00+00:00,2025-10-02T20:00:00Z,2025-10-03T01:00:00Z,5
2025,2025_negative_price_cluster_277,negative_price_cluster,2025-10-31 05:00:00+00:00,2025-10-31 06:00:00+00:00,1.5,3,-7.5,-17.32,-11.933333333333332,-314.80183045140785,15995.666666666666,4559.0,-1679.3333333333333,2025-10-31 05:00:00+00:00,night,oct_mixed_transition,,,,"Candidate negative-price event. Check high wind, low gas, negative imbalance, and whether surplus conditions were reinforced by system context.",high_wind+negative_imbalance+lower_interconnector_support,2025-10-31 03:00:00+00:00,2025-10-31 08:00:00+00:00,2025-10-31T03:00:00Z,2025-10-31T08:00:00Z,5
2025,2025_negative_price_cluster_303,negative_price_cluster,2025-12-22 11:30:00+00:00,2025-12-22 12:30:00+00:00,1.5,3,-7.5,-7.5,-7.5,-367.57006990112694,8873.0,13463.333333333334,5150.0,2025-12-22 11:30:00+00:00,midday,nov_dec_quiet,,,,"Candidate negative-price event. Check high wind, low gas, negative imbalance, and whether surplus conditions were reinforced by system context.",negative_imbalance+higher_interconnector_support,2025-12-22 09:30:00+00:00,2025-12-22 14:30:00+00:00,2025-12-22T09:30:00Z,2025-12-22T14:30:00Z,5
2025,2025_negative_price_cluster_296,negative_price_cluster,2025-12-06 08:00:00+00:00,2025-12-06 08:30:00+00:00,1.0,2,-7.55,-9.41,-8.48,-193.36475637729853,12409.0,3604.5,6432.0,2025-12-06 08:30:00+00:00,morning_ramp,nov_dec_quiet,,,,"Candidate negative-price event. Check high wind, low gas, negative imbalance, and whether surplus conditions were reinforced by system context.",high_wind+negative_imbalance+higher_interconnector_support,2025-12-06 06:00:00+00:00,2025-12-06 10:30:00+00:00,2025-12-06T06:00:00Z,2025-12-06T10:30:00Z,5
2025,2025_negative_price_cluster_256,negative_price_cluster,2025-10-05 14:30:00+00:00,2025-10-05 15:00:00+00:00,1.0,2,-7.597209743569769,-11.1,-9.348604871784884,-150.61151354166668,15041.0,2501.5,3469.0,2025-10-05 15:00:00+00:00,afternoon,oct_mixed_transition,,,,"Candidate negative-price event. Check high wind, low gas, negative imbalance, and whether surplus conditions were reinforced by system context.",high_wind+negative_imbalance,2025-10-05 12:30:00+00:00,2025-10-05 17:00:00+00:00,2025-10-05T12:30:00Z,2025-10-05T17:00:00Z,5
2025,2025_negative_price_cluster_179,negative_price_cluster,2025-08-25 11:00:00+00:00,2025-08-25 11:30:00+00:00,1.0,2,-7.62,-7.7,-7.66,-452.6868257308637,5592.0,2045.5,4040.0,2025-08-25 11:00:00+00:00,midday,jul_sep_surplus,,,,"Candidate negative-price event. Check high wind, low gas, negative imbalance, and whether surplus conditions were reinforced by system context.",low_wind+negative_imbalance,2025-08-25 09:00:00+00:00,2025-08-25 13:30:00+00:00,2025-08-25T09:00:00Z,2025-08-25T13:30:00Z,5
2025,2025_negative_price_cluster_243,negative_price_cluster,2025-09-21 08:30:00+00:00,2025-09-21 13:30:00+00:00,5.5,11,-7.64,-43.72,-20.204545454545453,-560.7136435067985,10011.454545454546,2721.7272727272725,3229.4545454545455,2025-09-21 13:00:00+00:00,midday,jul_sep_surplus,,,,"Candidate negative-price event. Check high wind, low gas, negative imbalance, and whether surplus conditions were reinforced by system context.",high_wind+negative_imbalance,2025-09-21 06:30:00+00:00,2025-09-21 15:30:00+00:00,2025-09-21T06:30:00Z,2025-09-21T15:30:00Z,5
2025,2025_negative_price_cluster_56,negative_price_cluster,2025-04-06 08:30:00+00:00,2025-04-06 12:00:00+00:00,4.0,8,-7.66,-37.65004444444445,-26.87501111111111,-121.59977248996321,4981.0,2205.75,5216.25,2025-04-06 08:30:00+00:00,morning_ramp,apr_may_surplus_shift,,,,"Candidate negative-price event. Check high wind, low gas, negative imbalance, and whether surplus conditions were reinforced by system context.",low_wind+higher_interconnector_support,2025-04-06 06:30:00+00:00,2025-04-06 14:00:00+00:00,2025-04-06T06:30:00Z,2025-04-06T14:00:00Z,5
2025,2025_negative_price_cluster_94,negative_price_cluster,2025-06-03 06:00:00+00:00,2025-06-03 06:00:00+00:00,0.5,1,-7.66,-7.66,-7.66,-38.88998097662292,14422.0,4134.0,-1854.0,2025-06-03 06:00:00+00:00,morning_ramp,jun_mixed_tail,,,,"Candidate negative-price event. Check high wind, low gas, negative imbalance, and whether surplus conditions were reinforced by system context.",high_wind+lower_interconnector_support,2025-06-03 04:00:00+00:00,2025-06-03 08:00:00+00:00,2025-06-03T04:00:00Z,2025-06-03T08:00:00Z,5
2025,2025_negative_price_cluster_92,negative_price_cluster,2025-06-01 22:00:00+00:00,2025-06-01 22:00:00+00:00,0.5,1,-7.76,-7.76,-7.76,-565.8883488827033,11242.0,3452.0,2074.0,2025-06-01 22:00:00+00:00,late_evening,jun_mixed_tail,,,,"Candidate negative-price event. Check high wind, low gas, negative imbalance, and whether surplus conditions were reinforced by system context.",high_wind+negative_imbalance+lower_interconnector_support,2025-06-01 20:00:00+00:00,2025-06-02 00:00:00+00:00,2025-06-01T20:00:00Z,2025-06-02T00:00:00Z,5
2025,2025_negative_price_cluster_258,negative_price_cluster,2025-10-06 20:00:00+00:00,2025-10-06 20:00:00+00:00,0.5,1,-7.77,-7.77,-7.77,-238.39818004415335,9019.0,13916.0,618.0,2025-10-06 20:00:00+00:00,late_evening,oct_mixed_transition,,,,"Candidate negative-price event. Check high wind, low gas, negative imbalance, and whether surplus conditions were reinforced by system context.",negative_imbalance+lower_interconnector_support,2025-10-06 18:00:00+00:00,2025-10-06 22:00:00+00:00,2025-10-06T18:00:00Z,2025-10-06T22:00:00Z,5
2025,2025_negative_price_cluster_238,negative_price_cluster,2025-09-18 15:00:00+00:00,2025-09-18 16:00:00+00:00,1.5,3,-7.93,-17.35,-14.21,-280.1558423072401,13219.666666666666,6700.0,2196.6666666666665,2025-09-18 16:00:00+00:00,evening_peak,jul_sep_surplus,,,,"Candidate negative-price event. Check high wind, low gas, negative imbalance, and whether surplus conditions were reinforced by system context.",high_wind+negative_imbalance+lower_interconnector_support,2025-09-18 13:00:00+00:00,2025-09-18 18:00:00+00:00,2025-09-18T13:00:00Z,2025-09-18T18:00:00Z,5
2025,2025_negative_price_cluster_199,negative_price_cluster,2025-09-06 19:30:00+00:00,2025-09-06 20:30:00+00:00,1.5,3,-7.98,-28.79,-16.976666666666667,-349.49513823573034,15572.666666666666,2976.3333333333335,1632.6666666666667,2025-09-06 19:30:00+00:00,evening_peak,jul_sep_surplus,,,,"Candidate negative-price event. Check high wind, low gas, negative imbalance, and whether surplus conditions were reinforced by system context.",high_wind+negative_imbalance+lower_interconnector_support,2025-09-06 17:30:00+00:00,2025-09-06 22:30:00+00:00,2025-09-06T17:30:00Z,2025-09-06T22:30:00Z,5
2025,2025_negative_price_cluster_147,negative_price_cluster,2025-07-07 10:30:00+00:00,2025-07-07 10:30:00+00:00,0.5,1,-8.08,-8.08,-8.08,-38.85,12231.0,2592.0,2356.0,2025-07-07 10:30:00+00:00,midday,jul_sep_surplus,,,,"Candidate negative-price event. Check high wind, low gas, negative imbalance, and whether surplus conditions were reinforced by system context.",high_wind+lower_interconnector_support,2025-07-07 08:30:00+00:00,2025-07-07 12:30:00+00:00,2025-07-07T08:30:00Z,2025-07-07T12:30:00Z,5
2025,2025_negative_price_cluster_227,negative_price_cluster,2025-09-14 20:00:00+00:00,2025-09-14 20:00:00+00:00,0.5,1,-8.12,-8.12,-8.12,-298.87078404234654,15027.0,4731.0,1232.0,2025-09-14 20:00:00+00:00,late_evening,jul_sep_surplus,,,,"Candidate negative-price event. Check high wind, low gas, negative imbalance, and whether surplus conditions were reinforced by system context.",high_wind+negative_imbalance+lower_interconnector_support,2025-09-14 18:00:00+00:00,2025-09-14 22:00:00+00:00,2025-09-14T18:00:00Z,2025-09-14T22:00:00Z,5
2025,2025_negative_price_cluster_71,negative_price_cluster,2025-05-16 12:30:00+00:00,2025-05-16 14:30:00+00:00,2.5,5,-8.22,-14.69,-11.126,-352.64704675149676,7249.6,1611.2,4450.8,2025-05-16 14:00:00+00:00,afternoon,apr_may_surplus_shift,,,,"Candidate negative-price event. Check high wind, low gas, negative imbalance, and whether surplus conditions were reinforced by system context.",low_wind+negative_imbalance,2025-05-16 10:30:00+00:00,2025-05-16 16:30:00+00:00,2025-05-16T10:30:00Z,2025-05-16T16:30:00Z,5
2025,2025_negative_price_cluster_97,negative_price_cluster,2025-06-04 03:00:00+00:00,2025-06-04 03:00:00+00:00,0.5,1,-8.22,-8.22,-8.22,-407.6965967676768,9968.0,3962.0,254.0,2025-06-04 03:00:00+00:00,night,jun_mixed_tail,,,,"Candidate negative-price event. Check high wind, low gas, negative imbalance, and whether surplus conditions were reinforced by system context.",negative_imbalance+lower_interconnector_support,2025-06-04 01:00:00+00:00,2025-06-04 05:00:00+00:00,2025-06-04T01:00:00Z,2025-06-04T05:00:00Z,5
2025,2025_negative_price_cluster_169,negative_price_cluster,2025-08-06 13:30:00+00:00,2025-08-06 13:30:00+00:00,0.5,1,-8.361494594412477,-8.361494594412477,-8.361494594412477,-255.631737,4528.0,1952.0,7268.0,2025-08-06 13:30:00+00:00,midday,jul_sep_surplus,,,,"Candidate negative-price event. Check high wind, low gas, negative imbalance, and whether surplus conditions were reinforced by system context.",low_wind+negative_imbalance+higher_interconnector_support,2025-08-06 11:30:00+00:00,2025-08-06 15:30:00+00:00,2025-08-06T11:30:00Z,2025-08-06T15:30:00Z,5
2025,2025_negative_price_cluster_111,negative_price_cluster,2025-06-17 13:30:00+00:00,2025-06-17 13:30:00+00:00,0.5,1,-8.42,-8.42,-8.42,-204.40555694444444,6051.0,1660.0,4788.0,2025-06-17 13:30:00+00:00,midday,jun_mixed_tail,,,,"Candidate negative-price event. Check high wind, low gas, negative imbalance, and whether surplus conditions were reinforced by system context.",low_wind+negative_imbalance+higher_interconnector_support,2025-06-17 11:30:00+00:00,2025-06-17 15:30:00+00:00,2025-06-17T11:30:00Z,2025-06-17T15:30:00Z,5
2025,2025_negative_price_cluster_161,negative_price_cluster,2025-08-04 19:30:00+00:00,2025-08-04 19:30:00+00:00,0.5,1,-8.507435730297171,-8.507435730297171,-8.507435730297171,-161.09662130741648,13784.0,4642.0,-550.0,2025-08-04 19:30:00+00:00,evening_peak,jul_sep_surplus,,,,"Candidate negative-price event. Check high wind, low gas, negative imbalance, and whether surplus conditions were reinforced by system context.",high_wind+negative_imbalance+lower_interconnector_support,2025-08-04 17:30:00+00:00,2025-08-04 21:30:00+00:00,2025-08-04T17:30:00Z,2025-08-04T21:30:00Z,5
2025,2025_negative_price_cluster_157,negative_price_cluster,2025-08-03 13:00:00+00:00,2025-08-03 14:30:00+00:00,2.0,4,-8.52,-43.72,-29.2975,-614.5481816196236,7708.25,2500.0,4867.5,2025-08-03 13:00:00+00:00,midday,jul_sep_surplus,,,,"Candidate negative-price event. Check high wind, low gas, negative imbalance, and whether surplus conditions were reinforced by system context.",low_wind+negative_imbalance+higher_interconnector_support,2025-08-03 11:00:00+00:00,2025-08-03 16:30:00+00:00,2025-08-03T11:00:00Z,2025-08-03T16:30:00Z,5
2025,2025_negative_price_cluster_82,negative_price_cluster,2025-05-26 03:00:00+00:00,2025-05-26 03:30:00+00:00,1.0,2,-8.6353245053511,-9.536393727822404,-9.085859116586752,-374.7223104285381,14116.5,3148.5,-4592.0,2025-05-26 03:00:00+00:00,night,apr_may_surplus_shift,,,,"Candidate negative-price event. Check high wind, low gas, negative imbalance, and whether surplus conditions were reinforced by system context.",high_wind+negative_imbalance+lower_interconnector_support,2025-05-26 01:00:00+00:00,2025-05-26 05:30:00+00:00,2025-05-26T01:00:00Z,2025-05-26T05:30:00Z,5
2025,2025_negative_price_cluster_117,negative_price_cluster,2025-06-23 11:00:00+00:00,2025-06-23 12:30:00+00:00,2.0,4,-8.72,-17.85,-14.5875,-393.58908896875,12327.0,2059.25,1616.5,2025-06-23 12:30:00+00:00,midday,jun_mixed_tail,,,,"Candidate negative-price event. Check high wind, low gas, negative imbalance, and whether surplus conditions were reinforced by system context.",high_wind+negative_imbalance+lower_interconnector_support,2025-06-23 09:00:00+00:00,2025-06-23 14:30:00+00:00,2025-06-23T09:00:00Z,2025-06-23T14:30:00Z,5
2025,2025_negative_price_cluster_266,negative_price_cluster,2025-10-25 08:00:00+00:00,2025-10-25 08:00:00+00:00,0.5,1,-8.77,-8.77,-8.77,-26.28516115740741,16636.0,3977.0,1030.0,2025-10-25 08:00:00+00:00,morning_ramp,oct_mixed_transition,,,,"Candidate negative-price event. Check high wind, low gas, negative imbalance, and whether surplus conditions were reinforced by system context.",high_wind+lower_interconnector_support,2025-10-25 06:00:00+00:00,2025-10-25 10:00:00+00:00,2025-10-25T06:00:00Z,2025-10-25T10:00:00Z,5
2025,2025_negative_price_cluster_269,negative_price_cluster,2025-10-25 22:00:00+00:00,2025-10-25 22:00:00+00:00,0.5,1,-8.77,-8.77,-8.77,-62.26489097222223,16442.0,3273.0,-104.0,2025-10-25 22:00:00+00:00,late_evening,oct_mixed_transition,,,,"Candidate negative-price event. Check high wind, low gas, negative imbalance, and whether surplus conditions were reinforced by system context.",high_wind+lower_interconnector_support,2025-10-25 20:00:00+00:00,2025-10-26 00:00:00+00:00,2025-10-25T20:00:00Z,2025-10-26T00:00:00Z,5
2025,2025_negative_price_cluster_292,negative_price_cluster,2025-11-29 20:00:00+00:00,2025-11-29 20:00:00+00:00,0.5,1,-8.77,-8.77,-8.77,-170.95937958333334,15121.0,4478.0,3562.0,2025-11-29 20:00:00+00:00,late_evening,nov_dec_quiet,,,,"Candidate negative-price event. Check high wind, low gas, negative imbalance, and whether surplus conditions were reinforced by system context.",high_wind+negative_imbalance,2025-11-29 18:00:00+00:00,2025-11-29 22:00:00+00:00,2025-11-29T18:00:00Z,2025-11-29T22:00:00Z,5
2025,2025_negative_price_cluster_212,negative_price_cluster,2025-09-10 20:30:00+00:00,2025-09-10 20:30:00+00:00,0.5,1,-8.87346334481031,-8.87346334481031,-8.87346334481031,-471.2351340574268,15234.0,3773.0,3354.0,2025-09-10 20:30:00+00:00,late_evening,jul_sep_surplus,,,,"Candidate negative-price event. Check high wind, low gas, negative imbalance, and whether surplus conditions were reinforced by system context.",high_wind+negative_imbalance,2025-09-10 18:30:00+00:00,2025-09-10 22:30:00+00:00,2025-09-10T18:30:00Z,2025-09-10T22:30:00Z,5
2025,2025_negative_price_cluster_267,negative_price_cluster,2025-10-25 09:00:00+00:00,2025-10-25 09:30:00+00:00,1.0,2,-8.93949693311065,-10.98,-9.959748466555325,-213.0055668120648,16674.5,3500.5,1466.0,2025-10-25 09:30:00+00:00,morning_ramp,oct_mixed_transition,,,,"Candidate negative-price event. Check high wind, low gas, negative imbalance, and whether surplus conditions were reinforced by system context.",high_wind+negative_imbalance+lower_interconnector_support,2025-10-25 07:00:00+00:00,2025-10-25 11:30:00+00:00,2025-10-25T07:00:00Z,2025-10-25T11:30:00Z,5
2025,2025_negative_price_cluster_209,negative_price_cluster,2025-09-10 09:30:00+00:00,2025-09-10 11:00:00+00:00,2.0,4,-8.942396633215857,-41.5,-17.235599158303962,-648.02515125,14315.5,2498.75,4557.0,2025-09-10 11:00:00+00:00,midday,jul_sep_surplus,,,,"Candidate negative-price event. Check high wind, low gas, negative imbalance, and whether surplus conditions were reinforced by system context.",high_wind+negative_imbalance+higher_interconnector_support,2025-09-10 07:30:00+00:00,2025-09-10 13:00:00+00:00,2025-09-10T07:30:00Z,2025-09-10T13:00:00Z,5
2025,2025_negative_price_cluster_129,negative_price_cluster,2025-06-27 16:00:00+00:00,2025-06-27 16:00:00+00:00,0.5,1,-9.0,-9.0,-9.0,-173.44103512985546,12053.0,3633.0,-104.0,2025-06-27 16:00:00+00:00,evening_peak,jun_mixed_tail,,,,"Candidate negative-price event. Check high wind, low gas, negative imbalance, and whether surplus conditions were reinforced by system context.",high_wind+negative_imbalance+lower_interconnector_support,2025-06-27 14:00:00+00:00,2025-06-27 18:00:00+00:00,2025-06-27T14:00:00Z,2025-06-27T18:00:00Z,5
2025,2025_negative_price_cluster_242,negative_price_cluster,2025-09-21 05:30:00+00:00,2025-09-21 07:30:00+00:00,2.5,5,-9.032022436994067,-17.35,-12.622404487398814,-498.1584386994949,12111.8,3746.6,1634.4,2025-09-21 07:30:00+00:00,morning_ramp,jul_sep_surplus,,,,"Candidate negative-price event. Check high wind, low gas, negative imbalance, and whether surplus conditions were reinforced by system context.",high_wind+negative_imbalance+lower_interconnector_support,2025-09-21 03:30:00+00:00,2025-09-21 09:30:00+00:00,2025-09-21T03:30:00Z,2025-09-21T09:30:00Z,5
2025,2025_negative_price_cluster_234,negative_price_cluster,2025-09-16 08:00:00+00:00,2025-09-16 09:00:00+00:00,1.5,3,-9.290044444444444,-17.35,-13.469139211977842,-306.51300598765437,14134.666666666666,3997.0,2825.3333333333335,2025-09-16 09:00:00+00:00,morning_ramp,jul_sep_surplus,,,,"Candidate negative-price event. Check high wind, low gas, negative imbalance, and whether surplus conditions were reinforced by system context.",high_wind+negative_imbalance,2025-09-16 06:00:00+00:00,2025-09-16 11:00:00+00:00,2025-09-16T06:00:00Z,2025-09-16T11:00:00Z,5
2025,2025_negative_price_cluster_110,negative_price_cluster,2025-06-16 13:30:00+00:00,2025-06-16 13:30:00+00:00,0.5,1,-9.306285572682665,-9.306285572682665,-9.306285572682665,-242.91479541666664,5703.0,2528.0,5766.0,2025-06-16 13:30:00+00:00,midday,jun_mixed_tail,,,,"Candidate negative-price event. Check high wind, low gas, negative imbalance, and whether surplus conditions were reinforced by system context.",low_wind+negative_imbalance+higher_interconnector_support,2025-06-16 11:30:00+00:00,2025-06-16 15:30:00+00:00,2025-06-16T11:30:00Z,2025-06-16T15:30:00Z,5
2025,2025_negative_price_cluster_222,negative_price_cluster,2025-09-12 05:00:00+00:00,2025-09-12 06:00:00+00:00,1.5,3,-9.329161269896751,-12.71821971799731,-11.149126995964687,-466.79562422826785,15459.333333333334,4211.666666666667,-936.0,2025-09-12 05:30:00+00:00,night,jul_sep_surplus,,,,"Candidate negative-price event. Check high wind, low gas, negative imbalance, and whether surplus conditions were reinforced by system context.",high_wind+negative_imbalance+lower_interconnector_support,2025-09-12 03:00:00+00:00,2025-09-12 08:00:00+00:00,2025-09-12T03:00:00Z,2025-09-12T08:00:00Z,5
2025,2025_negative_price_cluster_59,negative_price_cluster,2025-04-13 12:30:00+00:00,2025-04-13 14:00:00+00:00,2.0,4,-9.5,-10.0,-9.8125,-418.34883260787325,5479.5,2190.75,6232.5,2025-04-13 12:30:00+00:00,midday,apr_may_surplus_shift,,,,"Candidate negative-price event. Check high wind, low gas, negative imbalance, and whether surplus conditions were reinforced by system context.",low_wind+negative_imbalance+higher_interconnector_support,2025-04-13 10:30:00+00:00,2025-04-13 16:00:00+00:00,2025-04-13T10:30:00Z,2025-04-13T16:00:00Z,5
2025,2025_negative_price_cluster_58,negative_price_cluster,2025-04-12 11:30:00+00:00,2025-04-12 14:30:00+00:00,3.5,7,-9.75,-37.66,-22.941428571428567,-203.4650964886816,7627.142857142857,2086.5714285714284,5055.714285714285,2025-04-12 11:30:00+00:00,midday,apr_may_surplus_shift,,,,"Candidate negative-price event. Check high wind, low gas, negative imbalance, and whether surplus conditions were reinforced by system context.",low_wind+negative_imbalance+higher_interconnector_support,2025-04-12 09:30:00+00:00,2025-04-12 16:30:00+00:00,2025-04-12T09:30:00Z,2025-04-12T16:30:00Z,5
2025,2025_negative_price_cluster_53,negative_price_cluster,2025-04-05 03:00:00+00:00,2025-04-05 03:00:00+00:00,0.5,1,-9.79,-9.79,-9.79,-365.5354161111111,9430.0,2773.0,2510.0,2025-04-05 03:00:00+00:00,night,apr_may_surplus_shift,,,,"Candidate negative-price event. Check high wind, low gas, negative imbalance, and whether surplus conditions were reinforced by system context.",negative_imbalance,2025-04-05 01:00:00+00:00,2025-04-05 05:00:00+00:00,2025-04-05T01:00:00Z,2025-04-05T05:00:00Z,5
2025,2025_negative_price_cluster_61,negative_price_cluster,2025-04-14 09:00:00+00:00,2025-04-14 09:00:00+00:00,0.5,1,-10.0,-10.0,-10.0,-400.8982238068783,8017.0,3484.0,5356.0,2025-04-14 09:00:00+00:00,morning_ramp,apr_may_surplus_shift,,,,"Candidate negative-price event. Check high wind, low gas, negative imbalance, and whether surplus conditions were reinforced by system context.",negative_imbalance+higher_interconnector_support,2025-04-14 07:00:00+00:00,2025-04-14 11:00:00+00:00,2025-04-14T07:00:00Z,2025-04-14T11:00:00Z,5
2025,2025_negative_price_cluster_198,negative_price_cluster,2025-09-06 09:00:00+00:00,2025-09-06 17:00:00+00:00,8.5,17,-10.0,-87.0,-43.78116135366269,-1116.9223831562267,8541.882352941177,2859.8823529411766,4071.6470588235293,2025-09-06 09:00:00+00:00,morning_ramp,jul_sep_surplus,,,,"Candidate negative-price event. Check high wind, low gas, negative imbalance, and whether surplus conditions were reinforced by system context.",negative_imbalance,2025-09-06 07:00:00+00:00,2025-09-06 19:00:00+00:00,2025-09-06T07:00:00Z,2025-09-06T19:00:00Z,5
2025,2025_negative_price_cluster_215,negative_price_cluster,2025-09-11 03:00:00+00:00,2025-09-11 05:00:00+00:00,2.5,5,-10.0,-17.48,-15.984,-401.4573205648148,14730.8,3105.4,-692.0,2025-09-11 05:00:00+00:00,night,jul_sep_surplus,,,,"Candidate negative-price event. Check high wind, low gas, negative imbalance, and whether surplus conditions were reinforced by system context.",high_wind+negative_imbalance+lower_interconnector_support,2025-09-11 01:00:00+00:00,2025-09-11 07:00:00+00:00,2025-09-11T01:00:00Z,2025-09-11T07:00:00Z,5
2025,2025_negative_price_cluster_229,negative_price_cluster,2025-09-15 01:00:00+00:00,2025-09-15 01:00:00+00:00,0.5,1,-10.0,-10.0,-10.0,-97.92057013888888,13855.0,3318.0,-1620.0,2025-09-15 01:00:00+00:00,night,jul_sep_surplus,,,,"Candidate negative-price event. Check high wind, low gas, negative imbalance, and whether surplus conditions were reinforced by system context.",high_wind+lower_interconnector_support,2025-09-14 23:00:00+00:00,2025-09-15 03:00:00+00:00,2025-09-14T23:00:00Z,2025-09-15T03:00:00Z,5
2025,2025_negative_price_cluster_250,negative_price_cluster,2025-10-04 14:30:00+00:00,2025-10-04 16:00:00+00:00,2.0,4,-10.0,-16.98,-11.745000000000001,-465.96449483630954,15723.25,3137.5,1113.5,2025-10-04 15:00:00+00:00,afternoon,oct_mixed_transition,,,,"Candidate negative-price event. Check high wind, low gas, negative imbalance, and whether surplus conditions were reinforced by system context.",high_wind+negative_imbalance+lower_interconnector_support,2025-10-04 12:30:00+00:00,2025-10-04 18:00:00+00:00,2025-10-04T12:30:00Z,2025-10-04T18:00:00Z,5
2025,2025_negative_price_cluster_72,negative_price_cluster,2025-05-17 11:00:00+00:00,2025-05-17 14:30:00+00:00,4.0,8,-10.110196078431372,-15.9,-13.707524509803921,-511.5655663736967,6074.125,2027.625,2731.5,2025-05-17 14:00:00+00:00,afternoon,apr_may_surplus_shift,,,,"Candidate negative-price event. Check high wind, low gas, negative imbalance, and whether surplus conditions were reinforced by system context.",low_wind+negative_imbalance,2025-05-17 09:00:00+00:00,2025-05-17 16:30:00+00:00,2025-05-17T09:00:00Z,2025-05-17T16:30:00Z,5
2025,2025_negative_price_cluster_160,negative_price_cluster,2025-08-04 12:30:00+00:00,2025-08-04 16:00:00+00:00,4.0,8,-10.38,-17.29,-13.841700126603214,-160.03302558779762,14942.875,3305.5,1054.0,2025-08-04 13:30:00+00:00,midday,jul_sep_surplus,,,,"Candidate negative-price event. Check high wind, low gas, negative imbalance, and whether surplus conditions were reinforced by system context.",high_wind+negative_imbalance+lower_interconnector_support,2025-08-04 10:30:00+00:00,2025-08-04 18:00:00+00:00,2025-08-04T10:30:00Z,2025-08-04T18:00:00Z,5
2025,2025_negative_price_cluster_29,negative_price_cluster,2025-02-24 13:00:00+00:00,2025-02-24 15:00:00+00:00,2.5,5,-10.5,-43.79,-34.001999999999995,-1343.2926441167872,12825.8,3552.0,5104.8,2025-02-24 13:00:00+00:00,midday,feb_mar_broad_stress,,,,"Candidate negative-price event. Check high wind, low gas, negative imbalance, and whether surplus conditions were reinforced by system context.",high_wind+negative_imbalance+higher_interconnector_support,2025-02-24 11:00:00+00:00,2025-02-24 17:00:00+00:00,2025-02-24T11:00:00Z,2025-02-24T17:00:00Z,5
2025,2025_negative_price_cluster_276,negative_price_cluster,2025-10-29 04:00:00+00:00,2025-10-29 05:30:00+00:00,2.0,4,-10.5,-17.32,-15.615,-673.2635950588316,11989.75,2920.0,1916.5,2025-10-29 05:30:00+00:00,night,oct_mixed_transition,,,,"Candidate negative-price event. Check high wind, low gas, negative imbalance, and whether surplus conditions were reinforced by system context.",high_wind+negative_imbalance+lower_interconnector_support,2025-10-29 02:00:00+00:00,2025-10-29 07:30:00+00:00,2025-10-29T02:00:00Z,2025-10-29T07:30:00Z,5
2025,2025_negative_price_cluster_301,negative_price_cluster,2025-12-18 23:00:00+00:00,2025-12-18 23:00:00+00:00,0.5,1,-10.64,-10.64,-10.64,-827.9038048611111,14772.0,3335.0,3772.0,2025-12-18 23:00:00+00:00,late_evening,nov_dec_quiet,,,,"Candidate negative-price event. Check high wind, low gas, negative imbalance, and whether surplus conditions were reinforced by system context.",high_wind+negative_imbalance,2025-12-18 21:00:00+00:00,2025-12-19 01:00:00+00:00,2025-12-18T21:00:00Z,2025-12-19T01:00:00Z,5
2025,2025_negative_price_cluster_190,negative_price_cluster,2025-08-31 02:00:00+00:00,2025-08-31 03:30:00+00:00,2.0,4,-10.69,-17.32,-12.614999999999998,-111.97733333333333,13482.25,3413.5,-3710.0,2025-08-31 02:30:00+00:00,night,jul_sep_surplus,,,,"Candidate negative-price event. Check high wind, low gas, negative imbalance, and whether surplus conditions were reinforced by system context.",high_wind+lower_interconnector_support,2025-08-31 00:00:00+00:00,2025-08-31 05:30:00+00:00,2025-08-31T00:00:00Z,2025-08-31T05:30:00Z,5
2025,2025_negative_price_cluster_201,negative_price_cluster,2025-09-06 23:30:00+00:00,2025-09-06 23:30:00+00:00,0.5,1,-10.76,-10.76,-10.76,-199.5518308534372,30278.0,7336.0,-9464.0,2025-09-06 23:30:00+00:00,late_evening,jul_sep_surplus,,,,"Candidate negative-price event. Check high wind, low gas, negative imbalance, and whether surplus conditions were reinforced by system context.",high_wind+negative_imbalance+lower_interconnector_support,2025-09-06 21:30:00+00:00,2025-09-07 01:30:00+00:00,2025-09-06T21:30:00Z,2025-09-07T01:30:00Z,5
2025,2025_negative_price_cluster_302,negative_price_cluster,2025-12-19 01:00:00+00:00,2025-12-19 01:00:00+00:00,0.5,1,-10.87,-10.87,-10.87,-239.21845819444445,14244.0,4644.0,2356.0,2025-12-19 01:00:00+00:00,night,nov_dec_quiet,,,,"Candidate negative-price event. Check high wind, low gas, negative imbalance, and whether surplus conditions were reinforced by system context.",high_wind+negative_imbalance+lower_interconnector_support,2025-12-18 23:00:00+00:00,2025-12-19 03:00:00+00:00,2025-12-18T23:00:00Z,2025-12-19T03:00:00Z,5
2025,2025_negative_price_cluster_299,negative_price_cluster,2025-12-10 02:30:00+00:00,2025-12-10 02:30:00+00:00,0.5,1,-10.91,-10.91,-10.91,-248.2403336027185,16611.0,2373.0,-86.0,2025-12-10 02:30:00+00:00,night,nov_dec_quiet,,,,"Candidate negative-price event. Check high wind, low gas, negative imbalance, and whether surplus conditions were reinforced by system context.",high_wind+negative_imbalance+lower_interconnector_support,2025-12-10 00:30:00+00:00,2025-12-10 04:30:00+00:00,2025-12-10T00:30:00Z,2025-12-10T04:30:00Z,5
2025,2025_negative_price_cluster_220,negative_price_cluster,2025-09-11 21:30:00+00:00,2025-09-12 01:30:00+00:00,4.5,9,-10.94,-43.72,-26.138466972634284,-555.2797505357577,17471.333333333332,3383.1111111111113,-802.6666666666666,2025-09-12 01:00:00+00:00,night,jul_sep_surplus,,,,"Candidate negative-price event. Check high wind, low gas, negative imbalance, and whether surplus conditions were reinforced by system context.",high_wind+negative_imbalance+lower_interconnector_support,2025-09-11 19:30:00+00:00,2025-09-12 03:30:00+00:00,2025-09-11T19:30:00Z,2025-09-12T03:30:00Z,5
2025,2025_negative_price_cluster_290,negative_price_cluster,2025-11-12 06:00:00+00:00,2025-11-12 06:30:00+00:00,1.0,2,-10.95,-17.14,-14.045,-374.77302821761805,14775.0,3449.5,1357.0,2025-11-12 06:30:00+00:00,morning_ramp,nov_dec_quiet,,,,"Candidate negative-price event. Check high wind, low gas, negative imbalance, and whether surplus conditions were reinforced by system context.",high_wind+negative_imbalance+lower_interconnector_support,2025-11-12 04:00:00+00:00,2025-11-12 08:30:00+00:00,2025-11-12T04:00:00Z,2025-11-12T08:30:00Z,5
2025,2025_negative_price_cluster_271,negative_price_cluster,2025-10-26 06:00:00+00:00,2025-10-26 06:30:00+00:00,1.0,2,-10.98,-17.32,-14.15,-314.38797684722226,14343.5,2678.5,1100.0,2025-10-26 06:30:00+00:00,morning_ramp,oct_mixed_transition,,,,"Candidate negative-price event. Check high wind, low gas, negative imbalance, and whether surplus conditions were reinforced by system context.",high_wind+negative_imbalance+lower_interconnector_support,2025-10-26 04:00:00+00:00,2025-10-26 08:30:00+00:00,2025-10-26T04:00:00Z,2025-10-26T08:30:00Z,5
2025,2025_negative_price_cluster_272,negative_price_cluster,2025-10-26 09:30:00+00:00,2025-10-26 11:00:00+00:00,2.0,4,-10.98,-17.32,-14.150000000000002,-708.8682088926196,13643.25,1961.25,5261.5,2025-10-26 09:30:00+00:00,morning_ramp,oct_mixed_transition,,,,"Candidate negative-price event. Check high wind, low gas, negative imbalance, and whether surplus conditions were reinforced by system context.",high_wind+negative_imbalance+higher_interconnector_support,2025-10-26 07:30:00+00:00,2025-10-26 13:00:00+00:00,2025-10-26T07:30:00Z,2025-10-26T13:00:00Z,5
2025,2025_negative_price_cluster_274,negative_price_cluster,2025-10-26 20:30:00+00:00,2025-10-26 20:30:00+00:00,0.5,1,-10.98,-10.98,-10.98,-367.7917425,17170.0,1877.0,5010.0,2025-10-26 20:30:00+00:00,late_evening,oct_mixed_transition,,,,"Candidate negative-price event. Check high wind, low gas, negative imbalance, and whether surplus conditions were reinforced by system context.",high_wind+negative_imbalance+higher_interconnector_support,2025-10-26 18:30:00+00:00,2025-10-26 22:30:00+00:00,2025-10-26T18:30:00Z,2025-10-26T22:30:00Z,5
2025,2025_negative_price_cluster_287,negative_price_cluster,2025-11-04 03:30:00+00:00,2025-11-04 03:30:00+00:00,0.5,1,-10.98,-10.98,-10.98,-93.90861208333334,14466.0,3603.0,-3942.0,2025-11-04 03:30:00+00:00,night,nov_dec_quiet,,,,"Candidate negative-price event. Check high wind, low gas, negative imbalance, and whether surplus conditions were reinforced by system context.",high_wind+lower_interconnector_support,2025-11-04 01:30:00+00:00,2025-11-04 05:30:00+00:00,2025-11-04T01:30:00Z,2025-11-04T05:30:00Z,5
2025,2025_negative_price_cluster_115,negative_price_cluster,2025-06-23 00:30:00+00:00,2025-06-23 00:30:00+00:00,0.5,1,-11.0,-11.0,-11.0,-47.22243771380793,13121.0,2955.0,-2128.0,2025-06-23 00:30:00+00:00,night,jun_mixed_tail,,,,"Candidate negative-price event. Check high wind, low gas, negative imbalance, and whether surplus conditions were reinforced by system context.",high_wind+lower_interconnector_support,2025-06-22 22:30:00+00:00,2025-06-23 02:30:00+00:00,2025-06-22T22:30:00Z,2025-06-23T02:30:00Z,5
2025,2025_negative_price_cluster_120,negative_price_cluster,2025-06-24 01:00:00+00:00,2025-06-24 01:00:00+00:00,0.5,1,-11.0,-11.0,-11.0,-425.0587284920635,11748.0,3138.0,-1922.0,2025-06-24 01:00:00+00:00,night,jun_mixed_tail,,,,"Candidate negative-price event. Check high wind, low gas, negative imbalance, and whether surplus conditions were reinforced by system context.",high_wind+negative_imbalance+lower_interconnector_support,2025-06-23 23:00:00+00:00,2025-06-24 03:00:00+00:00,2025-06-23T23:00:00Z,2025-06-24T03:00:00Z,5
2025,2025_negative_price_cluster_112,negative_price_cluster,2025-06-21 19:30:00+00:00,2025-06-21 19:30:00+00:00,0.5,1,-11.03,-11.03,-11.03,-244.2078578861416,9162.0,7916.0,1234.0,2025-06-21 19:30:00+00:00,evening_peak,jun_mixed_tail,,,,"Candidate negative-price event. Check high wind, low gas, negative imbalance, and whether surplus conditions were reinforced by system context.",negative_imbalance+lower_interconnector_support,2025-06-21 17:30:00+00:00,2025-06-21 21:30:00+00:00,2025-06-21T17:30:00Z,2025-06-21T21:30:00Z,5
2025,2025_negative_price_cluster_54,negative_price_cluster,2025-04-05 08:00:00+00:00,2025-04-05 15:30:00+00:00,8.0,16,-11.08,-87.32,-56.04585989261822,-664.5931156212412,7639.125,2025.25,2517.0,2025-04-05 15:30:00+00:00,afternoon,apr_may_surplus_shift,,,,"Candidate negative-price event. Check high wind, low gas, negative imbalance, and whether surplus conditions were reinforced by system context.",low_wind+negative_imbalance,2025-04-05 06:00:00+00:00,2025-04-05 17:30:00+00:00,2025-04-05T06:00:00Z,2025-04-05T17:30:00Z,5
2025,2025_negative_price_cluster_259,negative_price_cluster,2025-10-19 18:30:00+00:00,2025-10-19 19:30:00+00:00,1.5,3,-11.09,-11.09,-11.089999999999998,-240.52081879623356,13761.333333333334,4039.6666666666665,5336.666666666667,2025-10-19 18:30:00+00:00,evening_peak,oct_mixed_transition,,,,"Candidate negative-price event. Check high wind, low gas, negative imbalance, and whether surplus conditions were reinforced by system context.",high_wind+negative_imbalance+higher_interconnector_support,2025-10-19 16:30:00+00:00,2025-10-19 21:30:00+00:00,2025-10-19T16:30:00Z,2025-10-19T21:30:00Z,5
2025,2025_negative_price_cluster_262,negative_price_cluster,2025-10-24 19:30:00+00:00,2025-10-24 19:30:00+00:00,0.5,1,-11.09,-11.09,-11.09,-293.0207113324916,16257.0,3254.0,5068.0,2025-10-24 19:30:00+00:00,evening_peak,oct_mixed_transition,,,,"Candidate negative-price event. Check high wind, low gas, negative imbalance, and whether surplus conditions were reinforced by system context.",high_wind+negative_imbalance+higher_interconnector_support,2025-10-24 17:30:00+00:00,2025-10-24 21:30:00+00:00,2025-10-24T17:30:00Z,2025-10-24T21:30:00Z,5
2025,2025_negative_price_cluster_245,negative_price_cluster,2025-10-03 03:00:00+00:00,2025-10-03 04:00:00+00:00,1.5,3,-11.13,-17.62,-15.456666666666669,-410.09684111111113,12965.333333333334,3799.3333333333335,-1803.3333333333333,2025-10-03 04:00:00+00:00,night,oct_mixed_transition,,,,"Candidate negative-price event. Check high wind, low gas, negative imbalance, and whether surplus conditions were reinforced by system context.",high_wind+negative_imbalance+lower_interconnector_support,2025-10-03 01:00:00+00:00,2025-10-03 06:00:00+00:00,2025-10-03T01:00:00Z,2025-10-03T06:00:00Z,5
2025,2025_negative_price_cluster_257,negative_price_cluster,2025-10-06 11:00:00+00:00,2025-10-06 11:00:00+00:00,0.5,1,-11.213790311565626,-11.213790311565626,-11.213790311565626,-337.9839924621212,9091.0,6368.0,3522.0,2025-10-06 11:00:00+00:00,midday,oct_mixed_transition,,,,"Candidate negative-price event. Check high wind, low gas, negative imbalance, and whether surplus conditions were reinforced by system context.",negative_imbalance,2025-10-06 09:00:00+00:00,2025-10-06 13:00:00+00:00,2025-10-06T09:00:00Z,2025-10-06T13:00:00Z,5
2025,2025_negative_price_cluster_248,negative_price_cluster,2025-10-04 07:00:00+00:00,2025-10-04 07:30:00+00:00,1.0,2,-11.22,-17.62,-14.420000000000002,-335.81466250443316,13423.0,3738.5,-88.0,2025-10-04 07:30:00+00:00,morning_ramp,oct_mixed_transition,,,,"Candidate negative-price event. Check high wind, low gas, negative imbalance, and whether surplus conditions were reinforced by system context.",high_wind+negative_imbalance+lower_interconnector_support,2025-10-04 05:00:00+00:00,2025-10-04 09:30:00+00:00,2025-10-04T05:00:00Z,2025-10-04T09:30:00Z,5
2025,2025_negative_price_cluster_253,negative_price_cluster,2025-10-05 02:30:00+00:00,2025-10-05 03:00:00+00:00,1.0,2,-11.22,-11.22,-11.22,-74.50929520833333,13562.0,3207.5,-3266.0,2025-10-05 02:30:00+00:00,night,oct_mixed_transition,,,,"Candidate negative-price event. Check high wind, low gas, negative imbalance, and whether surplus conditions were reinforced by system context.",high_wind+lower_interconnector_support,2025-10-05 00:30:00+00:00,2025-10-05 05:00:00+00:00,2025-10-05T00:30:00Z,2025-10-05T05:00:00Z,5
2025,2025_negative_price_cluster_254,negative_price_cluster,2025-10-05 11:30:00+00:00,2025-10-05 11:30:00+00:00,0.5,1,-11.22,-11.22,-11.22,-287.4617337229979,14198.0,2459.0,1552.0,2025-10-05 11:30:00+00:00,midday,oct_mixed_transition,,,,"Candidate negative-price event. Check high wind, low gas, negative imbalance, and whether surplus conditions were reinforced by system context.",high_wind+negative_imbalance+lower_interconnector_support,2025-10-05 09:30:00+00:00,2025-10-05 13:30:00+00:00,2025-10-05T09:30:00Z,2025-10-05T13:30:00Z,5
2025,2025_negative_price_cluster_255,negative_price_cluster,2025-10-05 12:30:00+00:00,2025-10-05 13:00:00+00:00,1.0,2,-11.22,-17.62,-14.420000000000002,-388.64786146990735,13442.0,2468.5,2798.0,2025-10-05 13:00:00+00:00,midday,oct_mixed_transition,,,,"Candidate negative-price event. Check high wind, low gas, negative imbalance, and whether surplus conditions were reinforced by system context.",high_wind+negative_imbalance,2025-10-05 10:30:00+00:00,2025-10-05 15:00:00+00:00,2025-10-05T10:30:00Z,2025-10-05T15:00:00Z,5
2025,2025_negative_price_cluster_240,negative_price_cluster,2025-09-20 20:00:00+00:00,2025-09-20 20:00:00+00:00,0.5,1,-11.29,-11.29,-11.29,-762.6896008333333,13313.0,5402.0,3112.0,2025-09-20 20:00:00+00:00,late_evening,jul_sep_surplus,,,,"Candidate negative-price event. Check high wind, low gas, negative imbalance, and whether surplus conditions were reinforced by system context.",high_wind+negative_imbalance,2025-09-20 18:00:00+00:00,2025-09-20 22:00:00+00:00,2025-09-20T18:00:00Z,2025-09-20T22:00:00Z,5
2025,2025_negative_price_cluster_241,negative_price_cluster,2025-09-20 21:00:00+00:00,2025-09-20 21:30:00+00:00,1.0,2,-11.29,-17.35,-14.32,-376.50736670343133,13749.0,4747.0,2088.0,2025-09-20 21:30:00+00:00,late_evening,jul_sep_surplus,,,,"Candidate negative-price event. Check high wind, low gas, negative imbalance, and whether surplus conditions were reinforced by system context.",high_wind+negative_imbalance+lower_interconnector_support,2025-09-20 19:00:00+00:00,2025-09-20 23:30:00+00:00,2025-09-20T19:00:00Z,2025-09-20T23:30:00Z,5
2025,2025_negative_price_cluster_69,negative_price_cluster,2025-05-10 14:00:00+00:00,2025-05-10 14:30:00+00:00,1.0,2,-11.3,-15.68,-13.49,-136.08955555555553,5653.0,2239.5,3242.0,2025-05-10 14:00:00+00:00,afternoon,apr_may_surplus_shift,,,,"Candidate negative-price event. Check high wind, low gas, negative imbalance, and whether surplus conditions were reinforced by system context.",low_wind,2025-05-10 12:00:00+00:00,2025-05-10 16:30:00+00:00,2025-05-10T12:00:00Z,2025-05-10T16:30:00Z,5
2025,2025_negative_price_cluster_77,negative_price_cluster,2025-05-25 08:00:00+00:00,2025-05-25 10:30:00+00:00,3.0,6,-11.32,-15.93,-14.39333333333333,-207.46744059154153,11274.166666666666,3104.5,-5003.333333333333,2025-05-25 10:00:00+00:00,midday,apr_may_surplus_shift,,,,"Candidate negative-price event. Check high wind, low gas, negative imbalance, and whether surplus conditions were reinforced by system context.",high_wind+negative_imbalance+lower_interconnector_support,2025-05-25 06:00:00+00:00,2025-05-25 12:30:00+00:00,2025-05-25T06:00:00Z,2025-05-25T12:30:00Z,5
2025,2025_negative_price_cluster_81,negative_price_cluster,2025-05-26 01:30:00+00:00,2025-05-26 01:30:00+00:00,0.5,1,-11.32,-11.32,-11.32,-96.77298552008612,14202.0,3542.0,-4490.0,2025-05-26 01:30:00+00:00,night,apr_may_surplus_shift,,,,"Candidate negative-price event. Check high wind, low gas, negative imbalance, and whether surplus conditions were reinforced by system context.",high_wind+lower_interconnector_support,2025-05-25 23:30:00+00:00,2025-05-26 03:30:00+00:00,2025-05-25T23:30:00Z,2025-05-26T03:30:00Z,5
2025,2025_negative_price_cluster_230,negative_price_cluster,2025-09-15 02:00:00+00:00,2025-09-15 05:00:00+00:00,3.5,7,-11.35,-43.72,-22.60571428571428,-328.50967411412483,12530.857142857143,3324.714285714286,-642.5714285714286,2025-09-15 02:00:00+00:00,night,jul_sep_surplus,,,,"Candidate negative-price event. Check high wind, low gas, negative imbalance, and whether surplus conditions were reinforced by system context.",high_wind+negative_imbalance+lower_interconnector_support,2025-09-15 00:00:00+00:00,2025-09-15 07:00:00+00:00,2025-09-15T00:00:00Z,2025-09-15T07:00:00Z,5
2025,2025_negative_price_cluster_233,negative_price_cluster,2025-09-16 04:30:00+00:00,2025-09-16 04:30:00+00:00,0.5,1,-11.35,-11.35,-11.35,-257.1094448611111,14692.0,3082.0,-1380.0,2025-09-16 04:30:00+00:00,night,jul_sep_surplus,,,,"Candidate negative-price event. Check high wind, low gas, negative imbalance, and whether surplus conditions were reinforced by system context.",high_wind+negative_imbalance+lower_interconnector_support,2025-09-16 02:30:00+00:00,2025-09-16 06:30:00+00:00,2025-09-16T02:30:00Z,2025-09-16T06:30:00Z,5
2025,2025_negative_price_cluster_202,negative_price_cluster,2025-09-07 01:00:00+00:00,2025-09-07 01:00:00+00:00,0.5,1,-11.4,-11.4,-11.4,-203.09483972222225,13003.0,3849.0,-3456.0,2025-09-07 01:00:00+00:00,night,jul_sep_surplus,,,,"Candidate negative-price event. Check high wind, low gas, negative imbalance, and whether surplus conditions were reinforced by system context.",high_wind+negative_imbalance+lower_interconnector_support,2025-09-06 23:00:00+00:00,2025-09-07 03:00:00+00:00,2025-09-06T23:00:00Z,2025-09-07T03:00:00Z,5
2025,2025_negative_price_cluster_206,negative_price_cluster,2025-09-07 15:30:00+00:00,2025-09-07 16:30:00+00:00,1.5,3,-11.4,-11.4,-11.4,-186.80917514814814,14682.0,3763.6666666666665,3839.3333333333335,2025-09-07 15:30:00+00:00,afternoon,jul_sep_surplus,,,,"Candidate negative-price event. Check high wind, low gas, negative imbalance, and whether surplus conditions were reinforced by system context.",high_wind+negative_imbalance,2025-09-07 13:30:00+00:00,2025-09-07 18:30:00+00:00,2025-09-07T13:30:00Z,2025-09-07T18:30:00Z,5
2025,2025_negative_price_cluster_211,negative_price_cluster,2025-09-10 16:00:00+00:00,2025-09-10 16:00:00+00:00,0.5,1,-11.4,-11.4,-11.4,-228.4452255793651,14921.0,4543.0,3410.0,2025-09-10 16:00:00+00:00,evening_peak,jul_sep_surplus,,,,"Candidate negative-price event. Check high wind, low gas, negative imbalance, and whether surplus conditions were reinforced by system context.",high_wind+negative_imbalance,2025-09-10 14:00:00+00:00,2025-09-10 18:00:00+00:00,2025-09-10T14:00:00Z,2025-09-10T18:00:00Z,5
2025,2025_negative_price_cluster_214,negative_price_cluster,2025-09-11 01:00:00+00:00,2025-09-11 02:00:00+00:00,1.5,3,-11.4,-11.4,-11.4,-72.92909324074073,15121.333333333334,2949.6666666666665,-825.3333333333334,2025-09-11 01:00:00+00:00,night,jul_sep_surplus,,,,"Candidate negative-price event. Check high wind, low gas, negative imbalance, and whether surplus conditions were reinforced by system context.",high_wind+lower_interconnector_support,2025-09-10 23:00:00+00:00,2025-09-11 04:00:00+00:00,2025-09-10T23:00:00Z,2025-09-11T04:00:00Z,5
2025,2025_negative_price_cluster_216,negative_price_cluster,2025-09-11 07:30:00+00:00,2025-09-11 07:30:00+00:00,0.5,1,-11.4,-11.4,-11.4,-259.63608204455267,15060.0,2923.0,2740.0,2025-09-11 07:30:00+00:00,morning_ramp,jul_sep_surplus,,,,"Candidate negative-price event. Check high wind, low gas, negative imbalance, and whether surplus conditions were reinforced by system context.",high_wind+negative_imbalance,2025-09-11 05:30:00+00:00,2025-09-11 09:30:00+00:00,2025-09-11T05:30:00Z,2025-09-11T09:30:00Z,5
2025,2025_negative_price_cluster_192,negative_price_cluster,2025-08-31 07:00:00+00:00,2025-08-31 07:30:00+00:00,1.0,2,-11.45,-17.32,-14.385,-332.2174318481782,10581.5,3260.0,-309.0,2025-08-31 07:00:00+00:00,morning_ramp,jul_sep_surplus,,,,"Candidate negative-price event. Check high wind, low gas, negative imbalance, and whether surplus conditions were reinforced by system context.",high_wind+negative_imbalance+lower_interconnector_support,2025-08-31 05:00:00+00:00,2025-08-31 09:30:00+00:00,2025-08-31T05:00:00Z,2025-08-31T09:30:00Z,5
2025,2025_negative_price_cluster_196,negative_price_cluster,2025-09-01 08:30:00+00:00,2025-09-01 09:00:00+00:00,1.0,2,-11.45,-11.45,-11.45,-357.6532813888889,14002.0,3485.5,2552.0,2025-09-01 08:30:00+00:00,morning_ramp,jul_sep_surplus,,,,"Candidate negative-price event. Check high wind, low gas, negative imbalance, and whether surplus conditions were reinforced by system context.",high_wind+negative_imbalance,2025-09-01 06:30:00+00:00,2025-09-01 11:00:00+00:00,2025-09-01T06:30:00Z,2025-09-01T11:00:00Z,5
2025,2025_negative_price_cluster_128,negative_price_cluster,2025-06-27 14:30:00+00:00,2025-06-27 14:30:00+00:00,0.5,1,-11.46,-11.46,-11.46,-60.38359507936508,12547.0,2703.0,-1884.0,2025-06-27 14:30:00+00:00,afternoon,jun_mixed_tail,,,,"Candidate negative-price event. Check high wind, low gas, negative imbalance, and whether surplus conditions were reinforced by system context.",high_wind+lower_interconnector_support,2025-06-27 12:30:00+00:00,2025-06-27 16:30:00+00:00,2025-06-27T12:30:00Z,2025-06-27T16:30:00Z,5
2025,2025_negative_price_cluster_125,negative_price_cluster,2025-06-27 09:30:00+00:00,2025-06-27 09:30:00+00:00,0.5,1,-11.49,-11.49,-11.49,-420.91527777777776,10059.0,2562.0,2354.0,2025-06-27 09:30:00+00:00,morning_ramp,jun_mixed_tail,,,,"Candidate negative-price event. Check high wind, low gas, negative imbalance, and whether surplus conditions were reinforced by system context.",high_wind+negative_imbalance+lower_interconnector_support,2025-06-27 07:30:00+00:00,2025-06-27 11:30:00+00:00,2025-06-27T07:30:00Z,2025-06-27T11:30:00Z,5
2025,2025_negative_price_cluster_176,negative_price_cluster,2025-08-09 09:00:00+00:00,2025-08-09 15:00:00+00:00,6.5,13,-11.5,-43.72,-24.168461538461543,-607.6547795942407,9062.76923076923,2713.4615384615386,409.53846153846155,2025-08-09 09:30:00+00:00,morning_ramp,jul_sep_surplus,,,,"Candidate negative-price event. Check high wind, low gas, negative imbalance, and whether surplus conditions were reinforced by system context.",negative_imbalance+lower_interconnector_support,2025-08-09 07:00:00+00:00,2025-08-09 17:00:00+00:00,2025-08-09T07:00:00Z,2025-08-09T17:00:00Z,5
2025,2025_negative_price_cluster_177,negative_price_cluster,2025-08-09 21:00:00+00:00,2025-08-09 22:00:00+00:00,1.5,3,-11.5,-11.5,-11.5,-311.95607059521194,7939.666666666667,5032.0,5460.666666666667,2025-08-09 21:00:00+00:00,late_evening,jul_sep_surplus,,,,"Candidate negative-price event. Check high wind, low gas, negative imbalance, and whether surplus conditions were reinforced by system context.",low_wind+negative_imbalance+higher_interconnector_support,2025-08-09 19:00:00+00:00,2025-08-10 00:00:00+00:00,2025-08-09T19:00:00Z,2025-08-10T00:00:00Z,5
2025,2025_negative_price_cluster_180,negative_price_cluster,2025-08-25 12:30:00+00:00,2025-08-25 12:30:00+00:00,0.5,1,-11.5,-11.5,-11.5,-932.8080170833332,5474.0,2028.0,4286.0,2025-08-25 12:30:00+00:00,midday,jul_sep_surplus,,,,"Candidate negative-price event. Check high wind, low gas, negative imbalance, and whether surplus conditions were reinforced by system context.",low_wind+negative_imbalance,2025-08-25 10:30:00+00:00,2025-08-25 14:30:00+00:00,2025-08-25T10:30:00Z,2025-08-25T14:30:00Z,5
2025,2025_negative_price_cluster_164,negative_price_cluster,2025-08-05 09:00:00+00:00,2025-08-05 09:00:00+00:00,0.5,1,-11.52,-11.52,-11.52,-70.34294444444444,11156.0,3172.0,1786.0,2025-08-05 09:00:00+00:00,morning_ramp,jul_sep_surplus,,,,"Candidate negative-price event. Check high wind, low gas, negative imbalance, and whether surplus conditions were reinforced by system context.",high_wind+lower_interconnector_support,2025-08-05 07:00:00+00:00,2025-08-05 11:00:00+00:00,2025-08-05T07:00:00Z,2025-08-05T11:00:00Z,5
2025,2025_negative_price_cluster_166,negative_price_cluster,2025-08-05 16:00:00+00:00,2025-08-05 16:00:00+00:00,0.5,1,-11.52,-11.52,-11.52,-114.02666016666667,10412.0,4863.0,2646.0,2025-08-05 16:00:00+00:00,evening_peak,jul_sep_surplus,,,,"Candidate negative-price event. Check high wind, low gas, negative imbalance, and whether surplus conditions were reinforced by system context.",high_wind,2025-08-05 14:00:00+00:00,2025-08-05 18:00:00+00:00,2025-08-05T14:00:00Z,2025-08-05T18:00:00Z,5
2025,2025_negative_price_cluster_172,negative_price_cluster,2025-08-08 16:00:00+00:00,2025-08-08 16:00:00+00:00,0.5,1,-11.52,-11.52,-11.52,-115.68259033263304,7942.0,4440.0,3660.0,2025-08-08 16:00:00+00:00,evening_peak,jul_sep_surplus,,,,"Candidate negative-price event. Check high wind, low gas, negative imbalance, and whether surplus conditions were reinforced by system context.",low_wind,2025-08-08 14:00:00+00:00,2025-08-08 18:00:00+00:00,2025-08-08T14:00:00Z,2025-08-08T18:00:00Z,5
2025,2025_negative_price_cluster_133,negative_price_cluster,2025-06-28 03:30:00+00:00,2025-06-28 16:00:00+00:00,13.0,26,-11.56,-73.68,-32.803950972188176,-673.6288194332084,12239.653846153846,2994.769230769231,-2026.4615384615386,2025-06-28 03:30:00+00:00,night,jun_mixed_tail,,,,"Candidate negative-price event. Check high wind, low gas, negative imbalance, and whether surplus conditions were reinforced by system context.",high_wind+negative_imbalance+lower_interconnector_support,2025-06-28 01:30:00+00:00,2025-06-28 18:00:00+00:00,2025-06-28T01:30:00Z,2025-06-28T18:00:00Z,5
2025,2025_negative_price_cluster_135,negative_price_cluster,2025-06-29 00:30:00+00:00,2025-06-29 02:00:00+00:00,2.0,4,-11.56,-16.24,-13.9,-320.226589988426,6960.25,3665.25,2143.5,2025-06-29 01:30:00+00:00,night,jun_mixed_tail,,,,"Candidate negative-price event. Check high wind, low gas, negative imbalance, and whether surplus conditions were reinforced by system context.",low_wind+negative_imbalance+lower_interconnector_support,2025-06-28 22:30:00+00:00,2025-06-29 04:00:00+00:00,2025-06-28T22:30:00Z,2025-06-29T04:00:00Z,5
2025,2025_negative_price_cluster_136,negative_price_cluster,2025-06-29 03:00:00+00:00,2025-06-29 05:00:00+00:00,2.5,5,-11.56,-16.24,-13.431999999999999,-416.6462973685185,5686.8,3410.8,2814.8,2025-06-29 03:00:00+00:00,night,jun_mixed_tail,,,,"Candidate negative-price event. Check high wind, low gas, negative imbalance, and whether surplus conditions were reinforced by system context.",low_wind+negative_imbalance,2025-06-29 01:00:00+00:00,2025-06-29 07:00:00+00:00,2025-06-29T01:00:00Z,2025-06-29T07:00:00Z,5
2025,2025_negative_price_cluster_138,negative_price_cluster,2025-07-04 07:30:00+00:00,2025-07-04 07:30:00+00:00,0.5,1,-11.56,-11.56,-11.56,-195.98087995507885,6631.0,2808.0,5216.0,2025-07-04 07:30:00+00:00,morning_ramp,jul_sep_surplus,,,,"Candidate negative-price event. Check high wind, low gas, negative imbalance, and whether surplus conditions were reinforced by system context.",low_wind+negative_imbalance+higher_interconnector_support,2025-07-04 05:30:00+00:00,2025-07-04 09:30:00+00:00,2025-07-04T05:30:00Z,2025-07-04T09:30:00Z,5
2025,2025_negative_price_cluster_148,negative_price_cluster,2025-07-07 12:00:00+00:00,2025-07-07 12:30:00+00:00,1.0,2,-11.56,-15.0,-13.280000000000001,-176.39438333333334,13133.0,2169.5,2768.0,2025-07-07 12:30:00+00:00,midday,jul_sep_surplus,,,,"Candidate negative-price event. Check high wind, low gas, negative imbalance, and whether surplus conditions were reinforced by system context.",high_wind+negative_imbalance,2025-07-07 10:00:00+00:00,2025-07-07 14:30:00+00:00,2025-07-07T10:00:00Z,2025-07-07T14:30:00Z,5
2025,2025_negative_price_cluster_235,negative_price_cluster,2025-09-16 10:00:00+00:00,2025-09-16 10:00:00+00:00,0.5,1,-11.64,-11.64,-11.64,-305.00263664141414,14332.0,4086.0,2094.0,2025-09-16 10:00:00+00:00,midday,jul_sep_surplus,,,,"Candidate negative-price event. Check high wind, low gas, negative imbalance, and whether surplus conditions were reinforced by system context.",high_wind+negative_imbalance+lower_interconnector_support,2025-09-16 08:00:00+00:00,2025-09-16 12:00:00+00:00,2025-09-16T08:00:00Z,2025-09-16T12:00:00Z,5
2025,2025_negative_price_cluster_91,negative_price_cluster,2025-06-01 15:00:00+00:00,2025-06-01 15:00:00+00:00,0.5,1,-11.7,-11.7,-11.7,-102.74119047619048,11775.0,1879.0,292.0,2025-06-01 15:00:00+00:00,afternoon,jun_mixed_tail,,,,"Candidate negative-price event. Check high wind, low gas, negative imbalance, and whether surplus conditions were reinforced by system context.",high_wind+lower_interconnector_support,2025-06-01 13:00:00+00:00,2025-06-01 17:00:00+00:00,2025-06-01T13:00:00Z,2025-06-01T17:00:00Z,5
2025,2025_negative_price_cluster_60,negative_price_cluster,2025-04-14 06:30:00+00:00,2025-04-14 07:30:00+00:00,1.5,3,-11.82,-11.98,-11.926666666666668,-414.4134406016339,7394.333333333333,7377.666666666667,4222.0,2025-04-14 06:30:00+00:00,morning_ramp,apr_may_surplus_shift,,,,"Candidate negative-price event. Check high wind, low gas, negative imbalance, and whether surplus conditions were reinforced by system context.",low_wind+negative_imbalance,2025-04-14 04:30:00+00:00,2025-04-14 09:30:00+00:00,2025-04-14T04:30:00Z,2025-04-14T09:30:00Z,5
2025,2025_negative_price_cluster_103,negative_price_cluster,2025-06-13 12:30:00+00:00,2025-06-13 12:30:00+00:00,0.5,1,-11.928254182663109,-11.928254182663109,-11.928254182663109,-632.2486764423077,5110.0,3276.0,5382.0,2025-06-13 12:30:00+00:00,midday,jun_mixed_tail,,,,"Candidate negative-price event. Check high wind, low gas, negative imbalance, and whether surplus conditions were reinforced by system context.",low_wind+negative_imbalance+higher_interconnector_support,2025-06-13 10:30:00+00:00,2025-06-13 14:30:00+00:00,2025-06-13T10:30:00Z,2025-06-13T14:30:00Z,5
2025,2025_negative_price_cluster_50,negative_price_cluster,2025-04-02 01:00:00+00:00,2025-04-02 03:30:00+00:00,3.0,6,-12.39,-20.27,-16.56833333333333,-839.9663209520467,11913.333333333334,2686.1666666666665,3552.6666666666665,2025-04-02 03:30:00+00:00,night,apr_may_surplus_shift,,,,"Candidate negative-price event. Check high wind, low gas, negative imbalance, and whether surplus conditions were reinforced by system context.",high_wind+negative_imbalance,2025-04-01 23:00:00+00:00,2025-04-02 05:30:00+00:00,2025-04-01T23:00:00Z,2025-04-02T05:30:00Z,5
2025,2025_negative_price_cluster_52,negative_price_cluster,2025-04-04 12:30:00+00:00,2025-04-04 13:30:00+00:00,1.5,3,-12.39,-16.17,-14.910000000000002,-606.4890176755476,10307.333333333334,1610.3333333333333,3376.0,2025-04-04 12:30:00+00:00,midday,apr_may_surplus_shift,,,,"Candidate negative-price event. Check high wind, low gas, negative imbalance, and whether surplus conditions were reinforced by system context.",high_wind+negative_imbalance,2025-04-04 10:30:00+00:00,2025-04-04 15:30:00+00:00,2025-04-04T10:30:00Z,2025-04-04T15:30:00Z,5
2025,2025_negative_price_cluster_252,negative_price_cluster,2025-10-04 19:00:00+00:00,2025-10-04 20:30:00+00:00,2.0,4,-13.66,-16.88,-15.267499999999998,-269.703767022583,15867.0,4108.5,840.5,2025-10-04 19:00:00+00:00,evening_peak,oct_mixed_transition,,,,"Candidate negative-price event. Check high wind, low gas, negative imbalance, and whether surplus conditions were reinforced by system context.",high_wind+negative_imbalance+lower_interconnector_support,2025-10-04 17:00:00+00:00,2025-10-04 22:30:00+00:00,2025-10-04T17:00:00Z,2025-10-04T22:30:00Z,5
2025,2025_negative_price_cluster_219,negative_price_cluster,2025-09-11 19:30:00+00:00,2025-09-11 19:30:00+00:00,0.5,1,-13.98,-13.98,-13.98,-319.67150187777776,13343.0,4931.0,3354.0,2025-09-11 19:30:00+00:00,evening_peak,jul_sep_surplus,,,,"Candidate negative-price event. Check high wind, low gas, negative imbalance, and whether surplus conditions were reinforced by system context.",high_wind+negative_imbalance,2025-09-11 17:30:00+00:00,2025-09-11 21:30:00+00:00,2025-09-11T17:30:00Z,2025-09-11T21:30:00Z,5
2025,2025_negative_price_cluster_121,negative_price_cluster,2025-06-24 10:00:00+00:00,2025-06-24 12:30:00+00:00,3.0,6,-14.006945296312669,-43.79,-28.696157549385443,-519.7772599012183,12402.5,1765.0,2891.0,2025-06-24 10:00:00+00:00,midday,jun_mixed_tail,,,,"Candidate negative-price event. Check high wind, low gas, negative imbalance, and whether surplus conditions were reinforced by system context.",high_wind+negative_imbalance,2025-06-24 08:00:00+00:00,2025-06-24 14:30:00+00:00,2025-06-24T08:00:00Z,2025-06-24T14:30:00Z,5
2025,2025_negative_price_cluster_118,negative_price_cluster,2025-06-23 14:00:00+00:00,2025-06-23 14:30:00+00:00,1.0,2,-14.015142992020316,-16.03,-15.022571496010158,-333.7925195567271,11974.0,1968.5,-266.0,2025-06-23 14:30:00+00:00,afternoon,jun_mixed_tail,,,,"Candidate negative-price event. Check high wind, low gas, negative imbalance, and whether surplus conditions were reinforced by system context.",high_wind+negative_imbalance+lower_interconnector_support,2025-06-23 12:00:00+00:00,2025-06-23 16:30:00+00:00,2025-06-23T12:00:00Z,2025-06-23T16:30:00Z,5
2025,2025_negative_price_cluster_57,negative_price_cluster,2025-04-06 13:00:00+00:00,2025-04-06 15:00:00+00:00,2.5,5,-14.33,-43.79,-32.936,-187.61453447753473,4681.8,2544.2,5261.6,2025-04-06 13:00:00+00:00,midday,apr_may_surplus_shift,,,,"Candidate negative-price event. Check high wind, low gas, negative imbalance, and whether surplus conditions were reinforced by system context.",low_wind+negative_imbalance+higher_interconnector_support,2025-04-06 11:00:00+00:00,2025-04-06 17:00:00+00:00,2025-04-06T11:00:00Z,2025-04-06T17:00:00Z,5
2025,2025_negative_price_cluster_184,negative_price_cluster,2025-08-30 13:30:00+00:00,2025-08-30 13:30:00+00:00,0.5,1,-14.49,-14.49,-14.49,-744.1356938888889,10643.0,2100.0,4146.0,2025-08-30 13:30:00+00:00,midday,jul_sep_surplus,,,,"Candidate negative-price event. Check high wind, low gas, negative imbalance, and whether surplus conditions were reinforced by system context.",high_wind+negative_imbalance,2025-08-30 11:30:00+00:00,2025-08-30 15:30:00+00:00,2025-08-30T11:30:00Z,2025-08-30T15:30:00Z,5
2025,2025_negative_price_cluster_151,negative_price_cluster,2025-07-13 11:30:00+00:00,2025-07-13 12:00:00+00:00,1.0,2,-14.9904,-15.15,-15.0702,-332.56573145833335,1908.5,1753.0,6513.0,2025-07-13 11:30:00+00:00,midday,jul_sep_surplus,,,,"Candidate negative-price event. Check high wind, low gas, negative imbalance, and whether surplus conditions were reinforced by system context.",very_low_wind+negative_imbalance+higher_interconnector_support,2025-07-13 09:30:00+00:00,2025-07-13 14:00:00+00:00,2025-07-13T09:30:00Z,2025-07-13T14:00:00Z,5
2025,2025_negative_price_cluster_283,negative_price_cluster,2025-11-03 15:30:00+00:00,2025-11-03 15:30:00+00:00,0.5,1,-15.0,-15.0,-15.0,-386.4872232852322,15482.0,4737.0,3064.0,2025-11-03 15:30:00+00:00,afternoon,nov_dec_quiet,,,,"Candidate negative-price event. Check high wind, low gas, negative imbalance, and whether surplus conditions were reinforced by system context.",high_wind+negative_imbalance,2025-11-03 13:30:00+00:00,2025-11-03 17:30:00+00:00,2025-11-03T13:30:00Z,2025-11-03T17:30:00Z,5
2025,2025_negative_price_cluster_114,negative_price_cluster,2025-06-22 23:30:00+00:00,2025-06-22 23:30:00+00:00,0.5,1,-15.62,-15.62,-15.62,-262.7436882902234,25158.0,5878.0,-924.0,2025-06-22 23:30:00+00:00,late_evening,jun_mixed_tail,,,,"Candidate negative-price event. Check high wind, low gas, negative imbalance, and whether surplus conditions were reinforced by system context.",high_wind+negative_imbalance+lower_interconnector_support,2025-06-22 21:30:00+00:00,2025-06-23 01:30:00+00:00,2025-06-22T21:30:00Z,2025-06-23T01:30:00Z,5
2025,2025_negative_price_cluster_66,negative_price_cluster,2025-04-28 09:30:00+00:00,2025-04-28 09:30:00+00:00,0.5,1,-15.74,-15.74,-15.74,-201.7497384861686,4340.0,5940.0,5662.0,2025-04-28 09:30:00+00:00,morning_ramp,apr_may_surplus_shift,,,,"Candidate negative-price event. Check high wind, low gas, negative imbalance, and whether surplus conditions were reinforced by system context.",low_wind+negative_imbalance+higher_interconnector_support,2025-04-28 07:30:00+00:00,2025-04-28 11:30:00+00:00,2025-04-28T07:30:00Z,2025-04-28T11:30:00Z,5
2025,2025_negative_price_cluster_153,negative_price_cluster,2025-07-15 13:30:00+00:00,2025-07-15 13:30:00+00:00,0.5,1,-15.91,-15.91,-15.91,-765.6450286030171,10335.0,1750.0,6342.0,2025-07-15 13:30:00+00:00,midday,jul_sep_surplus,,,,"Candidate negative-price event. Check high wind, low gas, negative imbalance, and whether surplus conditions were reinforced by system context.",high_wind+negative_imbalance+higher_interconnector_support,2025-07-15 11:30:00+00:00,2025-07-15 15:30:00+00:00,2025-07-15T11:30:00Z,2025-07-15T15:30:00Z,5
2025,2025_negative_price_cluster_75,negative_price_cluster,2025-05-25 02:00:00+00:00,2025-05-25 03:30:00+00:00,2.0,4,-15.93,-15.93,-15.93,-169.46747899305552,11962.25,2631.75,-4743.5,2025-05-25 02:00:00+00:00,night,apr_may_surplus_shift,,,,"Candidate negative-price event. Check high wind, low gas, negative imbalance, and whether surplus conditions were reinforced by system context.",high_wind+negative_imbalance+lower_interconnector_support,2025-05-25 00:00:00+00:00,2025-05-25 05:30:00+00:00,2025-05-25T00:00:00Z,2025-05-25T05:30:00Z,5
2025,2025_negative_price_cluster_84,negative_price_cluster,2025-05-26 14:00:00+00:00,2025-05-26 14:30:00+00:00,1.0,2,-15.93,-15.93,-15.93,-168.18008884093916,13838.0,2411.5,-832.0,2025-05-26 14:00:00+00:00,afternoon,apr_may_surplus_shift,,,,"Candidate negative-price event. Check high wind, low gas, negative imbalance, and whether surplus conditions were reinforced by system context.",high_wind+negative_imbalance+lower_interconnector_support,2025-05-26 12:00:00+00:00,2025-05-26 16:30:00+00:00,2025-05-26T12:00:00Z,2025-05-26T16:30:00Z,5
2025,2025_negative_price_cluster_152,negative_price_cluster,2025-07-14 14:00:00+00:00,2025-07-14 14:30:00+00:00,1.0,2,-16.01,-29.44,-22.725,-242.02346452660765,11409.0,2335.0,3328.0,2025-07-14 14:30:00+00:00,afternoon,jul_sep_surplus,,,,"Candidate negative-price event. Check high wind, low gas, negative imbalance, and whether surplus conditions were reinforced by system context.",high_wind+negative_imbalance,2025-07-14 12:00:00+00:00,2025-07-14 16:30:00+00:00,2025-07-14T12:00:00Z,2025-07-14T16:30:00Z,5
2025,2025_negative_price_cluster_119,negative_price_cluster,2025-06-23 15:30:00+00:00,2025-06-23 16:00:00+00:00,1.0,2,-16.03,-25.0,-20.515,-504.49909703654447,12141.0,2948.5,1464.0,2025-06-23 15:30:00+00:00,afternoon,jun_mixed_tail,,,,"Candidate negative-price event. Check high wind, low gas, negative imbalance, and whether surplus conditions were reinforced by system context.",high_wind+negative_imbalance+lower_interconnector_support,2025-06-23 13:30:00+00:00,2025-06-23 18:00:00+00:00,2025-06-23T13:30:00Z,2025-06-23T18:00:00Z,5
2025,2025_negative_price_cluster_140,negative_price_cluster,2025-07-04 14:30:00+00:00,2025-07-04 14:30:00+00:00,0.5,1,-16.2,-16.2,-16.2,-165.13045828149922,11904.0,2308.0,-1610.0,2025-07-04 14:30:00+00:00,afternoon,jul_sep_surplus,,,,"Candidate negative-price event. Check high wind, low gas, negative imbalance, and whether surplus conditions were reinforced by system context.",high_wind+negative_imbalance+lower_interconnector_support,2025-07-04 12:30:00+00:00,2025-07-04 16:30:00+00:00,2025-07-04T12:30:00Z,2025-07-04T16:30:00Z,5
2025,2025_negative_price_cluster_143,negative_price_cluster,2025-07-05 06:00:00+00:00,2025-07-05 10:00:00+00:00,4.5,9,-16.2,-30.0,-25.327777777777776,-558.0125376423243,12806.333333333334,2635.8888888888887,-610.2222222222222,2025-07-05 06:00:00+00:00,morning_ramp,jul_sep_surplus,,,,"Candidate negative-price event. Check high wind, low gas, negative imbalance, and whether surplus conditions were reinforced by system context.",high_wind+negative_imbalance+lower_interconnector_support,2025-07-05 04:00:00+00:00,2025-07-05 12:00:00+00:00,2025-07-05T04:00:00Z,2025-07-05T12:00:00Z,5
2025,2025_negative_price_cluster_145,negative_price_cluster,2025-07-05 13:00:00+00:00,2025-07-05 16:00:00+00:00,3.5,7,-16.2,-73.91,-39.87714285714286,-741.2239147330786,10825.57142857143,2577.714285714286,1673.4285714285713,2025-07-05 13:00:00+00:00,midday,jul_sep_surplus,,,,"Candidate negative-price event. Check high wind, low gas, negative imbalance, and whether surplus conditions were reinforced by system context.",high_wind+negative_imbalance+lower_interconnector_support,2025-07-05 11:00:00+00:00,2025-07-05 18:00:00+00:00,2025-07-05T11:00:00Z,2025-07-05T18:00:00Z,5
2025,2025_negative_price_cluster_146,negative_price_cluster,2025-07-05 18:00:00+00:00,2025-07-05 18:00:00+00:00,0.5,1,-16.2,-16.2,-16.2,-599.059191474359,10730.0,3631.0,3034.0,2025-07-05 18:00:00+00:00,evening_peak,jul_sep_surplus,,,,"Candidate negative-price event. Check high wind, low gas, negative imbalance, and whether surplus conditions were reinforced by system context.",high_wind+negative_imbalance,2025-07-05 16:00:00+00:00,2025-07-05 20:00:00+00:00,2025-07-05T16:00:00Z,2025-07-05T20:00:00Z,5
2025,2025_negative_price_cluster_122,negative_price_cluster,2025-06-24 14:00:00+00:00,2025-06-24 14:00:00+00:00,0.5,1,-16.24,-16.24,-16.24,-234.77083472222225,12605.0,1839.0,2032.0,2025-06-24 14:00:00+00:00,afternoon,jun_mixed_tail,,,,"Candidate negative-price event. Check high wind, low gas, negative imbalance, and whether surplus conditions were reinforced by system context.",high_wind+negative_imbalance+lower_interconnector_support,2025-06-24 12:00:00+00:00,2025-06-24 16:00:00+00:00,2025-06-24T12:00:00Z,2025-06-24T16:00:00Z,5
2025,2025_negative_price_cluster_127,negative_price_cluster,2025-06-27 12:00:00+00:00,2025-06-27 13:30:00+00:00,2.0,4,-16.24,-16.24,-16.24,-322.39600812852257,11356.25,2534.75,-536.0,2025-06-27 12:00:00+00:00,midday,jun_mixed_tail,,,,"Candidate negative-price event. Check high wind, low gas, negative imbalance, and whether surplus conditions were reinforced by system context.",high_wind+negative_imbalance+lower_interconnector_support,2025-06-27 10:00:00+00:00,2025-06-27 15:30:00+00:00,2025-06-27T10:00:00Z,2025-06-27T15:30:00Z,5
2025,2025_negative_price_cluster_132,negative_price_cluster,2025-06-28 01:30:00+00:00,2025-06-28 02:30:00+00:00,1.5,3,-16.24,-16.24,-16.24,-166.43387565629976,12546.666666666666,3528.0,-3238.6666666666665,2025-06-28 01:30:00+00:00,night,jun_mixed_tail,,,,"Candidate negative-price event. Check high wind, low gas, negative imbalance, and whether surplus conditions were reinforced by system context.",high_wind+negative_imbalance+lower_interconnector_support,2025-06-27 23:30:00+00:00,2025-06-28 04:30:00+00:00,2025-06-27T23:30:00Z,2025-06-28T04:30:00Z,5
2025,2025_negative_price_cluster_134,negative_price_cluster,2025-06-28 19:00:00+00:00,2025-06-28 19:30:00+00:00,1.0,2,-16.24,-16.24,-16.24,-512.6701470346223,9460.0,6934.5,700.0,2025-06-28 19:00:00+00:00,evening_peak,jun_mixed_tail,,,,"Candidate negative-price event. Check high wind, low gas, negative imbalance, and whether surplus conditions were reinforced by system context.",negative_imbalance+lower_interconnector_support,2025-06-28 17:00:00+00:00,2025-06-28 21:30:00+00:00,2025-06-28T17:00:00Z,2025-06-28T21:30:00Z,5
2025,2025_negative_price_cluster_251,negative_price_cluster,2025-10-04 17:00:00+00:00,2025-10-04 17:00:00+00:00,0.5,1,-17.181807251000624,-17.181807251000624,-17.181807251000624,-440.2441763888889,16492.0,3277.0,1950.0,2025-10-04 17:00:00+00:00,evening_peak,oct_mixed_transition,,,,"Candidate negative-price event. Check high wind, low gas, negative imbalance, and whether surplus conditions were reinforced by system context.",high_wind+negative_imbalance+lower_interconnector_support,2025-10-04 15:00:00+00:00,2025-10-04 19:00:00+00:00,2025-10-04T15:00:00Z,2025-10-04T19:00:00Z,5
2025,2025_negative_price_cluster_181,negative_price_cluster,2025-08-25 13:30:00+00:00,2025-08-25 14:30:00+00:00,1.5,3,-17.25,-17.25,-17.25,-609.5361806729173,7758.666666666667,2105.6666666666665,1985.3333333333333,2025-08-25 13:30:00+00:00,midday,jul_sep_surplus,,,,"Candidate negative-price event. Check high wind, low gas, negative imbalance, and whether surplus conditions were reinforced by system context.",low_wind+negative_imbalance+lower_interconnector_support,2025-08-25 11:30:00+00:00,2025-08-25 16:30:00+00:00,2025-08-25T11:30:00Z,2025-08-25T16:30:00Z,5
2025,2025_negative_price_cluster_204,negative_price_cluster,2025-09-07 07:00:00+00:00,2025-09-07 07:00:00+00:00,0.5,1,-17.31,-17.31,-17.31,-364.1858516965812,12952.0,3352.0,-16.0,2025-09-07 07:00:00+00:00,morning_ramp,jul_sep_surplus,,,,"Candidate negative-price event. Check high wind, low gas, negative imbalance, and whether surplus conditions were reinforced by system context.",high_wind+negative_imbalance+lower_interconnector_support,2025-09-07 05:00:00+00:00,2025-09-07 09:00:00+00:00,2025-09-07T05:00:00Z,2025-09-07T09:00:00Z,5
2025,2025_negative_price_cluster_205,negative_price_cluster,2025-09-07 08:30:00+00:00,2025-09-07 08:30:00+00:00,0.5,1,-17.31,-17.31,-17.31,-470.9571445004669,11904.0,2875.0,2606.0,2025-09-07 08:30:00+00:00,morning_ramp,jul_sep_surplus,,,,"Candidate negative-price event. Check high wind, low gas, negative imbalance, and whether surplus conditions were reinforced by system context.",high_wind+negative_imbalance,2025-09-07 06:30:00+00:00,2025-09-07 10:30:00+00:00,2025-09-07T06:30:00Z,2025-09-07T10:30:00Z,5
2025,2025_negative_price_cluster_182,negative_price_cluster,2025-08-27 14:00:00+00:00,2025-08-27 14:00:00+00:00,0.5,1,-17.32,-17.32,-17.32,-718.300013203787,11529.0,3005.0,3914.0,2025-08-27 14:00:00+00:00,afternoon,jul_sep_surplus,,,,"Candidate negative-price event. Check high wind, low gas, negative imbalance, and whether surplus conditions were reinforced by system context.",high_wind+negative_imbalance,2025-08-27 12:00:00+00:00,2025-08-27 16:00:00+00:00,2025-08-27T12:00:00Z,2025-08-27T16:00:00Z,5
2025,2025_negative_price_cluster_185,negative_price_cluster,2025-08-30 14:30:00+00:00,2025-08-30 15:00:00+00:00,1.0,2,-17.32,-17.32,-17.32,-470.5538657716595,13773.5,2059.5,2457.0,2025-08-30 14:30:00+00:00,afternoon,jul_sep_surplus,,,,"Candidate negative-price event. Check high wind, low gas, negative imbalance, and whether surplus conditions were reinforced by system context.",high_wind+negative_imbalance+lower_interconnector_support,2025-08-30 12:30:00+00:00,2025-08-30 17:00:00+00:00,2025-08-30T12:30:00Z,2025-08-30T17:00:00Z,5
2025,2025_negative_price_cluster_189,negative_price_cluster,2025-08-31 00:30:00+00:00,2025-08-31 00:30:00+00:00,0.5,1,-17.32,-17.32,-17.32,-500.59640277777777,14279.0,3408.0,-3822.0,2025-08-31 00:30:00+00:00,night,jul_sep_surplus,,,,"Candidate negative-price event. Check high wind, low gas, negative imbalance, and whether surplus conditions were reinforced by system context.",high_wind+negative_imbalance+lower_interconnector_support,2025-08-30 22:30:00+00:00,2025-08-31 02:30:00+00:00,2025-08-30T22:30:00Z,2025-08-31T02:30:00Z,5
2025,2025_negative_price_cluster_197,negative_price_cluster,2025-09-01 13:00:00+00:00,2025-09-01 13:30:00+00:00,1.0,2,-17.32,-17.32,-17.32,-326.36610920190134,14747.5,2550.0,2714.0,2025-09-01 13:00:00+00:00,midday,jul_sep_surplus,,,,"Candidate negative-price event. Check high wind, low gas, negative imbalance, and whether surplus conditions were reinforced by system context.",high_wind+negative_imbalance,2025-09-01 11:00:00+00:00,2025-09-01 15:30:00+00:00,2025-09-01T11:00:00Z,2025-09-01T15:30:00Z,5
2025,2025_negative_price_cluster_208,negative_price_cluster,2025-09-09 22:00:00+00:00,2025-09-09 22:00:00+00:00,0.5,1,-17.48,-17.48,-17.48,-683.4299983738277,11546.0,3585.0,3358.0,2025-09-09 22:00:00+00:00,late_evening,jul_sep_surplus,,,,"Candidate negative-price event. Check high wind, low gas, negative imbalance, and whether surplus conditions were reinforced by system context.",high_wind+negative_imbalance,2025-09-09 20:00:00+00:00,2025-09-10 00:00:00+00:00,2025-09-09T20:00:00Z,2025-09-10T00:00:00Z,5
2025,2025_negative_price_cluster_210,negative_price_cluster,2025-09-10 13:00:00+00:00,2025-09-10 13:00:00+00:00,0.5,1,-17.48,-17.48,-17.48,-412.9451388888889,15137.0,2463.0,3236.0,2025-09-10 13:00:00+00:00,midday,jul_sep_surplus,,,,"Candidate negative-price event. Check high wind, low gas, negative imbalance, and whether surplus conditions were reinforced by system context.",high_wind+negative_imbalance,2025-09-10 11:00:00+00:00,2025-09-10 15:00:00+00:00,2025-09-10T11:00:00Z,2025-09-10T15:00:00Z,5
2025,2025_negative_price_cluster_213,negative_price_cluster,2025-09-10 21:30:00+00:00,2025-09-10 22:00:00+00:00,1.0,2,-17.48,-17.48,-17.48,-211.05043064293847,14812.5,3401.0,1295.0,2025-09-10 21:30:00+00:00,late_evening,jul_sep_surplus,,,,"Candidate negative-price event. Check high wind, low gas, negative imbalance, and whether surplus conditions were reinforced by system context.",high_wind+negative_imbalance+lower_interconnector_support,2025-09-10 19:30:00+00:00,2025-09-11 00:00:00+00:00,2025-09-10T19:30:00Z,2025-09-11T00:00:00Z,5
2025,2025_negative_price_cluster_249,negative_price_cluster,2025-10-04 13:30:00+00:00,2025-10-04 13:30:00+00:00,0.5,1,-18.38,-18.38,-18.38,-750.4111808333333,14208.0,2766.0,1368.0,2025-10-04 13:30:00+00:00,midday,oct_mixed_transition,,,,"Candidate negative-price event. Check high wind, low gas, negative imbalance, and whether surplus conditions were reinforced by system context.",high_wind+negative_imbalance+lower_interconnector_support,2025-10-04 11:30:00+00:00,2025-10-04 15:30:00+00:00,2025-10-04T11:30:00Z,2025-10-04T15:30:00Z,5
2025,2025_negative_price_cluster_104,negative_price_cluster,2025-06-14 11:30:00+00:00,2025-06-14 12:30:00+00:00,1.5,3,-18.989866666666668,-20.85,-19.62333333333333,-200.19627598981901,7885.333333333333,2339.6666666666665,2355.3333333333335,2025-06-14 11:30:00+00:00,midday,jun_mixed_tail,,,,"Candidate negative-price event. Check high wind, low gas, negative imbalance, and whether surplus conditions were reinforced by system context.",low_wind+negative_imbalance+lower_interconnector_support,2025-06-14 09:30:00+00:00,2025-06-14 14:30:00+00:00,2025-06-14T09:30:00Z,2025-06-14T14:30:00Z,5
2025,2025_negative_price_cluster_51,negative_price_cluster,2025-04-02 10:30:00+00:00,2025-04-02 14:30:00+00:00,4.5,9,-20.0,-65.33,-38.31112211221122,-596.4902954603499,10851.333333333334,1815.2222222222222,2960.6666666666665,2025-04-02 14:30:00+00:00,afternoon,apr_may_surplus_shift,,,,"Candidate negative-price event. Check high wind, low gas, negative imbalance, and whether surplus conditions were reinforced by system context.",high_wind+negative_imbalance,2025-04-02 08:30:00+00:00,2025-04-02 16:30:00+00:00,2025-04-02T08:30:00Z,2025-04-02T16:30:00Z,5
2025,2025_negative_price_cluster_159,negative_price_cluster,2025-08-04 08:00:00+00:00,2025-08-04 08:30:00+00:00,1.0,2,-20.4,-30.0,-25.2,-758.9232416203704,12306.0,5883.0,2085.0,2025-08-04 08:00:00+00:00,morning_ramp,jul_sep_surplus,,,,"Candidate negative-price event. Check high wind, low gas, negative imbalance, and whether surplus conditions were reinforced by system context.",high_wind+negative_imbalance+lower_interconnector_support,2025-08-04 06:00:00+00:00,2025-08-04 10:30:00+00:00,2025-08-04T06:00:00Z,2025-08-04T10:30:00Z,5
2025,2025_negative_price_cluster_149,negative_price_cluster,2025-07-07 13:30:00+00:00,2025-07-07 14:30:00+00:00,1.5,3,-28.79,-33.14,-31.080000000000002,-306.06915276957704,11984.333333333334,2217.3333333333335,2794.0,2025-07-07 14:30:00+00:00,afternoon,jul_sep_surplus,,,,"Candidate negative-price event. Check high wind, low gas, negative imbalance, and whether surplus conditions were reinforced by system context.",high_wind+negative_imbalance,2025-07-07 11:30:00+00:00,2025-07-07 16:30:00+00:00,2025-07-07T11:30:00Z,2025-07-07T16:30:00Z,5
2025,2025_negative_price_cluster_23,negative_price_cluster,2025-02-22 15:30:00+00:00,2025-02-22 15:30:00+00:00,0.5,1,-30.83,-30.83,-30.83,-1242.9489201943518,8662.0,4210.0,5578.0,2025-02-22 15:30:00+00:00,afternoon,feb_mar_broad_stress,,,,"Candidate negative-price event. Check high wind, low gas, negative imbalance, and whether surplus conditions were reinforced by system context.",negative_imbalance+higher_interconnector_support,2025-02-22 13:30:00+00:00,2025-02-22 17:30:00+00:00,2025-02-22T13:30:00Z,2025-02-22T17:30:00Z,5
2025,2025_negative_price_cluster_207,negative_price_cluster,2025-09-09 20:30:00+00:00,2025-09-09 21:00:00+00:00,1.0,2,-43.72,-52.18,-47.95,-1060.961935486111,11364.5,8014.0,2048.0,2025-09-09 20:30:00+00:00,late_evening,jul_sep_surplus,,,,"Candidate negative-price event. Check high wind, low gas, negative imbalance, and whether surplus conditions were reinforced by system context.",high_wind+negative_imbalance+lower_interconnector_support,2025-09-09 18:30:00+00:00,2025-09-09 23:00:00+00:00,2025-09-09T18:30:00Z,2025-09-09T23:00:00Z,5
2025,2025_large_downward_reversal_374,large_downward_reversal,2025-01-08 18:30:00+00:00,2025-01-08 19:00:00+00:00,0.5,1,2900.0,115.49,115.49,-182.45777777777775,2460.0,24335.0,4482.0,2025-01-08 18:30:00+00:00,evening_peak,jan_spike_stress,2900.0,115.49,-2784.51,Price moved from 2900.0 to 115.49 in one settlement period. Check whether scarcity conditions reversed or surplus conditions emerged.,sudden_price_movement_check_internal_and_external_context,2025-01-08 16:30:00+00:00,2025-01-08 21:00:00+00:00,2025-01-08T16:30:00Z,2025-01-08T21:00:00Z,6
2025,2025_large_downward_reversal_363,large_downward_reversal,2025-01-08 13:00:00+00:00,2025-01-08 13:30:00+00:00,0.5,1,1950.0,162.0,162.0,-38.23277777777778,3048.0,24397.0,4072.0,2025-01-08 13:00:00+00:00,midday,jan_spike_stress,1950.0,162.0,-1788.0,Price moved from 1950.0 to 162.0 in one settlement period. Check whether scarcity conditions reversed or surplus conditions emerged.,sudden_price_movement_check_internal_and_external_context,2025-01-08 11:00:00+00:00,2025-01-08 15:30:00+00:00,2025-01-08T11:00:00Z,2025-01-08T15:30:00Z,6
2025,2025_large_downward_reversal_947,large_downward_reversal,2025-01-20 17:00:00+00:00,2025-01-20 17:30:00+00:00,0.5,1,678.4771340408087,525.0,525.0,122.54060317460318,2319.0,27049.0,1574.0,2025-01-20 17:00:00+00:00,evening_peak,jan_spike_stress,678.4771340408087,525.0,-153.47713404080866,Price moved from 678.4771340408087 to 525.0 in one settlement period. Check whether scarcity conditions reversed or surplus conditions emerged.,sudden_price_movement_check_internal_and_external_context,2025-01-20 15:00:00+00:00,2025-01-20 19:30:00+00:00,2025-01-20T15:00:00Z,2025-01-20T19:30:00Z,6
2025,2025_large_downward_reversal_376,large_downward_reversal,2025-01-08 19:30:00+00:00,2025-01-08 20:00:00+00:00,0.5,1,600.0,112.0,112.0,-104.01255399633123,2390.0,23684.0,4104.0,2025-01-08 19:30:00+00:00,late_evening,jan_spike_stress,600.0,112.0,-488.0,Price moved from 600.0 to 112.0 in one settlement period. Check whether scarcity conditions reversed or surplus conditions emerged.,sudden_price_movement_check_internal_and_external_context,2025-01-08 17:30:00+00:00,2025-01-08 22:00:00+00:00,2025-01-08T17:30:00Z,2025-01-08T22:00:00Z,6
2025,2025_large_downward_reversal_948,large_downward_reversal,2025-01-20 17:30:00+00:00,2025-01-20 18:00:00+00:00,0.5,1,525.0,87.9,87.9,-95.81071428571428,2579.0,26756.0,2538.0,2025-01-20 17:30:00+00:00,evening_peak,jan_spike_stress,525.0,87.9,-437.1,Price moved from 525.0 to 87.9 in one settlement period. Check whether scarcity conditions reversed or surplus conditions emerged.,sudden_price_movement_check_internal_and_external_context,2025-01-20 15:30:00+00:00,2025-01-20 20:00:00+00:00,2025-01-20T15:30:00Z,2025-01-20T20:00:00Z,6
2025,2025_large_downward_reversal_13704,large_downward_reversal,2025-10-13 11:30:00+00:00,2025-10-13 12:00:00+00:00,0.5,1,487.0,290.0,290.0,33.943333743961354,1049.0,21603.0,3746.0,2025-10-13 11:30:00+00:00,midday,oct_mixed_transition,487.0,290.0,-197.0,Price moved from 487.0 to 290.0 in one settlement period. Check whether scarcity conditions reversed or surplus conditions emerged.,sudden_price_movement_check_internal_and_external_context,2025-10-13 09:30:00+00:00,2025-10-13 14:00:00+00:00,2025-10-13T09:30:00Z,2025-10-13T14:00:00Z,6
2025,2025_large_downward_reversal_1023,large_downward_reversal,2025-01-22 07:00:00+00:00,2025-01-22 07:30:00+00:00,0.5,1,450.0,199.06967762034068,199.06967762034068,3.402314861111111,107.0,26807.0,2542.0,2025-01-22 07:00:00+00:00,morning_ramp,jan_spike_stress,450.0,199.06967762034068,-250.93032237965932,Price moved from 450.0 to 199.06967762034068 in one settlement period. Check whether scarcity conditions reversed or surplus conditions emerged.,sudden_price_movement_check_internal_and_external_context,2025-01-22 05:00:00+00:00,2025-01-22 09:30:00+00:00,2025-01-22T05:00:00Z,2025-01-22T09:30:00Z,6
2025,2025_large_downward_reversal_927,large_downward_reversal,2025-01-20 07:00:00+00:00,2025-01-20 07:30:00+00:00,0.5,1,304.2,129.56882245592752,129.56882245592752,-87.4163105205923,2208.0,26444.0,552.0,2025-01-20 07:00:00+00:00,morning_ramp,jan_spike_stress,304.2,129.56882245592752,-174.63117754407247,Price moved from 304.2 to 129.56882245592752 in one settlement period. Check whether scarcity conditions reversed or surplus conditions emerged.,sudden_price_movement_check_internal_and_external_context,2025-01-20 05:00:00+00:00,2025-01-20 09:30:00+00:00,2025-01-20T05:00:00Z,2025-01-20T09:30:00Z,6
2025,2025_large_downward_reversal_13763,large_downward_reversal,2025-10-14 17:00:00+00:00,2025-10-14 17:30:00+00:00,0.5,1,300.0,90.0,90.0,1.0075396825396823,3680.0,22339.0,2006.0,2025-10-14 17:00:00+00:00,evening_peak,oct_mixed_transition,300.0,90.0,-210.0,Price moved from 300.0 to 90.0 in one settlement period. Check whether scarcity conditions reversed or surplus conditions emerged.,sudden_price_movement_check_internal_and_external_context,2025-10-14 15:00:00+00:00,2025-10-14 19:30:00+00:00,2025-10-14T15:00:00Z,2025-10-14T19:30:00Z,6
2025,2025_large_downward_reversal_8680,large_downward_reversal,2025-06-30 19:30:00+00:00,2025-06-30 20:00:00+00:00,0.5,1,295.63,76.3,76.3,-60.4929917751924,7662.0,13939.0,384.0,2025-06-30 19:30:00+00:00,late_evening,jun_mixed_tail,295.63,76.3,-219.32999999999998,Price moved from 295.63 to 76.3 in one settlement period. Check whether scarcity conditions reversed or surplus conditions emerged.,sudden_price_movement_check_internal_and_external_context,2025-06-30 17:30:00+00:00,2025-06-30 22:00:00+00:00,2025-06-30T17:30:00Z,2025-06-30T22:00:00Z,6
2025,2025_large_downward_reversal_13705,large_downward_reversal,2025-10-13 12:00:00+00:00,2025-10-13 12:30:00+00:00,0.5,1,290.0,95.0,95.0,-80.15118422979798,985.0,21382.0,3784.0,2025-10-13 12:00:00+00:00,midday,oct_mixed_transition,290.0,95.0,-195.0,Price moved from 290.0 to 95.0 in one settlement period. Check whether scarcity conditions reversed or surplus conditions emerged.,sudden_price_movement_check_internal_and_external_context,2025-10-13 10:00:00+00:00,2025-10-13 14:30:00+00:00,2025-10-13T10:00:00Z,2025-10-13T14:30:00Z,6
2025,2025_large_downward_reversal_13716,large_downward_reversal,2025-10-13 17:30:00+00:00,2025-10-13 18:00:00+00:00,0.5,1,282.16,177.11,177.11,204.74887222222225,916.0,22853.0,3268.0,2025-10-13 17:30:00+00:00,evening_peak,oct_mixed_transition,282.16,177.11,-105.05000000000001,Price moved from 282.16 to 177.11 in one settlement period. Check whether scarcity conditions reversed or surplus conditions emerged.,sudden_price_movement_check_internal_and_external_context,2025-10-13 15:30:00+00:00,2025-10-13 20:00:00+00:00,2025-10-13T15:30:00Z,2025-10-13T20:00:00Z,6
2025,2025_large_downward_reversal_951,large_downward_reversal,2025-01-20 19:00:00+00:00,2025-01-20 19:30:00+00:00,0.5,1,278.50004838553593,88.05,88.05,-24.54252809640741,2989.0,25380.0,2592.0,2025-01-20 19:00:00+00:00,evening_peak,jan_spike_stress,278.50004838553593,88.05,-190.45004838553592,Price moved from 278.50004838553593 to 88.05 in one settlement period. Check whether scarcity conditions reversed or surplus conditions emerged.,sudden_price_movement_check_internal_and_external_context,2025-01-20 17:00:00+00:00,2025-01-20 21:30:00+00:00,2025-01-20T17:00:00Z,2025-01-20T21:30:00Z,6
2025,2025_large_downward_reversal_13808,large_downward_reversal,2025-10-15 15:30:00+00:00,2025-10-15 16:00:00+00:00,0.5,1,264.0,153.41,153.41,106.5555554239766,2498.0,20152.0,2752.0,2025-10-15 15:30:00+00:00,evening_peak,oct_mixed_transition,264.0,153.41,-110.59,Price moved from 264.0 to 153.41 in one settlement period. Check whether scarcity conditions reversed or surplus conditions emerged.,sudden_price_movement_check_internal_and_external_context,2025-10-15 13:30:00+00:00,2025-10-15 18:00:00+00:00,2025-10-15T13:30:00Z,2025-10-15T18:00:00Z,6
2025,2025_large_downward_reversal_379,large_downward_reversal,2025-01-08 21:00:00+00:00,2025-01-08 21:30:00+00:00,0.5,1,250.0,142.0,142.0,6.148333333333333,2250.0,21565.0,4040.0,2025-01-08 21:00:00+00:00,late_evening,jan_spike_stress,250.0,142.0,-108.0,Price moved from 250.0 to 142.0 in one settlement period. Check whether scarcity conditions reversed or surplus conditions emerged.,sudden_price_movement_check_internal_and_external_context,2025-01-08 19:00:00+00:00,2025-01-08 23:30:00+00:00,2025-01-08T19:00:00Z,2025-01-08T23:30:00Z,6
2025,2025_large_downward_reversal_14148,large_downward_reversal,2025-10-22 17:30:00+00:00,2025-10-22 18:00:00+00:00,0.5,1,250.0,76.41,76.41,-407.0212178046595,1816.0,20089.0,4596.0,2025-10-22 17:30:00+00:00,evening_peak,oct_mixed_transition,250.0,76.41,-173.59,Price moved from 250.0 to 76.41 in one settlement period. Check whether scarcity conditions reversed or surplus conditions emerged.,sudden_price_movement_check_internal_and_external_context,2025-10-22 15:30:00+00:00,2025-10-22 20:00:00+00:00,2025-10-22T15:30:00Z,2025-10-22T20:00:00Z,6
2025,2025_large_downward_reversal_8724,large_downward_reversal,2025-07-01 17:30:00+00:00,2025-07-01 18:00:00+00:00,0.5,1,248.54,102.0,102.0,-38.72962039253956,4027.0,14527.0,1804.0,2025-07-01 17:30:00+00:00,evening_peak,jul_sep_surplus,248.54,102.0,-146.54,Price moved from 248.54 to 102.0 in one settlement period. Check whether scarcity conditions reversed or surplus conditions emerged.,sudden_price_movement_check_internal_and_external_context,2025-07-01 15:30:00+00:00,2025-07-01 20:00:00+00:00,2025-07-01T15:30:00Z,2025-07-01T20:00:00Z,6
2025,2025_large_downward_reversal_15568,large_downward_reversal,2025-11-21 07:30:00+00:00,2025-11-21 08:00:00+00:00,0.5,1,247.3104,105.64,105.64,-13.1375,4233.0,23466.0,2056.0,2025-11-21 07:30:00+00:00,morning_ramp,nov_dec_quiet,247.3104,105.64,-141.67039999999997,Price moved from 247.3104 to 105.64 in one settlement period. Check whether scarcity conditions reversed or surplus conditions emerged.,sudden_price_movement_check_internal_and_external_context,2025-11-21 05:30:00+00:00,2025-11-21 10:00:00+00:00,2025-11-21T05:30:00Z,2025-11-21T10:00:00Z,6
2025,2025_large_downward_reversal_989,large_downward_reversal,2025-01-21 14:00:00+00:00,2025-01-21 14:30:00+00:00,0.5,1,240.0,117.5,117.5,-4.355110555555555,2688.0,24340.0,3168.0,2025-01-21 14:00:00+00:00,afternoon,jan_spike_stress,240.0,117.5,-122.5,Price moved from 240.0 to 117.5 in one settlement period. Check whether scarcity conditions reversed or surplus conditions emerged.,sudden_price_movement_check_internal_and_external_context,2025-01-21 12:00:00+00:00,2025-01-21 16:30:00+00:00,2025-01-21T12:00:00Z,2025-01-21T16:30:00Z,6
2025,2025_large_downward_reversal_933,large_downward_reversal,2025-01-20 10:00:00+00:00,2025-01-20 10:30:00+00:00,0.5,1,224.83014529110483,87.85,87.85,-64.2527781517094,1711.0,27186.0,2458.0,2025-01-20 10:00:00+00:00,midday,jan_spike_stress,224.83014529110483,87.85,-136.98014529110483,Price moved from 224.83014529110483 to 87.85 in one settlement period. Check whether scarcity conditions reversed or surplus conditions emerged.,sudden_price_movement_check_internal_and_external_context,2025-01-20 08:00:00+00:00,2025-01-20 12:30:00+00:00,2025-01-20T08:00:00Z,2025-01-20T12:30:00Z,6
2025,2025_large_downward_reversal_994,large_downward_reversal,2025-01-21 16:30:00+00:00,2025-01-21 17:00:00+00:00,0.5,1,224.45984124848647,115.5,115.5,-45.75,2670.0,25123.0,3616.0,2025-01-21 16:30:00+00:00,evening_peak,jan_spike_stress,224.45984124848647,115.5,-108.95984124848647,Price moved from 224.45984124848647 to 115.5 in one settlement period. Check whether scarcity conditions reversed or surplus conditions emerged.,sudden_price_movement_check_internal_and_external_context,2025-01-21 14:30:00+00:00,2025-01-21 19:00:00+00:00,2025-01-21T14:30:00Z,2025-01-21T19:00:00Z,6
2025,2025_large_downward_reversal_3736,large_downward_reversal,2025-03-19 19:30:00+00:00,2025-03-19 20:00:00+00:00,0.5,1,200.0,93.33853153391968,93.33853153391968,-1.8066167857142856,465.0,22668.0,5692.0,2025-03-19 19:30:00+00:00,late_evening,feb_mar_broad_stress,200.0,93.33853153391968,-106.66146846608032,Price moved from 200.0 to 93.33853153391968 in one settlement period. Check whether scarcity conditions reversed or surplus conditions emerged.,sudden_price_movement_check_internal_and_external_context,2025-03-19 17:30:00+00:00,2025-03-19 22:00:00+00:00,2025-03-19T17:30:00Z,2025-03-19T22:00:00Z,6
2025,2025_large_downward_reversal_1744,large_downward_reversal,2025-02-06 07:30:00+00:00,2025-02-06 08:00:00+00:00,0.5,1,197.71,95.1,95.1,-45.12664796590909,5019.0,23521.0,1078.0,2025-02-06 07:30:00+00:00,morning_ramp,feb_mar_broad_stress,197.71,95.1,-102.61000000000001,Price moved from 197.71 to 95.1 in one settlement period. Check whether scarcity conditions reversed or surplus conditions emerged.,sudden_price_movement_check_internal_and_external_context,2025-02-06 05:30:00+00:00,2025-02-06 10:00:00+00:00,2025-02-06T05:30:00Z,2025-02-06T10:00:00Z,6
2025,2025_large_downward_reversal_474,large_downward_reversal,2025-01-10 20:30:00+00:00,2025-01-10 21:00:00+00:00,0.5,1,195.0,83.07,83.07,-43.68874183006536,2071.0,22107.0,5574.0,2025-01-10 20:30:00+00:00,late_evening,jan_spike_stress,195.0,83.07,-111.93,Price moved from 195.0 to 83.07 in one settlement period. Check whether scarcity conditions reversed or surplus conditions emerged.,sudden_price_movement_check_internal_and_external_context,2025-01-10 18:30:00+00:00,2025-01-10 23:00:00+00:00,2025-01-10T18:30:00Z,2025-01-10T23:00:00Z,6
2025,2025_large_downward_reversal_3726,large_downward_reversal,2025-03-19 14:30:00+00:00,2025-03-19 15:00:00+00:00,0.5,1,185.0,79.15,79.15,-214.48944118605408,1046.0,16319.0,6006.0,2025-03-19 14:30:00+00:00,afternoon,feb_mar_broad_stress,185.0,79.15,-105.85,Price moved from 185.0 to 79.15 in one settlement period. Check whether scarcity conditions reversed or surplus conditions emerged.,sudden_price_movement_check_internal_and_external_context,2025-03-19 12:30:00+00:00,2025-03-19 17:00:00+00:00,2025-03-19T12:30:00Z,2025-03-19T17:00:00Z,6
2025,2025_large_downward_reversal_3738,large_downward_reversal,2025-03-19 20:30:00+00:00,2025-03-19 21:00:00+00:00,0.5,1,185.0,81.32,81.32,-97.21829053774928,480.0,21469.0,4956.0,2025-03-19 20:30:00+00:00,late_evening,feb_mar_broad_stress,185.0,81.32,-103.68,Price moved from 185.0 to 81.32 in one settlement period. Check whether scarcity conditions reversed or surplus conditions emerged.,sudden_price_movement_check_internal_and_external_context,2025-03-19 18:30:00+00:00,2025-03-19 23:00:00+00:00,2025-03-19T18:30:00Z,2025-03-19T23:00:00Z,6
2025,2025_large_downward_reversal_13050,large_downward_reversal,2025-09-29 20:30:00+00:00,2025-09-29 21:00:00+00:00,0.5,1,169.0171334737646,65.55,65.55,-95.475,3916.0,13712.0,3340.0,2025-09-29 20:30:00+00:00,late_evening,jul_sep_surplus,169.0171334737646,65.55,-103.4671334737646,Price moved from 169.0171334737646 to 65.55 in one settlement period. Check whether scarcity conditions reversed or surplus conditions emerged.,sudden_price_movement_check_internal_and_external_context,2025-09-29 18:30:00+00:00,2025-09-29 23:00:00+00:00,2025-09-29T18:30:00Z,2025-09-29T23:00:00Z,6
2025,2025_large_downward_reversal_15401,large_downward_reversal,2025-11-17 20:00:00+00:00,2025-11-17 20:30:00+00:00,0.5,1,164.45,62.4,62.4,-149.5733271111111,6996.0,19557.0,2980.0,2025-11-17 20:00:00+00:00,late_evening,nov_dec_quiet,164.45,62.4,-102.04999999999998,Price moved from 164.45 to 62.4 in one settlement period. Check whether scarcity conditions reversed or surplus conditions emerged.,sudden_price_movement_check_internal_and_external_context,2025-11-17 18:00:00+00:00,2025-11-17 22:30:00+00:00,2025-11-17T18:00:00Z,2025-11-17T22:30:00Z,6
2025,2025_large_downward_reversal_2391,large_downward_reversal,2025-02-19 19:00:00+00:00,2025-02-19 19:30:00+00:00,0.5,1,150.0,-0.87,-0.87,-246.37255983536696,12389.0,15405.0,2910.0,2025-02-19 19:00:00+00:00,evening_peak,feb_mar_broad_stress,150.0,-0.87,-150.87,Price moved from 150.0 to -0.87 in one settlement period. Check whether scarcity conditions reversed or surplus conditions emerged.,sudden_price_movement_check_internal_and_external_context,2025-02-19 17:00:00+00:00,2025-02-19 21:30:00+00:00,2025-02-19T17:00:00Z,2025-02-19T21:30:00Z,6
2025,2025_large_downward_reversal_1374,large_downward_reversal,2025-01-29 14:30:00+00:00,2025-01-29 15:00:00+00:00,0.5,1,139.0,-1.57,-1.57,-68.15694444444445,9370.0,14486.0,5374.0,2025-01-29 14:30:00+00:00,afternoon,jan_spike_stress,139.0,-1.57,-140.57,Price moved from 139.0 to -1.57 in one settlement period. Check whether scarcity conditions reversed or surplus conditions emerged.,sudden_price_movement_check_internal_and_external_context,2025-01-29 12:30:00+00:00,2025-01-29 17:00:00+00:00,2025-01-29T12:30:00Z,2025-01-29T17:00:00Z,6
2025,2025_large_downward_reversal_2992,large_downward_reversal,2025-03-04 07:30:00+00:00,2025-03-04 08:00:00+00:00,0.5,1,124.5,-0.39,-0.39,-403.1382701933552,6610.0,13874.0,5054.0,2025-03-04 07:30:00+00:00,morning_ramp,feb_mar_broad_stress,124.5,-0.39,-124.89,Price moved from 124.5 to -0.39 in one settlement period. Check whether scarcity conditions reversed or surplus conditions emerged.,sudden_price_movement_check_internal_and_external_context,2025-03-04 05:30:00+00:00,2025-03-04 10:00:00+00:00,2025-03-04T05:30:00Z,2025-03-04T10:00:00Z,6
2025,2025_large_downward_reversal_2439,large_downward_reversal,2025-02-20 19:00:00+00:00,2025-02-20 19:30:00+00:00,0.5,1,123.7,21.54,21.54,-251.72979062207511,15364.0,5814.0,4770.0,2025-02-20 19:00:00+00:00,evening_peak,feb_mar_broad_stress,123.7,21.54,-102.16,Price moved from 123.7 to 21.54 in one settlement period. Check whether scarcity conditions reversed or surplus conditions emerged.,sudden_price_movement_check_internal_and_external_context,2025-02-20 17:00:00+00:00,2025-02-20 21:30:00+00:00,2025-02-20T17:00:00Z,2025-02-20T21:30:00Z,6
2025,2025_large_downward_reversal_1258,large_downward_reversal,2025-01-27 04:30:00+00:00,2025-01-27 05:00:00+00:00,0.5,1,121.85,19.19,19.19,-80.00757964285714,11626.0,2169.0,4202.0,2025-01-27 04:30:00+00:00,night,jan_spike_stress,121.85,19.19,-102.66,Price moved from 121.85 to 19.19 in one settlement period. Check whether scarcity conditions reversed or surplus conditions emerged.,sudden_price_movement_check_internal_and_external_context,2025-01-27 02:30:00+00:00,2025-01-27 07:00:00+00:00,2025-01-27T02:30:00Z,2025-01-27T07:00:00Z,6
2025,2025_large_downward_reversal_8380,large_downward_reversal,2025-06-24 13:30:00+00:00,2025-06-24 14:00:00+00:00,0.5,1,118.0,-16.24,-16.24,-234.77083472222225,12605.0,1839.0,2032.0,2025-06-24 13:30:00+00:00,afternoon,jun_mixed_tail,118.0,-16.24,-134.24,Price moved from 118.0 to -16.24 in one settlement period. Check whether scarcity conditions reversed or surplus conditions emerged.,sudden_price_movement_check_internal_and_external_context,2025-06-24 11:30:00+00:00,2025-06-24 16:00:00+00:00,2025-06-24T11:30:00Z,2025-06-24T16:00:00Z,6
2025,2025_large_downward_reversal_1212,large_downward_reversal,2025-01-26 05:30:00+00:00,2025-01-26 06:00:00+00:00,0.5,1,117.0,-1.91,-1.91,-418.0992305555556,11662.0,2822.0,4258.0,2025-01-26 05:30:00+00:00,morning_ramp,jan_spike_stress,117.0,-1.91,-118.91,Price moved from 117.0 to -1.91 in one settlement period. Check whether scarcity conditions reversed or surplus conditions emerged.,sudden_price_movement_check_internal_and_external_context,2025-01-26 03:30:00+00:00,2025-01-26 08:00:00+00:00,2025-01-26T03:30:00Z,2025-01-26T08:00:00Z,6
2025,2025_large_downward_reversal_5,large_downward_reversal,2025-01-01 02:00:00+00:00,2025-01-01 02:30:00+00:00,0.5,1,115.75,-3.95,-3.95,-165.96229509508052,15020.0,3260.0,-3870.0,2025-01-01 02:00:00+00:00,night,jan_spike_stress,115.75,-3.95,-119.7,Price moved from 115.75 to -3.95 in one settlement period. Check whether scarcity conditions reversed or surplus conditions emerged.,sudden_price_movement_check_internal_and_external_context,2025-01-01 00:00:00+00:00,2025-01-01 04:30:00+00:00,2025-01-01T00:00:00Z,2025-01-01T04:30:00Z,6
2025,2025_large_downward_reversal_2935,large_downward_reversal,2025-03-03 03:00:00+00:00,2025-03-03 03:30:00+00:00,0.5,1,111.9,0.0,0.0,-81.623651497114,7273.0,4643.0,4680.0,2025-03-03 03:00:00+00:00,night,feb_mar_broad_stress,111.9,0.0,-111.9,Price moved from 111.9 to 0.0 in one settlement period. Check whether scarcity conditions reversed or surplus conditions emerged.,sudden_price_movement_check_internal_and_external_context,2025-03-03 01:00:00+00:00,2025-03-03 05:30:00+00:00,2025-03-03T01:00:00Z,2025-03-03T05:30:00Z,6
2025,2025_large_downward_reversal_6955,large_downward_reversal,2025-05-25 21:00:00+00:00,2025-05-25 21:30:00+00:00,0.5,1,110.0,7.12,7.12,-221.9967563244048,13221.0,3662.0,-528.0,2025-05-25 21:00:00+00:00,late_evening,apr_may_surplus_shift,110.0,7.12,-102.88,Price moved from 110.0 to 7.12 in one settlement period. Check whether scarcity conditions reversed or surplus conditions emerged.,sudden_price_movement_check_internal_and_external_context,2025-05-25 19:00:00+00:00,2025-05-25 23:30:00+00:00,2025-05-25T19:00:00Z,2025-05-25T23:30:00Z,6
2025,2025_large_downward_reversal_4363,large_downward_reversal,2025-04-01 21:00:00+00:00,2025-04-01 21:30:00+00:00,0.5,1,109.95,4.8,4.8,-433.48307611111113,13787.0,3113.0,4958.0,2025-04-01 21:00:00+00:00,late_evening,apr_may_surplus_shift,109.95,4.8,-105.15,Price moved from 109.95 to 4.8 in one settlement period. Check whether scarcity conditions reversed or surplus conditions emerged.,sudden_price_movement_check_internal_and_external_context,2025-04-01 19:00:00+00:00,2025-04-01 23:30:00+00:00,2025-04-01T19:00:00Z,2025-04-01T23:30:00Z,6
2025,2025_large_downward_reversal_13384,large_downward_reversal,2025-10-06 19:30:00+00:00,2025-10-06 20:00:00+00:00,0.5,1,109.76,-7.77,-7.77,-238.39818004415335,9019.0,13916.0,618.0,2025-10-06 19:30:00+00:00,late_evening,oct_mixed_transition,109.76,-7.77,-117.53,Price moved from 109.76 to -7.77 in one settlement period. Check whether scarcity conditions reversed or surplus conditions emerged.,sudden_price_movement_check_internal_and_external_context,2025-10-06 17:30:00+00:00,2025-10-06 22:00:00+00:00,2025-10-06T17:30:00Z,2025-10-06T22:00:00Z,6
2025,2025_large_downward_reversal_8997,large_downward_reversal,2025-07-07 10:00:00+00:00,2025-07-07 10:30:00+00:00,0.5,1,108.9,-8.08,-8.08,-38.85,12231.0,2592.0,2356.0,2025-07-07 10:00:00+00:00,midday,jul_sep_surplus,108.9,-8.08,-116.98,Price moved from 108.9 to -8.08 in one settlement period. Check whether scarcity conditions reversed or surplus conditions emerged.,sudden_price_movement_check_internal_and_external_context,2025-07-07 08:00:00+00:00,2025-07-07 12:30:00+00:00,2025-07-07T08:00:00Z,2025-07-07T12:30:00Z,6
2025,2025_large_downward_reversal_14005,large_downward_reversal,2025-10-19 18:00:00+00:00,2025-10-19 18:30:00+00:00,0.5,1,105.33465525771597,-11.09,-11.09,-279.0629220323685,13959.0,4539.0,5412.0,2025-10-19 18:00:00+00:00,evening_peak,oct_mixed_transition,105.33465525771597,-11.09,-116.42465525771597,Price moved from 105.33465525771597 to -11.09 in one settlement period. Check whether scarcity conditions reversed or surplus conditions emerged.,sudden_price_movement_check_internal_and_external_context,2025-10-19 16:00:00+00:00,2025-10-19 20:30:00+00:00,2025-10-19T16:00:00Z,2025-10-19T20:30:00Z,6
2025,2025_large_downward_reversal_10602,large_downward_reversal,2025-08-09 20:30:00+00:00,2025-08-09 21:00:00+00:00,0.5,1,105.0,-11.5,-11.5,-276.6443119583697,7923.0,5717.0,5672.0,2025-08-09 20:30:00+00:00,late_evening,jul_sep_surplus,105.0,-11.5,-116.5,Price moved from 105.0 to -11.5 in one settlement period. Check whether scarcity conditions reversed or surplus conditions emerged.,sudden_price_movement_check_internal_and_external_context,2025-08-09 18:30:00+00:00,2025-08-09 23:00:00+00:00,2025-08-09T18:30:00Z,2025-08-09T23:00:00Z,6
2025,2025_large_downward_reversal_7895,large_downward_reversal,2025-06-14 11:00:00+00:00,2025-06-14 11:30:00+00:00,0.5,1,104.5,-18.989866666666668,-18.989866666666668,-233.19728712250716,7303.0,2439.0,2272.0,2025-06-14 11:00:00+00:00,midday,jun_mixed_tail,104.5,-18.989866666666668,-123.48986666666667,Price moved from 104.5 to -18.989866666666668 in one settlement period. Check whether scarcity conditions reversed or surplus conditions emerged.,sudden_price_movement_check_internal_and_external_context,2025-06-14 09:00:00+00:00,2025-06-14 13:30:00+00:00,2025-06-14T09:00:00Z,2025-06-14T13:30:00Z,6
2025,2025_large_downward_reversal_12128,large_downward_reversal,2025-09-10 15:30:00+00:00,2025-09-10 16:00:00+00:00,0.5,1,104.5,-11.4,-11.4,-228.4452255793651,14921.0,4543.0,3410.0,2025-09-10 15:30:00+00:00,evening_peak,jul_sep_surplus,104.5,-11.4,-115.9,Price moved from 104.5 to -11.4 in one settlement period. Check whether scarcity conditions reversed or surplus conditions emerged.,sudden_price_movement_check_internal_and_external_context,2025-09-10 13:30:00+00:00,2025-09-10 18:00:00+00:00,2025-09-10T13:30:00Z,2025-09-10T18:00:00Z,6
2025,2025_large_downward_reversal_8598,large_downward_reversal,2025-06-29 02:30:00+00:00,2025-06-29 03:00:00+00:00,0.5,1,103.9,-11.56,-11.56,-163.5607378148148,6037.0,3793.0,2298.0,2025-06-29 02:30:00+00:00,night,jun_mixed_tail,103.9,-11.56,-115.46000000000001,Price moved from 103.9 to -11.56 in one settlement period. Check whether scarcity conditions reversed or surplus conditions emerged.,sudden_price_movement_check_internal_and_external_context,2025-06-29 00:30:00+00:00,2025-06-29 05:00:00+00:00,2025-06-29T00:30:00Z,2025-06-29T05:00:00Z,6
2025,2025_large_downward_reversal_12351,large_downward_reversal,2025-09-15 07:00:00+00:00,2025-09-15 07:30:00+00:00,0.5,1,103.0,0.0,0.0,-77.10654041666666,14780.0,2444.0,3524.0,2025-09-15 07:00:00+00:00,morning_ramp,jul_sep_surplus,103.0,0.0,-103.0,Price moved from 103.0 to 0.0 in one settlement period. Check whether scarcity conditions reversed or surplus conditions emerged.,sudden_price_movement_check_internal_and_external_context,2025-09-15 05:00:00+00:00,2025-09-15 09:30:00+00:00,2025-09-15T05:00:00Z,2025-09-15T09:30:00Z,6
2025,2025_large_downward_reversal_8582,large_downward_reversal,2025-06-28 18:30:00+00:00,2025-06-28 19:00:00+00:00,0.5,1,101.11,-16.24,-16.24,-454.00666664228703,9395.0,7029.0,722.0,2025-06-28 18:30:00+00:00,evening_peak,jun_mixed_tail,101.11,-16.24,-117.35,Price moved from 101.11 to -16.24 in one settlement period. Check whether scarcity conditions reversed or surplus conditions emerged.,sudden_price_movement_check_internal_and_external_context,2025-06-28 16:30:00+00:00,2025-06-28 21:00:00+00:00,2025-06-28T16:30:00Z,2025-06-28T21:00:00Z,6
2025,2025_large_downward_reversal_6959,large_downward_reversal,2025-05-25 23:00:00+00:00,2025-05-25 23:30:00+00:00,0.5,1,100.0,-3.2193707395891167,-3.2193707395891167,-397.61895875,29294.0,6900.0,-7392.0,2025-05-25 23:00:00+00:00,late_evening,apr_may_surplus_shift,100.0,-3.2193707395891167,-103.21937073958912,Price moved from 100.0 to -3.2193707395891167 in one settlement period. Check whether scarcity conditions reversed or surplus conditions emerged.,sudden_price_movement_check_internal_and_external_context,2025-05-25 21:00:00+00:00,2025-05-26 01:30:00+00:00,2025-05-25T21:00:00Z,2025-05-26T01:30:00Z,6
2025,2025_large_downward_reversal_7992,large_downward_reversal,2025-06-16 11:30:00+00:00,2025-06-16 12:00:00+00:00,0.5,1,99.6,-5.43,-5.43,-131.2185600793651,4859.0,2895.0,5744.0,2025-06-16 11:30:00+00:00,midday,jun_mixed_tail,99.6,-5.43,-105.03,Price moved from 99.6 to -5.43 in one settlement period. Check whether scarcity conditions reversed or surplus conditions emerged.,sudden_price_movement_check_internal_and_external_context,2025-06-16 09:30:00+00:00,2025-06-16 14:00:00+00:00,2025-06-16T09:30:00Z,2025-06-16T14:00:00Z,6
2025,2025_large_downward_reversal_14250,large_downward_reversal,2025-10-24 20:30:00+00:00,2025-10-24 21:00:00+00:00,0.5,1,98.0,-11.09,-11.09,-60.03591318970807,16620.0,3509.0,1144.0,2025-10-24 20:30:00+00:00,late_evening,oct_mixed_transition,98.0,-11.09,-109.09,Price moved from 98.0 to -11.09 in one settlement period. Check whether scarcity conditions reversed or surplus conditions emerged.,sudden_price_movement_check_internal_and_external_context,2025-10-24 18:30:00+00:00,2025-10-24 23:00:00+00:00,2025-10-24T18:30:00Z,2025-10-24T23:00:00Z,6
2025,2025_large_downward_reversal_13366,large_downward_reversal,2025-10-06 10:30:00+00:00,2025-10-06 11:00:00+00:00,0.5,1,97.9,-11.213790311565626,-11.213790311565626,-337.9839924621212,9091.0,6368.0,3522.0,2025-10-06 10:30:00+00:00,midday,oct_mixed_transition,97.9,-11.213790311565626,-109.11379031156564,Price moved from 97.9 to -11.213790311565626 in one settlement period. Check whether scarcity conditions reversed or surplus conditions emerged.,sudden_price_movement_check_internal_and_external_context,2025-10-06 08:30:00+00:00,2025-10-06 13:00:00+00:00,2025-10-06T08:30:00Z,2025-10-06T13:00:00Z,6
2025,2025_large_downward_reversal_8315,large_downward_reversal,2025-06-23 05:00:00+00:00,2025-06-23 05:30:00+00:00,0.5,1,97.0,-5.932753643297645,-5.932753643297645,-266.56480382478634,14139.0,4352.0,-3786.0,2025-06-23 05:00:00+00:00,night,jun_mixed_tail,97.0,-5.932753643297645,-102.93275364329764,Price moved from 97.0 to -5.932753643297645 in one settlement period. Check whether scarcity conditions reversed or surplus conditions emerged.,sudden_price_movement_check_internal_and_external_context,2025-06-23 03:00:00+00:00,2025-06-23 07:30:00+00:00,2025-06-23T03:00:00Z,2025-06-23T07:30:00Z,6
2025,2025_large_downward_reversal_7257,large_downward_reversal,2025-06-01 04:00:00+00:00,2025-06-01 04:30:00+00:00,0.5,1,94.0,-11.7,-11.7,-169.97116959064329,9067.0,2858.0,-656.0,2025-06-01 04:00:00+00:00,night,jun_mixed_tail,94.0,-11.7,-105.7,Price moved from 94.0 to -11.7 in one settlement period. Check whether scarcity conditions reversed or surplus conditions emerged.,sudden_price_movement_check_internal_and_external_context,2025-06-01 02:00:00+00:00,2025-06-01 06:30:00+00:00,2025-06-01T02:00:00Z,2025-06-01T06:30:00Z,6
2025,2025_large_downward_reversal_8916,large_downward_reversal,2025-07-05 17:30:00+00:00,2025-07-05 18:00:00+00:00,0.5,1,90.78,-16.2,-16.2,-599.059191474359,10730.0,3631.0,3034.0,2025-07-05 17:30:00+00:00,evening_peak,jul_sep_surplus,90.78,-16.2,-106.98,Price moved from 90.78 to -16.2 in one settlement period. Check whether scarcity conditions reversed or surplus conditions emerged.,sudden_price_movement_check_internal_and_external_context,2025-07-05 15:30:00+00:00,2025-07-05 20:00:00+00:00,2025-07-05T15:30:00Z,2025-07-05T20:00:00Z,6
2025,2025_large_downward_reversal_6220,large_downward_reversal,2025-05-10 13:30:00+00:00,2025-05-10 14:00:00+00:00,0.5,1,90.0,-11.3,-11.3,-79.57888888888888,5281.0,2305.0,3172.0,2025-05-10 13:30:00+00:00,afternoon,apr_may_surplus_shift,90.0,-11.3,-101.3,Price moved from 90.0 to -11.3 in one settlement period. Check whether scarcity conditions reversed or surplus conditions emerged.,sudden_price_movement_check_internal_and_external_context,2025-05-10 11:30:00+00:00,2025-05-10 16:00:00+00:00,2025-05-10T11:30:00Z,2025-05-10T16:00:00Z,6
2025,2025_large_downward_reversal_10345,large_downward_reversal,2025-08-04 12:00:00+00:00,2025-08-04 12:30:00+00:00,0.5,1,89.0,-17.29,-17.29,-115.63636186813189,15229.0,3765.0,1898.0,2025-08-04 12:00:00+00:00,midday,jul_sep_surplus,89.0,-17.29,-106.28999999999999,Price moved from 89.0 to -17.29 in one settlement period. Check whether scarcity conditions reversed or surplus conditions emerged.,sudden_price_movement_check_internal_and_external_context,2025-08-04 10:00:00+00:00,2025-08-04 14:30:00+00:00,2025-08-04T10:00:00Z,2025-08-04T14:30:00Z,6
2025,2025_large_downward_reversal_12183,large_downward_reversal,2025-09-11 19:00:00+00:00,2025-09-11 19:30:00+00:00,0.5,1,86.89,-13.98,-13.98,-319.67150187777776,13343.0,4931.0,3354.0,2025-09-11 19:00:00+00:00,evening_peak,jul_sep_surplus,86.89,-13.98,-100.87,Price moved from 86.89 to -13.98 in one settlement period. Check whether scarcity conditions reversed or surplus conditions emerged.,sudden_price_movement_check_internal_and_external_context,2025-09-11 17:00:00+00:00,2025-09-11 21:30:00+00:00,2025-09-11T17:00:00Z,2025-09-11T21:30:00Z,6
